image;idx_1;idx_2;bbox_1;bbox_2;contourArea_1;contourArea_2;IoU;conf1;conf2;IoU_bb
GRLLN6_0_0_0_512_512;1;-1;[288, 200, 299, 215];;100.5;0.0;0.0;1.0;0.0;0.0
GRLLN6_0_0_0_512_512;-1;0;;[382, 482, 421, 511];0.0;720.0;0.0;;0.0097808837890625;0.0
GRLLN6_0_205_0_717_512;2;-1;[83, 200, 94, 215];;100.5;0.0;0.0;1.0;0.0;0.0
GRLLN6_0_205_0_717_512;-1;289;;[176, 480, 215, 511];0.0;761.0;0.0;;0.006565093994140625;0.0
GRLLN6_0_0_205_512_717;3;-1;[289, 0, 299, 10];;71.0;0.0;0.0;1.0;0.0;0.0
GRLLN6_0_0_205_512_717;-1;8;;[382, 276, 421, 309];0.0;777.0;0.0;;0.08599853515625;0.0
GRLLN6_0_205_205_717_717;4;-1;[84, 0, 94, 10];;71.0;0.0;0.0;1.0;0.0;0.0
GRLLN6_0_205_205_717_717;-1;299;;[176, 276, 215, 309];0.0;779.0;0.0;;0.024139404296875;0.0
GRLLN6_0_205_205_717_717;-1;300;;[372, 344, 443, 441];0.0;4091.0;0.0;;0.0179901123046875;0.0
GRLLN6_0_410_205_922_717;5;628;[450, 365, 475, 407];[452, 366, 477, 405];453.5;601.0;0.6748911738395691;1.0;0.01322174072265625;0.7952127659574468
GRLLN6_0_410_205_922_717;-1;626;;[344, 180, 369, 223];0.0;875.0;0.0;;0.1865234375;0.0
GRLLN6_0_410_205_922_717;-1;627;;[170, 344, 239, 441];0.0;4040.0;0.0;;0.01384735107421875;0.0
GRLLN6_0_615_205_1127_717;6;670;[245, 365, 270, 407];[248, 366, 273, 405];453.5;591.0;0.6802919507026672;1.0;0.0230712890625;0.7352185089974294
GRLLN6_0_615_205_1127_717;-1;669;;[138, 180, 165, 225];0.0;937.0;0.0;;0.33447265625;0.0
GRLLN6_0_820_205_1332_717;7;715;[40, 365, 65, 407];[44, 366, 67, 405];453.5;550.0;0.6900763511657715;1.0;0.0106964111328125;0.726063829787234
GRLLN6_0_2665_205_3177_717;8;-1;[423, 349, 446, 366];;149.0;0.0;0.0;1.0;0.0;0.0
GRLLN6_0_2870_205_3382_717;9;-1;[218, 349, 241, 366];;149.0;0.0;0.0;1.0;0.0;0.0
GRLLN6_0_2870_205_3382_717;10;-1;[297, 500, 323, 512];;222.0;0.0;0.0;1.0;0.0;0.0
GRLLN6_0_3075_205_3587_717;11;-1;[13, 349, 36, 366];;149.0;0.0;0.0;1.0;0.0;0.0
GRLLN6_0_3075_205_3587_717;12;-1;[308, 321, 318, 344];;168.5;0.0;0.0;1.0;0.0;0.0
GRLLN6_0_3075_205_3587_717;13;-1;[335, 324, 352, 342];;148.0;0.0;0.0;1.0;0.0;0.0
GRLLN6_0_3075_205_3587_717;14;-1;[92, 500, 118, 512];;222.0;0.0;0.0;1.0;0.0;0.0
GRLLN6_0_3280_205_3792_717;15;-1;[103, 321, 113, 344];;168.5;0.0;0.0;1.0;0.0;0.0
GRLLN6_0_3280_205_3792_717;16;-1;[130, 324, 147, 342];;148.0;0.0;0.0;1.0;0.0;0.0
GRLLN6_0_410_410_922_922;17;637;[450, 160, 475, 202];[452, 160, 477, 199];453.5;622.0;0.6747159361839294;1.0;0.006122589111328125;0.7952127659574468
GRLLN6_0_410_410_922_922;-1;636;;[168, 138, 239, 237];0.0;4103.0;0.0;;0.01094818115234375;0.0
GRLLN6_0_615_410_1127_922;18;684;[245, 160, 270, 202];[248, 160, 273, 201];453.5;603.0;0.6835994124412537;1.0;0.0163421630859375;0.7689684569479965
GRLLN6_0_820_410_1332_922;19;733;[40, 160, 65, 202];[42, 160, 67, 199];453.5;612.0;0.695652186870575;1.0;0.0099334716796875;0.7952127659574468
GRLLN6_0_820_410_1332_922;20;-1;[421, 476, 447, 508];;459.0;0.0;0.0;1.0;0.0;0.0
GRLLN6_0_820_410_1332_922;-1;732;;[334, 390, 377, 423];0.0;902.0;0.0;;0.0106964111328125;0.0
GRLLN6_0_1025_410_1537_922;21;-1;[422, 428, 433, 454];;167.5;0.0;0.0;1.0;0.0;0.0
GRLLN6_0_1025_410_1537_922;22;-1;[216, 476, 242, 508];;459.0;0.0;0.0;1.0;0.0;0.0
GRLLN6_0_1025_410_1537_922;-1;48;;[128, 390, 173, 423];0.0;909.0;0.0;;0.0099334716796875;0.0
GRLLN6_0_1230_410_1742_922;23;-1;[217, 428, 228, 454];;167.5;0.0;0.0;1.0;0.0;0.0
GRLLN6_0_1230_410_1742_922;24;-1;[11, 476, 37, 508];;459.0;0.0;0.0;1.0;0.0;0.0
GRLLN6_0_1435_410_1947_922;25;-1;[12, 428, 23, 454];;167.5;0.0;0.0;1.0;0.0;0.0
GRLLN6_0_2050_410_2562_922;26;-1;[376, 427, 386, 443];;118.5;0.0;0.0;1.0;0.0;0.0
GRLLN6_0_2255_410_2767_922;27;-1;[171, 427, 181, 443];;118.5;0.0;0.0;1.0;0.0;0.0
GRLLN6_0_2255_410_2767_922;-1;351;;[172, 140, 189, 173];0.0;440.0;0.0;;0.0069580078125;0.0
GRLLN6_0_2665_410_3177_922;28;-1;[423, 144, 446, 161];;149.0;0.0;0.0;1.0;0.0;0.0
GRLLN6_0_2665_410_3177_922;29;-1;[491, 299, 512, 321];;220.0;0.0;0.0;1.0;0.0;0.0
GRLLN6_0_2870_410_3382_922;30;-1;[218, 144, 241, 161];;149.0;0.0;0.0;1.0;0.0;0.0
GRLLN6_0_2870_410_3382_922;31;-1;[286, 295, 325, 321];;451.0;0.0;0.0;1.0;0.0;0.0
GRLLN6_0_2870_410_3382_922;-1;462;;[464, 430, 489, 471];0.0;667.0;0.0;;0.08038330078125;0.0
GRLLN6_0_3075_410_3587_922;32;-1;[13, 144, 36, 161];;149.0;0.0;0.0;1.0;0.0;0.0
GRLLN6_0_3075_410_3587_922;33;-1;[308, 116, 318, 139];;168.5;0.0;0.0;1.0;0.0;0.0
GRLLN6_0_3075_410_3587_922;34;-1;[335, 119, 352, 137];;148.0;0.0;0.0;1.0;0.0;0.0
GRLLN6_0_3075_410_3587_922;35;-1;[314, 397, 335, 414];;162.5;0.0;0.0;1.0;0.0;0.0
GRLLN6_0_3075_410_3587_922;36;-1;[81, 295, 120, 321];;451.0;0.0;0.0;1.0;0.0;0.0
GRLLN6_0_3075_410_3587_922;-1;515;;[258, 430, 283, 471];0.0;659.0;0.0;;0.042388916015625;0.0
GRLLN6_0_3280_410_3792_922;37;-1;[103, 116, 113, 139];;168.5;0.0;0.0;1.0;0.0;0.0
GRLLN6_0_3280_410_3792_922;38;-1;[130, 119, 147, 137];;148.0;0.0;0.0;1.0;0.0;0.0
GRLLN6_0_3280_410_3792_922;39;-1;[109, 397, 130, 414];;162.5;0.0;0.0;1.0;0.0;0.0
GRLLN6_0_3280_410_3792_922;-1;563;;[54, 432, 77, 471];0.0;600.0;0.0;;0.0618896484375;0.0
GRLLN6_0_820_615_1332_1127;40;-1;[421, 271, 447, 303];;459.0;0.0;0.0;1.0;0.0;0.0
GRLLN6_0_820_615_1332_1127;-1;734;;[332, 184, 377, 219];0.0;961.0;0.0;;0.01073455810546875;0.0
GRLLN6_0_1025_615_1537_1127;41;-1;[422, 223, 433, 249];;167.5;0.0;0.0;1.0;0.0;0.0
GRLLN6_0_1025_615_1537_1127;42;-1;[216, 271, 242, 303];;459.0;0.0;0.0;1.0;0.0;0.0
GRLLN6_0_1230_615_1742_1127;43;-1;[217, 223, 228, 249];;167.5;0.0;0.0;1.0;0.0;0.0
GRLLN6_0_1230_615_1742_1127;44;-1;[11, 271, 37, 303];;459.0;0.0;0.0;1.0;0.0;0.0
GRLLN6_0_1230_615_1742_1127;-1;88;;[396, 114, 471, 147];0.0;1401.0;0.0;;0.00997161865234375;0.0
GRLLN6_0_1435_615_1947_1127;45;-1;[12, 223, 23, 249];;167.5;0.0;0.0;1.0;0.0;0.0
GRLLN6_0_1435_615_1947_1127;-1;131;;[192, 114, 265, 147];0.0;1422.0;0.0;;0.0119171142578125;0.0
GRLLN6_0_1435_615_1947_1127;-1;132;;[368, 386, 387, 429];0.0;588.0;0.0;;0.006565093994140625;0.0
GRLLN6_0_1640_615_2152_1127;46;181;[472, 494, 512, 512];[474, 494, 511, 511];405.0;478.0;0.7050610780715942;1.0;0.00806427001953125;0.8736111111111111
GRLLN6_0_1640_615_2152_1127;-1;182;;[164, 386, 183, 429];0.0;581.0;0.0;;0.0074615478515625;0.0
GRLLN6_0_1845_615_2357_1127;47;234;[267, 494, 309, 512];[268, 494, 309, 511];412.0;535.0;0.6903225779533386;1.0;0.0293121337890625;0.921957671957672
GRLLN6_0_2050_615_2562_1127;48;-1;[376, 222, 386, 238];;118.5;0.0;0.0;1.0;0.0;0.0
GRLLN6_0_2050_615_2562_1127;49;287;[62, 494, 104, 512];[64, 494, 105, 511];412.0;528.0;0.7060755491256714;1.0;0.0206451416015625;0.8796895213454075
GRLLN6_0_2255_615_2767_1127;50;-1;[171, 222, 181, 238];;118.5;0.0;0.0;1.0;0.0;0.0
GRLLN6_0_2255_615_2767_1127;51;-1;[446, 436, 488, 460];;537.0;0.0;0.0;1.0;0.0;0.0
GRLLN6_0_2460_615_2972_1127;52;-1;[241, 436, 283, 460];;537.0;0.0;0.0;1.0;0.0;0.0
GRLLN6_0_2460_615_2972_1127;53;-1;[487, 499, 512, 512];;91.5;0.0;0.0;1.0;0.0;0.0
GRLLN6_0_2665_615_3177_1127;54;-1;[402, 323, 412, 344];;167.5;0.0;0.0;1.0;0.0;0.0
GRLLN6_0_2665_615_3177_1127;55;-1;[491, 94, 512, 116];;220.0;0.0;0.0;1.0;0.0;0.0
GRLLN6_0_2665_615_3177_1127;56;-1;[36, 436, 78, 460];;537.0;0.0;0.0;1.0;0.0;0.0
GRLLN6_0_2665_615_3177_1127;57;-1;[282, 499, 308, 512];;91.5;0.0;0.0;1.0;0.0;0.0
GRLLN6_0_2665_615_3177_1127;-1;421;;[400, 448, 433, 479];0.0;618.0;0.0;;0.01467132568359375;0.0
GRLLN6_0_2870_615_3382_1127;58;-1;[197, 323, 207, 344];;167.5;0.0;0.0;1.0;0.0;0.0
GRLLN6_0_2870_615_3382_1127;59;-1;[492, 408, 512, 427];;187.0;0.0;0.0;1.0;0.0;0.0
GRLLN6_0_2870_615_3382_1127;60;-1;[286, 90, 325, 116];;451.0;0.0;0.0;1.0;0.0;0.0
GRLLN6_0_2870_615_3382_1127;61;-1;[77, 499, 103, 512];;91.5;0.0;0.0;1.0;0.0;0.0
GRLLN6_0_2870_615_3382_1127;-1;463;;[464, 226, 487, 265];0.0;627.0;0.0;;0.0390625;0.0
GRLLN6_0_2870_615_3382_1127;-1;464;;[194, 448, 229, 479];0.0;638.0;0.0;;0.0144500732421875;0.0
GRLLN6_0_3075_615_3587_1127;62;-1;[314, 192, 335, 209];;162.5;0.0;0.0;1.0;0.0;0.0
GRLLN6_0_3075_615_3587_1127;63;-1;[0, 327, 2, 344];;25.5;0.0;0.0;1.0;0.0;0.0
GRLLN6_0_3075_615_3587_1127;64;-1;[287, 408, 315, 427];;248.0;0.0;0.0;1.0;0.0;0.0
GRLLN6_0_3075_615_3587_1127;65;-1;[81, 90, 120, 116];;451.0;0.0;0.0;1.0;0.0;0.0
GRLLN6_0_3075_615_3587_1127;-1;516;;[258, 226, 283, 265];0.0;641.0;0.0;;0.049957275390625;0.0
GRLLN6_0_3280_615_3792_1127;66;-1;[109, 192, 130, 209];;162.5;0.0;0.0;1.0;0.0;0.0
GRLLN6_0_3280_615_3792_1127;67;-1;[82, 408, 110, 427];;248.0;0.0;0.0;1.0;0.0;0.0
GRLLN6_0_3280_615_3792_1127;-1;564;;[54, 226, 77, 265];0.0;625.0;0.0;;0.046905517578125;0.0
GRLLN6_0_205_820_717_1332;68;-1;[488, 324, 512, 361];;436.5;0.0;0.0;1.0;0.0;0.0
GRLLN6_0_410_820_922_1332;69;-1;[283, 324, 311, 361];;446.5;0.0;0.0;1.0;0.0;0.0
GRLLN6_0_615_820_1127_1332;70;-1;[78, 324, 106, 361];;446.5;0.0;0.0;1.0;0.0;0.0
GRLLN6_0_820_820_1332_1332;71;-1;[421, 66, 447, 98];;459.0;0.0;0.0;1.0;0.0;0.0
GRLLN6_0_820_820_1332_1332;72;-1;[471, 499, 487, 512];;141.5;0.0;0.0;1.0;0.0;0.0
GRLLN6_0_1025_820_1537_1332;73;-1;[422, 18, 433, 44];;167.5;0.0;0.0;1.0;0.0;0.0
GRLLN6_0_1025_820_1537_1332;74;-1;[216, 66, 242, 98];;459.0;0.0;0.0;1.0;0.0;0.0
GRLLN6_0_1025_820_1537_1332;75;-1;[266, 499, 282, 512];;141.5;0.0;0.0;1.0;0.0;0.0
GRLLN6_0_1230_820_1742_1332;76;-1;[217, 18, 228, 44];;167.5;0.0;0.0;1.0;0.0;0.0
GRLLN6_0_1230_820_1742_1332;77;-1;[11, 66, 37, 98];;459.0;0.0;0.0;1.0;0.0;0.0
GRLLN6_0_1230_820_1742_1332;78;-1;[61, 499, 77, 512];;141.5;0.0;0.0;1.0;0.0;0.0
GRLLN6_0_1435_820_1947_1332;79;-1;[12, 18, 23, 44];;167.5;0.0;0.0;1.0;0.0;0.0
GRLLN6_0_1435_820_1947_1332;80;133;[301, 363, 355, 383];[300, 360, 359, 387];715.5;1084.0;0.6759098768234253;1.0;0.80419921875;0.6779661016949152
GRLLN6_0_1640_820_2152_1332;81;184;[96, 363, 150, 383];[94, 360, 153, 387];715.5;1053.0;0.6964285969734192;1.0;0.78125;0.6779661016949152
GRLLN6_0_1640_820_2152_1332;82;183;[308, 312, 357, 363];[308, 312, 357, 363];1394.0;1552.0;0.8674197196960449;1.0;0.84375;1.0
GRLLN6_0_1640_820_2152_1332;83;185;[461, 289, 512, 371];[464, 290, 511, 367];1341.0;1295.0;0.7553386092185974;1.0;0.132568359375;0.8653754184600669
GRLLN6_0_1845_820_2357_1332;84;235;[103, 312, 152, 363];[104, 312, 151, 363];1394.0;1565.0;0.856637179851532;1.0;0.83349609375;0.9591836734693877
GRLLN6_0_1845_820_2357_1332;85;236;[256, 289, 323, 371];[260, 290, 321, 369];1540.5;1649.0;0.7617602348327637;1.0;0.80810546875;0.8771386967601019
GRLLN6_0_2050_820_2562_1332;86;-1;[376, 17, 386, 33];;118.5;0.0;0.0;1.0;0.0;0.0
GRLLN6_0_2050_820_2562_1332;87;288;[51, 289, 118, 371];[54, 290, 117, 369];1540.5;1567.0;0.7906118035316467;1.0;0.69091796875;0.9058973425555151
GRLLN6_0_2255_820_2767_1332;88;-1;[393, 498, 404, 512];;95.5;0.0;0.0;1.0;0.0;0.0
GRLLN6_0_2255_820_2767_1332;89;-1;[171, 17, 181, 33];;118.5;0.0;0.0;1.0;0.0;0.0
GRLLN6_0_2255_820_2767_1332;90;-1;[446, 231, 488, 255];;537.0;0.0;0.0;1.0;0.0;0.0
GRLLN6_0_2460_820_2972_1332;91;-1;[314, 360, 325, 368];;64.5;0.0;0.0;1.0;0.0;0.0
GRLLN6_0_2460_820_2972_1332;92;-1;[466, 362, 474, 378];;91.0;0.0;0.0;1.0;0.0;0.0
GRLLN6_0_2460_820_2972_1332;93;-1;[188, 498, 199, 512];;95.5;0.0;0.0;1.0;0.0;0.0
GRLLN6_0_2460_820_2972_1332;94;-1;[241, 231, 283, 255];;537.0;0.0;0.0;1.0;0.0;0.0
GRLLN6_0_2460_820_2972_1332;95;-1;[487, 294, 512, 318];;137.0;0.0;0.0;1.0;0.0;0.0
GRLLN6_0_2665_820_3177_1332;96;-1;[109, 360, 120, 368];;64.5;0.0;0.0;1.0;0.0;0.0
GRLLN6_0_2665_820_3177_1332;97;-1;[261, 362, 269, 378];;91.0;0.0;0.0;1.0;0.0;0.0
GRLLN6_0_2665_820_3177_1332;98;-1;[349, 432, 358, 448];;92.5;0.0;0.0;1.0;0.0;0.0
GRLLN6_0_2665_820_3177_1332;99;-1;[462, 427, 471, 446];;111.0;0.0;0.0;1.0;0.0;0.0
GRLLN6_0_2665_820_3177_1332;100;-1;[402, 118, 412, 139];;167.5;0.0;0.0;1.0;0.0;0.0
GRLLN6_0_2665_820_3177_1332;101;-1;[36, 231, 78, 255];;537.0;0.0;0.0;1.0;0.0;0.0
GRLLN6_0_2665_820_3177_1332;102;422;[282, 294, 319, 320];[284, 296, 321, 321];246.5;538.0;0.4449838101863861;1.0;0.155029296875;0.8022922636103151
GRLLN6_0_2870_820_3382_1332;103;-1;[56, 362, 64, 378];;91.0;0.0;0.0;1.0;0.0;0.0
GRLLN6_0_2870_820_3382_1332;104;-1;[144, 432, 153, 448];;92.5;0.0;0.0;1.0;0.0;0.0
GRLLN6_0_2870_820_3382_1332;105;-1;[257, 427, 266, 446];;111.0;0.0;0.0;1.0;0.0;0.0
GRLLN6_0_2870_820_3382_1332;106;-1;[197, 118, 207, 139];;167.5;0.0;0.0;1.0;0.0;0.0
GRLLN6_0_2870_820_3382_1332;107;-1;[492, 203, 512, 222];;187.0;0.0;0.0;1.0;0.0;0.0
GRLLN6_0_2870_820_3382_1332;108;465;[77, 294, 114, 320];[78, 296, 115, 321];246.5;492.0;0.4885764420032501;1.0;0.2666015625;0.844574780058651
GRLLN6_0_2870_820_3382_1332;-1;466;;[464, 20, 489, 61];0.0;632.0;0.0;;0.04486083984375;0.0
GRLLN6_0_2870_820_3382_1332;-1;467;;[196, 244, 229, 275];0.0;567.0;0.0;;0.01267242431640625;0.0
GRLLN6_0_3075_820_3587_1332;109;-1;[52, 427, 61, 446];;111.0;0.0;0.0;1.0;0.0;0.0
GRLLN6_0_3075_820_3587_1332;110;-1;[318, 0, 333, 4];;40.0;0.0;0.0;1.0;0.0;0.0
GRLLN6_0_3075_820_3587_1332;111;-1;[0, 122, 2, 139];;25.5;0.0;0.0;1.0;0.0;0.0
GRLLN6_0_3075_820_3587_1332;112;-1;[287, 203, 315, 222];;248.0;0.0;0.0;1.0;0.0;0.0
GRLLN6_0_3075_820_3587_1332;-1;517;;[258, 20, 283, 61];0.0;657.0;0.0;;0.11199951171875;0.0
GRLLN6_0_3280_820_3792_1332;113;-1;[113, 0, 128, 4];;40.0;0.0;0.0;1.0;0.0;0.0
GRLLN6_0_3280_820_3792_1332;114;-1;[82, 203, 110, 222];;248.0;0.0;0.0;1.0;0.0;0.0
GRLLN6_0_3280_820_3792_1332;-1;565;;[54, 22, 77, 61];0.0;604.0;0.0;;0.078369140625;0.0
GRLLN6_0_205_1025_717_1537;115;-1;[488, 119, 512, 156];;436.5;0.0;0.0;1.0;0.0;0.0
GRLLN6_0_410_1025_922_1537;116;-1;[487, 393, 512, 414];;219.5;0.0;0.0;1.0;0.0;0.0
GRLLN6_0_410_1025_922_1537;117;606;[283, 119, 311, 156];[284, 118, 311, 157];446.5;638.0;0.6970127820968628;1.0;0.0055999755859375;0.9165137614678899
GRLLN6_0_615_1025_1127_1537;118;640;[473, 417, 507, 444];[470, 414, 509, 445];511.0;844.0;0.624580979347229;1.0;0.7880859375;0.7593052109181141
GRLLN6_0_615_1025_1127_1537;119;641;[282, 389, 342, 414];[282, 390, 343, 415];658.0;1022.0;0.644784152507782;1.0;0.095703125;0.9085173501577287
GRLLN6_0_615_1025_1127_1537;120;-1;[78, 119, 106, 156];;446.5;0.0;0.0;1.0;0.0;0.0
GRLLN6_0_820_1025_1332_1537;121;685;[268, 417, 302, 444];[266, 414, 305, 445];511.0;826.0;0.6366742849349976;1.0;0.7744140625;0.7593052109181141
GRLLN6_0_820_1025_1332_1537;122;687;[77, 389, 137, 414];[78, 390, 139, 415];658.0;1053.0;0.6279475688934326;1.0;0.216064453125;0.8800497203231821
GRLLN6_0_820_1025_1332_1537;123;686;[464, 294, 497, 330];[464, 292, 501, 333];634.5;991.0;0.6508987545967102;1.0;0.67236328125;0.7831245880026367
GRLLN6_0_1025_1025_1537_1537;124;14;[63, 417, 97, 444];[60, 416, 101, 445];511.0;780.0;0.6743063926696777;1.0;0.80078125;0.7720773759461732
GRLLN6_0_1025_1025_1537_1537;125;12;[383, 344, 461, 439];[380, 346, 461, 439];3722.0;4048.0;0.888420045375824;1.0;0.89404296875;0.9434256730394069
GRLLN6_0_1025_1025_1537_1537;126;13;[259, 294, 292, 330];[260, 292, 295, 333];634.5;1004.0;0.6335806846618652;1.0;0.830078125;0.7831407205982325
GRLLN6_0_1230_1025_1742_1537;127;-1;[363, 486, 384, 503];;102.0;0.0;0.0;1.0;0.0;0.0
GRLLN6_0_1230_1025_1742_1537;128;51;[178, 344, 256, 439];[176, 344, 255, 439];3722.0;4025.0;0.8865181803703308;1.0;0.84912109375;0.9625
GRLLN6_0_1230_1025_1742_1537;129;52;[54, 294, 87, 330];[54, 292, 91, 333];634.5;1060.0;0.6170970797538757;1.0;0.79443359375;0.7831245880026367
GRLLN6_0_1435_1025_1947_1537;130;-1;[158, 486, 179, 503];;102.0;0.0;0.0;1.0;0.0;0.0
GRLLN6_0_1435_1025_1947_1537;131;90;[338, 376, 377, 413];[338, 376, 377, 411];534.0;898.0;0.6178608536720276;1.0;0.822265625;0.9459459459459459
GRLLN6_0_1435_1025_1947_1537;132;-1;[0, 364, 51, 413];;1393.0;0.0;0.0;1.0;0.0;0.0
GRLLN6_0_1435_1025_1947_1537;133;91;[301, 158, 355, 178];[300, 154, 359, 181];715.5;1068.0;0.6884377598762512;1.0;0.77978515625;0.6779661016949152
GRLLN6_0_1640_1025_2152_1537;134;135;[133, 376, 172, 413];[132, 376, 173, 413];534.0;962.0;0.5954724550247192;1.0;0.80810546875;0.9512195121951219
GRLLN6_0_1640_1025_2152_1537;135;136;[96, 158, 150, 178];[94, 154, 153, 181];715.5;1086.0;0.678260862827301;1.0;0.76611328125;0.6779661016949152
GRLLN6_0_1640_1025_2152_1537;136;134;[308, 107, 357, 158];[308, 108, 357, 157];1394.0;1527.0;0.8592814207077026;1.0;0.83544921875;0.9607843137254902
GRLLN6_0_1640_1025_2152_1537;137;137;[461, 84, 512, 166];[464, 84, 511, 163];1341.0;1347.0;0.7558348178863525;1.0;0.1912841796875;0.8878527020564323
GRLLN6_0_1845_1025_2357_1537;138;187;[103, 107, 152, 158];[104, 108, 153, 157];1394.0;1533.0;0.8484848737716675;1.0;0.8291015625;0.9230769230769231
GRLLN6_0_1845_1025_2357_1537;139;186;[256, 84, 323, 166];[260, 84, 321, 163];1540.5;1681.0;0.7488788962364197;1.0;0.84375;0.8771386967601019
GRLLN6_0_2050_1025_2562_1537;140;237;[51, 84, 118, 166];[54, 84, 117, 163];1540.5;1678.0;0.7647058963775635;1.0;0.8447265625;0.9058973425555151
GRLLN6_0_2255_1025_2767_1537;141;-1;[388, 293, 404, 313];;150.5;0.0;0.0;1.0;0.0;0.0
GRLLN6_0_2255_1025_2767_1537;142;-1;[417, 374, 424, 386];;59.0;0.0;0.0;1.0;0.0;0.0
GRLLN6_0_2255_1025_2767_1537;143;-1;[494, 438, 512, 447];;112.0;0.0;0.0;1.0;0.0;0.0
GRLLN6_0_2255_1025_2767_1537;144;-1;[446, 26, 488, 50];;537.0;0.0;0.0;1.0;0.0;0.0
GRLLN6_0_2460_1025_2972_1537;145;-1;[314, 155, 325, 163];;64.5;0.0;0.0;1.0;0.0;0.0
GRLLN6_0_2460_1025_2972_1537;146;-1;[466, 157, 474, 173];;91.0;0.0;0.0;1.0;0.0;0.0
GRLLN6_0_2460_1025_2972_1537;147;-1;[183, 293, 199, 313];;150.5;0.0;0.0;1.0;0.0;0.0
GRLLN6_0_2460_1025_2972_1537;148;-1;[212, 374, 219, 386];;59.0;0.0;0.0;1.0;0.0;0.0
GRLLN6_0_2460_1025_2972_1537;149;-1;[352, 484, 367, 507];;190.0;0.0;0.0;1.0;0.0;0.0
GRLLN6_0_2460_1025_2972_1537;150;-1;[289, 438, 308, 447];;113.0;0.0;0.0;1.0;0.0;0.0
GRLLN6_0_2460_1025_2972_1537;151;-1;[241, 26, 283, 50];;537.0;0.0;0.0;1.0;0.0;0.0
GRLLN6_0_2460_1025_2972_1537;152;-1;[487, 89, 512, 113];;137.0;0.0;0.0;1.0;0.0;0.0
GRLLN6_0_2665_1025_3177_1537;153;-1;[109, 155, 120, 163];;64.5;0.0;0.0;1.0;0.0;0.0
GRLLN6_0_2665_1025_3177_1537;154;-1;[261, 157, 269, 173];;91.0;0.0;0.0;1.0;0.0;0.0
GRLLN6_0_2665_1025_3177_1537;155;-1;[349, 227, 358, 243];;92.5;0.0;0.0;1.0;0.0;0.0
GRLLN6_0_2665_1025_3177_1537;156;-1;[462, 222, 471, 241];;111.0;0.0;0.0;1.0;0.0;0.0
GRLLN6_0_2665_1025_3177_1537;157;-1;[350, 322, 360, 338];;113.5;0.0;0.0;1.0;0.0;0.0
GRLLN6_0_2665_1025_3177_1537;158;-1;[7, 374, 14, 386];;59.0;0.0;0.0;1.0;0.0;0.0
GRLLN6_0_2665_1025_3177_1537;159;-1;[496, 506, 510, 512];;53.0;0.0;0.0;1.0;0.0;0.0
GRLLN6_0_2665_1025_3177_1537;160;-1;[147, 484, 162, 507];;190.0;0.0;0.0;1.0;0.0;0.0
GRLLN6_0_2665_1025_3177_1537;161;-1;[84, 438, 103, 447];;113.0;0.0;0.0;1.0;0.0;0.0
GRLLN6_0_2665_1025_3177_1537;162;-1;[36, 26, 78, 50];;537.0;0.0;0.0;1.0;0.0;0.0
GRLLN6_0_2665_1025_3177_1537;163;389;[282, 89, 319, 115];[282, 92, 321, 117];246.5;570.0;0.43297380208969116;1.0;0.307373046875;0.783609576427256
GRLLN6_0_2665_1025_3177_1537;-1;390;;[400, 40, 433, 69];0.0;574.0;0.0;;0.0185394287109375;0.0
GRLLN6_0_2870_1025_3382_1537;164;-1;[56, 157, 64, 173];;91.0;0.0;0.0;1.0;0.0;0.0
GRLLN6_0_2870_1025_3382_1537;165;-1;[144, 227, 153, 243];;92.5;0.0;0.0;1.0;0.0;0.0
GRLLN6_0_2870_1025_3382_1537;166;-1;[257, 222, 266, 241];;111.0;0.0;0.0;1.0;0.0;0.0
GRLLN6_0_2870_1025_3382_1537;167;-1;[145, 322, 155, 338];;113.5;0.0;0.0;1.0;0.0;0.0
GRLLN6_0_2870_1025_3382_1537;168;-1;[291, 506, 305, 512];;53.0;0.0;0.0;1.0;0.0;0.0
GRLLN6_0_2870_1025_3382_1537;169;-1;[492, 0, 512, 17];;184.0;0.0;0.0;1.0;0.0;0.0
GRLLN6_0_2870_1025_3382_1537;170;423;[433, 267, 512, 416];[434, 270, 511, 415];3605.0;3977.0;0.8352402448654175;1.0;0.9052734375;0.9485175431144338
GRLLN6_0_2870_1025_3382_1537;171;424;[77, 89, 114, 115];[78, 92, 115, 117];246.5;511.0;0.47198641300201416;1.0;0.247314453125;0.7818696883852692
GRLLN6_0_2870_1025_3382_1537;-1;425;;[196, 40, 229, 69];0.0;560.0;0.0;;0.020172119140625;0.0
GRLLN6_0_3075_1025_3587_1537;172;-1;[52, 222, 61, 241];;111.0;0.0;0.0;1.0;0.0;0.0
GRLLN6_0_3075_1025_3587_1537;173;-1;[86, 506, 100, 512];;53.0;0.0;0.0;1.0;0.0;0.0
GRLLN6_0_3075_1025_3587_1537;174;-1;[287, 0, 315, 17];;245.0;0.0;0.0;1.0;0.0;0.0
GRLLN6_0_3075_1025_3587_1537;175;468;[228, 267, 327, 416];[230, 270, 325, 415];3968.0;4102.0;0.8782150149345398;1.0;0.939453125;0.9338349942376788
GRLLN6_0_3280_1025_3792_1537;176;-1;[82, 0, 110, 17];;245.0;0.0;0.0;1.0;0.0;0.0
GRLLN6_0_3280_1025_3792_1537;177;518;[23, 267, 122, 416];[24, 270, 121, 415];3968.0;4271.0;0.8791540861129761;1.0;0.82568359375;0.953494678326893
GRLLN6_0_0_1230_512_1742;178;-1;[469, 436, 512, 465];;417.0;0.0;0.0;1.0;0.0;0.0
GRLLN6_0_0_1230_512_1742;-1;1;;[202, 378, 219, 413];0.0;436.0;0.0;;0.1470947265625;0.0
GRLLN6_0_205_1230_717_1742;179;-1;[425, 323, 471, 370];;746.5;0.0;0.0;1.0;0.0;0.0
GRLLN6_0_205_1230_717_1742;180;-1;[264, 436, 331, 467];;617.0;0.0;0.0;1.0;0.0;0.0
GRLLN6_0_410_1230_922_1742;181;-1;[220, 323, 266, 370];;746.5;0.0;0.0;1.0;0.0;0.0
GRLLN6_0_410_1230_922_1742;182;-1;[487, 188, 512, 209];;219.5;0.0;0.0;1.0;0.0;0.0
GRLLN6_0_410_1230_922_1742;183;-1;[59, 436, 126, 467];;617.0;0.0;0.0;1.0;0.0;0.0
GRLLN6_0_410_1230_922_1742;184;607;[418, 432, 495, 512];[420, 438, 493, 511];2012.0;2355.0;0.8028059005737305;1.0;0.85009765625;0.8650974025974026
GRLLN6_0_615_1230_1127_1742;185;-1;[15, 323, 61, 370];;746.5;0.0;0.0;1.0;0.0;0.0
GRLLN6_0_615_1230_1127_1742;186;642;[459, 341, 492, 368];[458, 340, 495, 369];565.5;732.0;0.76106196641922;1.0;0.83447265625;0.8303821062441752
GRLLN6_0_615_1230_1127_1742;187;644;[473, 212, 507, 239];[470, 210, 509, 239];511.0;808.0;0.6492450833320618;1.0;0.80419921875;0.8116710875331565
GRLLN6_0_615_1230_1127_1742;188;645;[282, 184, 342, 209];[282, 184, 345, 211];658.0;1101.0;0.6062394380569458;1.0;0.1500244140625;0.8818342151675485
GRLLN6_0_615_1230_1127_1742;189;643;[213, 432, 290, 512];[214, 438, 287, 511];2012.0;2334.0;0.8135326504707336;1.0;0.830078125;0.8650974025974026
GRLLN6_0_820_1230_1332_1742;190;691;[254, 341, 287, 368];[254, 340, 291, 369];565.5;689.0;0.7968127727508545;1.0;0.7578125;0.8303821062441752
GRLLN6_0_820_1230_1332_1742;191;689;[268, 212, 302, 239];[266, 210, 305, 239];511.0;798.0;0.6549295783042908;1.0;0.7880859375;0.8116710875331565
GRLLN6_0_820_1230_1332_1742;192;692;[77, 184, 137, 209];[78, 186, 139, 211];658.0;1059.0;0.6080964803695679;1.0;0.1446533203125;0.8135491606714629
GRLLN6_0_820_1230_1332_1742;193;688;[8, 432, 85, 512];[10, 438, 81, 511];2012.0;2275.0;0.8042874336242676;1.0;0.79052734375;0.8413961038961039
GRLLN6_0_820_1230_1332_1742;194;-1;[323, 432, 345, 446];;146.5;0.0;0.0;1.0;0.0;0.0
GRLLN6_0_820_1230_1332_1742;195;690;[464, 89, 497, 125];[464, 88, 501, 127];634.5;1005.0;0.6494361162185669;1.0;0.78125;0.8232848232848233
GRLLN6_0_1025_1230_1537_1742;196;18;[49, 341, 82, 368];[48, 340, 85, 369];565.5;737.0;0.7715736031532288;1.0;0.78662109375;0.8303821062441752
GRLLN6_0_1025_1230_1537_1742;197;17;[63, 212, 97, 239];[60, 210, 101, 239];511.0;811.0;0.6477404236793518;1.0;0.79052734375;0.7720773759461732
GRLLN6_0_1025_1230_1537_1742;198;-1;[403, 505, 413, 512];;45.5;0.0;0.0;1.0;0.0;0.0
GRLLN6_0_1025_1230_1537_1742;199;-1;[118, 432, 140, 446];;146.5;0.0;0.0;1.0;0.0;0.0
GRLLN6_0_1025_1230_1537_1742;200;20;[474, 340, 500, 393];[458, 340, 501, 395];643.0;1285.0;0.5;1.0;0.3056640625;0.5826638477801268
GRLLN6_0_1025_1230_1537_1742;201;19;[347, 302, 420, 362];[350, 302, 421, 359];1120.0;1387.0;0.7740668058395386;1.0;0.533203125;0.8992562542258282
GRLLN6_0_1025_1230_1537_1742;202;15;[383, 139, 461, 234];[380, 140, 461, 233];3722.0;4030.0;0.885687530040741;1.0;0.88818359375;0.9434256730394069
GRLLN6_0_1025_1230_1537_1742;203;16;[259, 89, 292, 125];[258, 86, 295, 127];634.5;1049.0;0.6239855885505676;1.0;0.82568359375;0.7831245880026367
GRLLN6_0_1230_1230_1742_1742;204;-1;[363, 281, 384, 298];;102.0;0.0;0.0;1.0;0.0;0.0
GRLLN6_0_1230_1230_1742_1742;205;-1;[198, 505, 208, 512];;45.5;0.0;0.0;1.0;0.0;0.0
GRLLN6_0_1230_1230_1742_1742;206;57;[269, 340, 295, 393];[254, 340, 295, 395];643.0;1200.0;0.5312259197235107;1.0;0.093017578125;0.6110864745011086
GRLLN6_0_1230_1230_1742_1742;207;56;[474, 302, 511, 341];[472, 302, 511, 341];502.0;809.0;0.65727698802948;1.0;0.5078125;0.9487179487179487
GRLLN6_0_1230_1230_1742_1742;208;55;[142, 302, 215, 362];[146, 302, 215, 359];1120.0;1396.0;0.767624020576477;1.0;0.517578125;0.897945205479452
GRLLN6_0_1230_1230_1742_1742;209;53;[178, 139, 256, 234];[176, 140, 255, 233];3722.0;3987.0;0.8976060748100281;1.0;0.865234375;0.9427330173775671
GRLLN6_0_1230_1230_1742_1742;210;54;[54, 89, 87, 125];[54, 86, 91, 129];634.5;1045.0;0.6212804317474365;1.0;0.8154296875;0.7467001885606537
GRLLN6_0_1435_1230_1947_1742;211;-1;[158, 281, 179, 298];;102.0;0.0;0.0;1.0;0.0;0.0
GRLLN6_0_1435_1230_1947_1742;212;94;[64, 340, 90, 393];[62, 340, 89, 395];643.0;917.0;0.6772277355194092;1.0;0.10821533203125;0.8615084525357607
GRLLN6_0_1435_1230_1947_1742;213;93;[269, 302, 306, 341];[268, 300, 309, 339];502.0;850.0;0.6166666746139526;1.0;0.5546875;0.8182904961147639
GRLLN6_0_1435_1230_1947_1742;214;-1;[0, 302, 10, 325];;176.0;0.0;0.0;1.0;0.0;0.0
GRLLN6_0_1435_1230_1947_1742;215;92;[338, 171, 377, 208];[338, 170, 377, 207];534.0;933.0;0.6038306355476379;1.0;0.82666015625;0.9473684210526315
GRLLN6_0_1435_1230_1947_1742;216;-1;[0, 159, 51, 208];;1393.0;0.0;0.0;1.0;0.0;0.0
GRLLN6_0_1640_1230_2152_1742;217;139;[64, 302, 101, 341];[62, 300, 103, 339];502.0;854.0;0.6092206239700317;1.0;0.640625;0.8182904961147639
GRLLN6_0_1640_1230_2152_1742;218;138;[133, 171, 172, 208];[132, 172, 173, 207];534.0;937.0;0.6018053889274597;1.0;0.81298828125;0.9021810971579644
GRLLN6_0_2255_1230_2767_1742;219;-1;[364, 355, 381, 365];;96.0;0.0;0.0;1.0;0.0;0.0
GRLLN6_0_2255_1230_2767_1742;220;-1;[388, 88, 404, 108];;150.5;0.0;0.0;1.0;0.0;0.0
GRLLN6_0_2255_1230_2767_1742;221;-1;[417, 169, 424, 181];;59.0;0.0;0.0;1.0;0.0;0.0
GRLLN6_0_2255_1230_2767_1742;222;-1;[494, 233, 512, 242];;112.0;0.0;0.0;1.0;0.0;0.0
GRLLN6_0_2255_1230_2767_1742;223;-1;[355, 360, 372, 378];;171.0;0.0;0.0;1.0;0.0;0.0
GRLLN6_0_2255_1230_2767_1742;224;-1;[479, 448, 493, 466];;177.0;0.0;0.0;1.0;0.0;0.0
GRLLN6_0_2255_1230_2767_1742;225;-1;[324, 398, 341, 423];;225.5;0.0;0.0;1.0;0.0;0.0
GRLLN6_0_2460_1230_2972_1742;226;-1;[444, 469, 459, 485];;147.0;0.0;0.0;1.0;0.0;0.0
GRLLN6_0_2460_1230_2972_1742;227;-1;[159, 355, 176, 365];;96.0;0.0;0.0;1.0;0.0;0.0
GRLLN6_0_2460_1230_2972_1742;228;-1;[478, 503, 486, 512];;47.0;0.0;0.0;1.0;0.0;0.0
GRLLN6_0_2460_1230_2972_1742;229;-1;[183, 88, 199, 108];;150.5;0.0;0.0;1.0;0.0;0.0
GRLLN6_0_2460_1230_2972_1742;230;-1;[212, 169, 219, 181];;59.0;0.0;0.0;1.0;0.0;0.0
GRLLN6_0_2460_1230_2972_1742;231;-1;[352, 279, 367, 302];;190.0;0.0;0.0;1.0;0.0;0.0
GRLLN6_0_2460_1230_2972_1742;232;-1;[289, 233, 308, 242];;113.0;0.0;0.0;1.0;0.0;0.0
GRLLN6_0_2460_1230_2972_1742;233;-1;[150, 360, 167, 378];;171.0;0.0;0.0;1.0;0.0;0.0
GRLLN6_0_2460_1230_2972_1742;234;-1;[274, 448, 288, 466];;177.0;0.0;0.0;1.0;0.0;0.0
GRLLN6_0_2460_1230_2972_1742;235;-1;[119, 398, 136, 423];;225.5;0.0;0.0;1.0;0.0;0.0
GRLLN6_0_2460_1230_2972_1742;236;-1;[445, 470, 460, 485];;115.0;0.0;0.0;1.0;0.0;0.0
GRLLN6_0_2665_1230_3177_1742;237;-1;[239, 469, 254, 485];;147.0;0.0;0.0;1.0;0.0;0.0
GRLLN6_0_2665_1230_3177_1742;238;-1;[349, 22, 358, 38];;92.5;0.0;0.0;1.0;0.0;0.0
GRLLN6_0_2665_1230_3177_1742;239;-1;[462, 17, 471, 36];;111.0;0.0;0.0;1.0;0.0;0.0
GRLLN6_0_2665_1230_3177_1742;240;-1;[350, 117, 360, 133];;113.5;0.0;0.0;1.0;0.0;0.0
GRLLN6_0_2665_1230_3177_1742;241;-1;[273, 503, 281, 512];;47.0;0.0;0.0;1.0;0.0;0.0
GRLLN6_0_2665_1230_3177_1742;242;-1;[403, 469, 424, 478];;115.5;0.0;0.0;1.0;0.0;0.0
GRLLN6_0_2665_1230_3177_1742;243;-1;[7, 169, 14, 181];;59.0;0.0;0.0;1.0;0.0;0.0
GRLLN6_0_2665_1230_3177_1742;244;-1;[491, 301, 510, 314];;124.0;0.0;0.0;1.0;0.0;0.0
GRLLN6_0_2665_1230_3177_1742;245;-1;[147, 279, 162, 302];;190.0;0.0;0.0;1.0;0.0;0.0
GRLLN6_0_2665_1230_3177_1742;246;-1;[84, 233, 103, 242];;113.0;0.0;0.0;1.0;0.0;0.0
GRLLN6_0_2665_1230_3177_1742;247;-1;[69, 448, 83, 466];;177.0;0.0;0.0;1.0;0.0;0.0
GRLLN6_0_2665_1230_3177_1742;248;-1;[240, 470, 255, 485];;115.0;0.0;0.0;1.0;0.0;0.0
GRLLN6_0_2870_1230_3382_1742;249;-1;[34, 469, 49, 485];;147.0;0.0;0.0;1.0;0.0;0.0
GRLLN6_0_2870_1230_3382_1742;250;-1;[144, 22, 153, 38];;92.5;0.0;0.0;1.0;0.0;0.0
GRLLN6_0_2870_1230_3382_1742;251;-1;[257, 17, 266, 36];;111.0;0.0;0.0;1.0;0.0;0.0
GRLLN6_0_2870_1230_3382_1742;252;-1;[145, 117, 155, 133];;113.5;0.0;0.0;1.0;0.0;0.0
GRLLN6_0_2870_1230_3382_1742;253;-1;[68, 503, 76, 512];;47.0;0.0;0.0;1.0;0.0;0.0
GRLLN6_0_2870_1230_3382_1742;254;-1;[198, 469, 219, 478];;115.5;0.0;0.0;1.0;0.0;0.0
GRLLN6_0_2870_1230_3382_1742;255;-1;[286, 301, 305, 314];;124.0;0.0;0.0;1.0;0.0;0.0
GRLLN6_0_2870_1230_3382_1742;256;-1;[35, 470, 50, 485];;115.0;0.0;0.0;1.0;0.0;0.0
GRLLN6_0_2870_1230_3382_1742;257;426;[433, 62, 512, 211];[434, 64, 511, 211];3605.0;4100.0;0.8324713110923767;1.0;0.90380859375;0.9616005437091156
GRLLN6_0_3075_1230_3587_1742;258;-1;[52, 17, 61, 36];;111.0;0.0;0.0;1.0;0.0;0.0
GRLLN6_0_3075_1230_3587_1742;259;-1;[0, 469, 14, 478];;85.0;0.0;0.0;1.0;0.0;0.0
GRLLN6_0_3075_1230_3587_1742;260;-1;[81, 301, 100, 314];;124.0;0.0;0.0;1.0;0.0;0.0
GRLLN6_0_3075_1230_3587_1742;261;470;[326, 372, 403, 458];[326, 372, 403, 459];1770.0;2251.0;0.7909887433052063;1.0;0.796875;0.9885057471264368
GRLLN6_0_3075_1230_3587_1742;262;469;[228, 62, 327, 211];[230, 64, 327, 211];3968.0;4355.0;0.8613756895065308;1.0;0.94384765625;0.9666463290624364
GRLLN6_0_3280_1230_3792_1742;263;520;[121, 372, 198, 458];[122, 372, 199, 457];1770.0;2131.0;0.815330982208252;1.0;0.75927734375;0.9631728045325779
GRLLN6_0_3280_1230_3792_1742;264;519;[23, 62, 122, 211];[24, 64, 121, 211];3968.0;4365.0;0.8722860813140869;1.0;0.8662109375;0.9666463290624364
GRLLN6_0_0_1435_512_1947;265;-1;[464, 431, 480, 445];;123.0;0.0;0.0;1.0;0.0;0.0
GRLLN6_0_0_1435_512_1947;266;3;[413, 373, 467, 409];[416, 376, 467, 411];701.0;995.0;0.6851851940155029;1.0;0.0222015380859375;0.8225806451612904
GRLLN6_0_0_1435_512_1947;267;-1;[414, 375, 467, 410];;675.5;0.0;0.0;1.0;0.0;0.0
GRLLN6_0_0_1435_512_1947;268;-1;[469, 231, 512, 260];;417.0;0.0;0.0;1.0;0.0;0.0
GRLLN6_0_0_1435_512_1947;-1;2;;[202, 172, 219, 209];0.0;452.0;0.0;;0.03790283203125;0.0
GRLLN6_0_205_1435_717_1947;269;-1;[259, 431, 275, 445];;123.0;0.0;0.0;1.0;0.0;0.0
GRLLN6_0_205_1435_717_1947;270;291;[208, 373, 262, 409];[210, 376, 263, 411];701.0;1005.0;0.6909593939781189;1.0;0.00669097900390625;0.8238118098895824
GRLLN6_0_205_1435_717_1947;271;-1;[425, 118, 471, 165];;746.5;0.0;0.0;1.0;0.0;0.0
GRLLN6_0_205_1435_717_1947;272;-1;[209, 375, 262, 410];;675.5;0.0;0.0;1.0;0.0;0.0
GRLLN6_0_205_1435_717_1947;273;290;[264, 231, 331, 262];[264, 232, 333, 265];617.0;1103.0;0.5631229281425476;1.0;0.007518768310546875;0.8575085324232082
GRLLN6_0_410_1435_922_1947;274;-1;[54, 431, 70, 445];;123.0;0.0;0.0;1.0;0.0;0.0
GRLLN6_0_410_1435_922_1947;275;609;[3, 373, 57, 409];[6, 376, 57, 411];701.0;970.0;0.6997166872024536;1.0;0.007755279541015625;0.8225806451612904
GRLLN6_0_410_1435_922_1947;276;-1;[326, 473, 337, 512];;254.5;0.0;0.0;1.0;0.0;0.0
GRLLN6_0_410_1435_922_1947;277;-1;[220, 118, 266, 165];;746.5;0.0;0.0;1.0;0.0;0.0
GRLLN6_0_410_1435_922_1947;278;-1;[4, 375, 57, 410];;675.5;0.0;0.0;1.0;0.0;0.0
GRLLN6_0_410_1435_922_1947;279;-1;[59, 231, 126, 262];;617.0;0.0;0.0;1.0;0.0;0.0
GRLLN6_0_410_1435_922_1947;280;608;[418, 227, 495, 308];[420, 232, 493, 305];2015.0;2331.0;0.8010163903236389;1.0;0.8623046875;0.8544171877505211
GRLLN6_0_615_1435_1127_1947;281;-1;[121, 473, 132, 512];;254.5;0.0;0.0;1.0;0.0;0.0
GRLLN6_0_615_1435_1127_1947;282;649;[400, 337, 485, 428];[402, 338, 485, 427];2977.0;3091.0;0.9238269329071045;1.0;0.6826171875;0.9550096961861668
GRLLN6_0_615_1435_1127_1947;283;-1;[15, 118, 61, 165];;746.5;0.0;0.0;1.0;0.0;0.0
GRLLN6_0_615_1435_1127_1947;284;647;[459, 136, 492, 163];[458, 134, 495, 165];565.5;747.0;0.7599999904632568;1.0;0.81982421875;0.7768090671316478
GRLLN6_0_615_1435_1127_1947;285;648;[473, 7, 507, 34];[472, 6, 509, 35];511.0;724.0;0.7181467413902283;1.0;0.79296875;0.8555452003727866
GRLLN6_0_615_1435_1127_1947;286;-1;[298, 0, 319, 4];;55.0;0.0;0.0;1.0;0.0;0.0
GRLLN6_0_615_1435_1127_1947;287;646;[213, 227, 290, 308];[214, 232, 287, 307];2015.0;2445.0;0.7900720238685608;1.0;0.85888671875;0.8778258778258778
GRLLN6_0_820_1435_1332_1947;288;697;[468, 349, 512, 403];[468, 338, 511, 403];851.0;1484.0;0.5236385464668274;1.0;0.00926971435546875;0.815022815022815
GRLLN6_0_820_1435_1332_1947;289;696;[195, 337, 280, 428];[196, 338, 281, 429];2977.0;3168.0;0.9180918335914612;1.0;0.37744140625;0.9557522123893806
GRLLN6_0_820_1435_1332_1947;290;695;[254, 136, 287, 163];[254, 134, 289, 165];565.5;727.0;0.7726691961288452;1.0;0.77734375;0.8211981566820277
GRLLN6_0_820_1435_1332_1947;291;694;[268, 7, 302, 34];[266, 6, 305, 35];511.0;749.0;0.6952736377716064;1.0;0.8173828125;0.8116710875331565
GRLLN6_0_820_1435_1332_1947;292;-1;[93, 0, 114, 4];;55.0;0.0;0.0;1.0;0.0;0.0
GRLLN6_0_820_1435_1332_1947;293;693;[8, 227, 85, 308];[10, 232, 83, 307];2015.0;2356.0;0.800000011920929;1.0;0.8232421875;0.8778258778258778
GRLLN6_0_820_1435_1332_1947;294;-1;[323, 227, 345, 241];;146.5;0.0;0.0;1.0;0.0;0.0
GRLLN6_0_1025_1435_1537_1947;295;21;[263, 338, 315, 403];[264, 340, 345, 407];1078.5;2750.0;0.40957629680633545;1.0;0.880859375;0.5743653914908831
GRLLN6_0_1025_1435_1537_1947;296;-1;[0, 337, 75, 428];;2868.5;0.0;0.0;1.0;0.0;0.0
GRLLN6_0_1025_1435_1537_1947;297;23;[49, 136, 82, 163];[48, 134, 85, 165];565.5;738.0;0.7575376629829407;1.0;0.7958984375;0.7768090671316478
GRLLN6_0_1025_1435_1537_1947;298;22;[63, 7, 97, 34];[62, 6, 99, 35];511.0;729.0;0.7126436829566956;1.0;0.81640625;0.8555452003727866
GRLLN6_0_1025_1435_1537_1947;299;26;[403, 300, 422, 318];[402, 300, 423, 319];150.0;214.0;0.692307710647583;1.0;0.00894927978515625;0.8571428571428571
GRLLN6_0_1025_1435_1537_1947;300;-1;[118, 227, 140, 241];;146.5;0.0;0.0;1.0;0.0;0.0
GRLLN6_0_1025_1435_1537_1947;301;25;[474, 135, 500, 188];[470, 136, 501, 189];643.0;1085.0;0.6084702014923096;1.0;0.187744140625;0.8100659077291792
GRLLN6_0_1025_1435_1537_1947;302;24;[347, 97, 420, 157];[350, 98, 421, 155];1120.0;1391.0;0.7740668058395386;1.0;0.37939453125;0.8992562542258282
GRLLN6_0_1025_1435_1537_1947;303;-1;[385, 0, 420, 29];;744.5;0.0;0.0;1.0;0.0;0.0
GRLLN6_0_1230_1435_1742_1947;304;-1;[421, 399, 450, 412];;244.5;0.0;0.0;1.0;0.0;0.0
GRLLN6_0_1230_1435_1742_1947;305;64;[335, 482, 363, 512];[334, 480, 363, 501];382.5;362.0;0.529304027557373;1.0;0.036895751953125;0.5801526717557252
GRLLN6_0_1230_1435_1742_1947;306;59;[342, 395, 384, 428];[344, 394, 385, 429];556.5;813.0;0.6670329570770264;1.0;0.8408203125;0.8794137241838774
GRLLN6_0_1230_1435_1742_1947;307;58;[58, 338, 110, 403];[60, 340, 139, 407];1078.5;2677.0;0.4234042465686798;1.0;0.88427734375;0.5703422053231939
GRLLN6_0_1230_1435_1742_1947;308;-1;[363, 76, 384, 93];;102.0;0.0;0.0;1.0;0.0;0.0
GRLLN6_0_1230_1435_1742_1947;309;-1;[422, 400, 452, 409];;183.0;0.0;0.0;1.0;0.0;0.0
GRLLN6_0_1230_1435_1742_1947;310;60;[347, 292, 412, 394];[348, 296, 413, 393];1463.5;2128.0;0.6816220879554749;1.0;0.83740234375;0.9228482235766314
GRLLN6_0_1230_1435_1742_1947;311;-1;[198, 300, 217, 318];;150.0;0.0;0.0;1.0;0.0;0.0
GRLLN6_0_1230_1435_1742_1947;312;63;[269, 135, 295, 188];[256, 136, 295, 189];643.0;1156.0;0.5498802661895752;1.0;0.0863037109375;0.6459627329192547
GRLLN6_0_1230_1435_1742_1947;313;61;[474, 97, 511, 136];[472, 96, 511, 135];502.0;816.0;0.6357388496398926;1.0;0.71240234375;0.9024390243902439
GRLLN6_0_1230_1435_1742_1947;314;62;[142, 97, 215, 157];[146, 98, 215, 155];1120.0;1373.0;0.774917483329773;1.0;0.37109375;0.897945205479452
GRLLN6_0_1230_1435_1742_1947;315;-1;[180, 0, 215, 29];;744.5;0.0;0.0;1.0;0.0;0.0
GRLLN6_0_1435_1435_1947_1947;316;-1;[216, 399, 245, 412];;244.5;0.0;0.0;1.0;0.0;0.0
GRLLN6_0_1435_1435_1947_1947;317;101;[130, 482, 158, 512];[130, 480, 159, 511];382.5;523.0;0.6546052694320679;1.0;0.035003662109375;0.8759439050701187
GRLLN6_0_1435_1435_1947_1947;318;95;[312, 452, 377, 498];[312, 452, 377, 499];1146.0;1602.0;0.7353115677833557;1.0;0.8681640625;0.9787234042553191
GRLLN6_0_1435_1435_1947_1947;319;96;[137, 395, 179, 428];[140, 394, 179, 429];556.5;809.0;0.6788889169692993;1.0;0.83740234375;0.8790983606557377
GRLLN6_0_1435_1435_1947_1947;320;98;[448, 375, 512, 429];[450, 378, 511, 429];1102.5;1432.0;0.721455454826355;1.0;0.66015625;0.9001736111111112
GRLLN6_0_1435_1435_1947_1947;321;-1;[158, 76, 179, 93];;102.0;0.0;0.0;1.0;0.0;0.0
GRLLN6_0_1435_1435_1947_1947;322;-1;[217, 400, 247, 409];;183.0;0.0;0.0;1.0;0.0;0.0
GRLLN6_0_1435_1435_1947_1947;323;97;[142, 292, 207, 394];[144, 296, 207, 391];1463.5;2048.0;0.6883289217948914;1.0;0.8017578125;0.9027149321266968
GRLLN6_0_1435_1435_1947_1947;324;-1;[0, 305, 12, 318];;87.5;0.0;0.0;1.0;0.0;0.0
GRLLN6_0_1435_1435_1947_1947;325;100;[64, 135, 90, 188];[62, 136, 89, 189];643.0;904.0;0.6963562965393066;1.0;0.1456298828125;0.8614976805831677
GRLLN6_0_1435_1435_1947_1947;326;99;[269, 97, 306, 136];[268, 96, 307, 135];502.0;819.0;0.6413792967796326;1.0;0.658203125;0.9024390243902439
GRLLN6_0_1435_1435_1947_1947;327;-1;[0, 97, 10, 120];;176.0;0.0;0.0;1.0;0.0;0.0
GRLLN6_0_1640_1435_2152_1947;328;-1;[11, 399, 40, 412];;244.5;0.0;0.0;1.0;0.0;0.0
GRLLN6_0_1640_1435_2152_1947;329;140;[107, 452, 172, 498];[106, 452, 173, 499];1146.0;1710.0;0.6971396803855896;1.0;0.85791015625;0.9495077802476977
GRLLN6_0_1640_1435_2152_1947;330;141;[243, 375, 325, 429];[244, 378, 323, 429];1229.5;1683.0;0.7169297933578491;1.0;0.830078125;0.9098915989159891
GRLLN6_0_1640_1435_2152_1947;331;-1;[471, 358, 512, 410];;678.0;0.0;0.0;1.0;0.0;0.0
GRLLN6_0_1640_1435_2152_1947;332;-1;[12, 400, 42, 409];;183.0;0.0;0.0;1.0;0.0;0.0
GRLLN6_0_1640_1435_2152_1947;333;142;[64, 97, 101, 136];[62, 96, 103, 135];502.0;862.0;0.6080785989761353;1.0;0.708984375;0.8594132029339854
GRLLN6_0_1845_1435_2357_1947;334;189;[444, 403, 485, 437];[444, 402, 487, 435];535.0;919.0;0.629705011844635;1.0;0.7919921875;0.8740839440373085
GRLLN6_0_1845_1435_2357_1947;335;190;[38, 375, 120, 429];[40, 378, 119, 427];1229.5;1584.0;0.7491409182548523;1.0;0.7578125;0.8742095754290876
GRLLN6_0_1845_1435_2357_1947;336;188;[266, 358, 383, 457];[266, 358, 383, 455];2935.5;3216.0;0.8895634412765503;1.0;0.93212890625;0.9797979797979798
GRLLN6_0_2050_1435_2562_1947;337;-1;[334, 453, 406, 512];;1565.0;0.0;0.0;1.0;0.0;0.0
GRLLN6_0_2050_1435_2562_1947;338;239;[239, 403, 280, 437];[238, 402, 281, 435];535.0;917.0;0.6386898756027222;1.0;0.8447265625;0.8740839440373085
GRLLN6_0_2050_1435_2562_1947;339;238;[61, 358, 178, 457];[62, 360, 179, 455];2935.5;3222.0;0.8679029941558838;1.0;0.96142578125;0.9436547353998972
GRLLN6_0_2255_1435_2767_1947;340;-1;[357, 355, 378, 366];;145.0;0.0;0.0;1.0;0.0;0.0
GRLLN6_0_2255_1435_2767_1947;341;-1;[129, 453, 201, 512];;1565.0;0.0;0.0;1.0;0.0;0.0
GRLLN6_0_2255_1435_2767_1947;342;305;[34, 403, 75, 437];[34, 402, 75, 435];535.0;908.0;0.6365503072738647;1.0;0.78662109375;0.9142857142857143
GRLLN6_0_2255_1435_2767_1947;343;-1;[364, 150, 381, 160];;96.0;0.0;0.0;1.0;0.0;0.0
GRLLN6_0_2255_1435_2767_1947;344;-1;[494, 28, 512, 37];;112.0;0.0;0.0;1.0;0.0;0.0
GRLLN6_0_2255_1435_2767_1947;345;-1;[355, 155, 372, 173];;171.0;0.0;0.0;1.0;0.0;0.0
GRLLN6_0_2255_1435_2767_1947;346;-1;[479, 243, 493, 261];;177.0;0.0;0.0;1.0;0.0;0.0
GRLLN6_0_2255_1435_2767_1947;347;-1;[324, 193, 341, 218];;225.5;0.0;0.0;1.0;0.0;0.0
GRLLN6_0_2255_1435_2767_1947;348;-1;[357, 355, 378, 366];;136.0;0.0;0.0;1.0;0.0;0.0
GRLLN6_0_2255_1435_2767_1947;349;-1;[431, 305, 512, 357];;1241.5;0.0;0.0;1.0;0.0;0.0
GRLLN6_0_2460_1435_2972_1947;350;-1;[152, 355, 173, 366];;145.0;0.0;0.0;1.0;0.0;0.0
GRLLN6_0_2460_1435_2972_1947;351;-1;[444, 264, 459, 280];;147.0;0.0;0.0;1.0;0.0;0.0
GRLLN6_0_2460_1435_2972_1947;352;-1;[159, 150, 176, 160];;96.0;0.0;0.0;1.0;0.0;0.0
GRLLN6_0_2460_1435_2972_1947;353;-1;[476, 298, 486, 311];;68.5;0.0;0.0;1.0;0.0;0.0
GRLLN6_0_2460_1435_2972_1947;354;-1;[352, 74, 367, 97];;190.0;0.0;0.0;1.0;0.0;0.0
GRLLN6_0_2460_1435_2972_1947;355;-1;[289, 28, 308, 37];;113.0;0.0;0.0;1.0;0.0;0.0
GRLLN6_0_2460_1435_2972_1947;356;-1;[150, 155, 167, 173];;171.0;0.0;0.0;1.0;0.0;0.0
GRLLN6_0_2460_1435_2972_1947;357;-1;[274, 243, 288, 261];;177.0;0.0;0.0;1.0;0.0;0.0
GRLLN6_0_2460_1435_2972_1947;358;-1;[119, 193, 136, 218];;225.5;0.0;0.0;1.0;0.0;0.0
GRLLN6_0_2460_1435_2972_1947;359;-1;[152, 355, 173, 366];;136.0;0.0;0.0;1.0;0.0;0.0
GRLLN6_0_2460_1435_2972_1947;360;-1;[445, 265, 460, 280];;115.0;0.0;0.0;1.0;0.0;0.0
GRLLN6_0_2460_1435_2972_1947;361;352;[226, 301, 350, 357];[230, 300, 347, 357];1898.5;3360.0;0.561002790927887;1.0;0.89306640625;0.9279138932162583
GRLLN6_0_2665_1435_3177_1947;362;-1;[366, 467, 380, 491];;201.5;0.0;0.0;1.0;0.0;0.0
GRLLN6_0_2665_1435_3177_1947;363;-1;[437, 329, 454, 350];;159.0;0.0;0.0;1.0;0.0;0.0
GRLLN6_0_2665_1435_3177_1947;364;-1;[239, 264, 254, 280];;147.0;0.0;0.0;1.0;0.0;0.0
GRLLN6_0_2665_1435_3177_1947;365;392;[430, 457, 499, 512];[432, 458, 499, 511];2401.0;2586.0;0.8643702864646912;1.0;0.873046875;0.9357048748353096
GRLLN6_0_2665_1435_3177_1947;366;-1;[271, 298, 281, 311];;68.5;0.0;0.0;1.0;0.0;0.0
GRLLN6_0_2665_1435_3177_1947;367;-1;[403, 264, 424, 273];;115.5;0.0;0.0;1.0;0.0;0.0
GRLLN6_0_2665_1435_3177_1947;368;-1;[491, 96, 510, 109];;124.0;0.0;0.0;1.0;0.0;0.0
GRLLN6_0_2665_1435_3177_1947;369;-1;[147, 74, 162, 97];;190.0;0.0;0.0;1.0;0.0;0.0
GRLLN6_0_2665_1435_3177_1947;370;-1;[84, 28, 103, 37];;113.0;0.0;0.0;1.0;0.0;0.0
GRLLN6_0_2665_1435_3177_1947;371;-1;[69, 243, 83, 261];;177.0;0.0;0.0;1.0;0.0;0.0
GRLLN6_0_2665_1435_3177_1947;372;-1;[240, 265, 255, 280];;115.0;0.0;0.0;1.0;0.0;0.0
GRLLN6_0_2665_1435_3177_1947;373;391;[21, 301, 145, 357];[26, 300, 143, 357];1898.5;3310.0;0.5718317627906799;1.0;0.91162109375;0.9279138932162583
GRLLN6_0_2870_1435_3382_1947;374;-1;[161, 467, 175, 491];;201.5;0.0;0.0;1.0;0.0;0.0
GRLLN6_0_2870_1435_3382_1947;375;-1;[232, 329, 249, 350];;159.0;0.0;0.0;1.0;0.0;0.0
GRLLN6_0_2870_1435_3382_1947;376;-1;[34, 264, 49, 280];;147.0;0.0;0.0;1.0;0.0;0.0
GRLLN6_0_2870_1435_3382_1947;377;-1;[358, 372, 378, 388];;214.5;0.0;0.0;1.0;0.0;0.0
GRLLN6_0_2870_1435_3382_1947;378;427;[225, 457, 294, 512];[228, 458, 293, 511];2401.0;2505.0;0.8709323406219482;1.0;0.83447265625;0.9077733860342556
GRLLN6_0_2870_1435_3382_1947;379;428;[465, 416, 507, 463];[466, 416, 507, 463];742.5;970.0;0.736304521560669;1.0;0.219970703125;0.9761904761904762
GRLLN6_0_2870_1435_3382_1947;380;-1;[66, 298, 76, 311];;68.5;0.0;0.0;1.0;0.0;0.0
GRLLN6_0_2870_1435_3382_1947;381;-1;[198, 264, 219, 273];;115.5;0.0;0.0;1.0;0.0;0.0
GRLLN6_0_2870_1435_3382_1947;382;-1;[286, 96, 305, 109];;124.0;0.0;0.0;1.0;0.0;0.0
GRLLN6_0_2870_1435_3382_1947;383;-1;[35, 265, 50, 280];;115.0;0.0;0.0;1.0;0.0;0.0
GRLLN6_0_2870_1435_3382_1947;384;-1;[358, 373, 378, 388];;174.0;0.0;0.0;1.0;0.0;0.0
GRLLN6_0_3075_1435_3587_1947;385;-1;[27, 329, 44, 350];;159.0;0.0;0.0;1.0;0.0;0.0
GRLLN6_0_3075_1435_3587_1947;386;-1;[153, 372, 173, 388];;214.5;0.0;0.0;1.0;0.0;0.0
GRLLN6_0_3075_1435_3587_1947;387;472;[20, 457, 89, 512];[22, 458, 89, 511];2401.0;2527.0;0.879751443862915;1.0;0.79931640625;0.9357048748353096
GRLLN6_0_3075_1435_3587_1947;388;474;[260, 416, 302, 463];[260, 416, 301, 463];742.5;952.0;0.748344361782074;1.0;0.77734375;0.9761904761904762
GRLLN6_0_3075_1435_3587_1947;389;471;[382, 356, 455, 443];[386, 358, 455, 443];2072.5;2424.0;0.8432055711746216;1.0;0.91650390625;0.9234766178554559
GRLLN6_0_3075_1435_3587_1947;390;-1;[0, 264, 14, 273];;85.0;0.0;0.0;1.0;0.0;0.0
GRLLN6_0_3075_1435_3587_1947;391;-1;[81, 96, 100, 109];;124.0;0.0;0.0;1.0;0.0;0.0
GRLLN6_0_3075_1435_3587_1947;392;-1;[153, 373, 173, 388];;174.0;0.0;0.0;1.0;0.0;0.0
GRLLN6_0_3075_1435_3587_1947;393;473;[326, 167, 403, 253];[326, 168, 403, 253];1770.0;2205.0;0.7978813648223877;1.0;0.77734375;0.9883720930232558
GRLLN6_0_3280_1435_3792_1947;394;523;[55, 416, 97, 463];[56, 416, 97, 463];742.5;932.0;0.7459408044815063;1.0;0.7041015625;0.9761904761904762
GRLLN6_0_3280_1435_3792_1947;395;521;[177, 356, 250, 443];[180, 358, 251, 443];2072.5;2408.0;0.851404070854187;1.0;0.9111328125;0.9244872591671845
GRLLN6_0_3280_1435_3792_1947;396;522;[121, 167, 198, 253];[122, 168, 199, 253];1770.0;2121.0;0.8067885041236877;1.0;0.78662109375;0.9631728045325779
GRLLN6_0_3485_1435_3997_1947;397;566;[0, 363, 45, 443];[0, 368, 45, 443];1832.0;1929.0;0.9111968874931335;1.0;0.79833984375;0.9375
GRLLN6_0_0_1640_512_2152;398;-1;[464, 226, 480, 240];;123.0;0.0;0.0;1.0;0.0;0.0
GRLLN6_0_0_1640_512_2152;399;4;[413, 168, 467, 204];[416, 172, 467, 207];701.0;967.0;0.6949952840805054;1.0;0.02056884765625;0.7782546494992847
GRLLN6_0_0_1640_512_2152;400;-1;[414, 170, 467, 205];;675.5;0.0;0.0;1.0;0.0;0.0
GRLLN6_0_0_1640_512_2152;401;-1;[469, 26, 512, 55];;417.0;0.0;0.0;1.0;0.0;0.0
GRLLN6_0_205_1640_717_2152;402;-1;[259, 226, 275, 240];;123.0;0.0;0.0;1.0;0.0;0.0
GRLLN6_0_205_1640_717_2152;403;294;[208, 168, 262, 204];[210, 172, 263, 207];701.0;998.0;0.6813996434211731;1.0;0.012054443359375;0.7793911007025761
GRLLN6_0_205_1640_717_2152;404;292;[415, 359, 450, 392];[416, 360, 449, 393];520.0;748.0;0.6771844625473022;1.0;0.263671875;0.8888888888888888
GRLLN6_0_205_1640_717_2152;405;293;[488, 322, 512, 354];[488, 324, 511, 355];439.5;521.0;0.7582781314849854;1.0;0.2254638671875;0.8723135271807838
GRLLN6_0_205_1640_717_2152;406;-1;[209, 170, 262, 205];;675.5;0.0;0.0;1.0;0.0;0.0
GRLLN6_0_205_1640_717_2152;407;295;[264, 26, 331, 57];[264, 28, 333, 59];617.0;1067.0;0.5817555785179138;1.0;0.01029205322265625;0.8548174219093708
GRLLN6_0_410_1640_922_2152;408;-1;[54, 226, 70, 240];;123.0;0.0;0.0;1.0;0.0;0.0
GRLLN6_0_410_1640_922_2152;409;615;[3, 168, 57, 204];[6, 172, 57, 207];701.0;953.0;0.7059386968612671;1.0;0.01473236083984375;0.7782546494992847
GRLLN6_0_410_1640_922_2152;410;611;[210, 359, 245, 392];[212, 360, 243, 393];520.0;722.0;0.6761434078216553;1.0;0.458984375;0.836424957841484
GRLLN6_0_410_1640_922_2152;411;613;[283, 268, 337, 364];[284, 270, 337, 363];995.5;1370.0;0.703943133354187;1.0;0.309814453125;0.9508101851851852
GRLLN6_0_410_1640_922_2152;412;-1;[4, 170, 57, 205];;675.5;0.0;0.0;1.0;0.0;0.0
GRLLN6_0_410_1640_922_2152;413;614;[59, 26, 126, 57];[60, 26, 131, 61];617.0;1180.0;0.5312988758087158;1.0;0.0243377685546875;0.8131955484896661
GRLLN6_0_410_1640_922_2152;414;610;[418, 22, 495, 103];[420, 28, 493, 101];2015.0;2335.0;0.7935459017753601;1.0;0.86083984375;0.8544171877505211
GRLLN6_0_410_1640_922_2152;-1;612;;[356, 396, 395, 417];0.0;661.0;0.0;;0.3115234375;0.0
GRLLN6_0_410_1640_922_2152;-1;616;;[422, 360, 455, 377];0.0;333.0;0.0;;0.005641937255859375;0.0
GRLLN6_0_615_1640_1127_2152;415;652;[5, 359, 40, 392];[6, 360, 39, 393];520.0;716.0;0.6828358173370361;1.0;0.513671875;0.8888888888888888
GRLLN6_0_615_1640_1127_2152;416;651;[348, 473, 448, 512];[348, 472, 449, 511];1879.0;2264.0;0.8043657541275024;1.0;0.79443359375;0.9408269373607329
GRLLN6_0_615_1640_1127_2152;417;653;[78, 268, 132, 364];[78, 272, 133, 363];995.5;1429.0;0.6808244585990906;1.0;0.42822265625;0.931563981042654
GRLLN6_0_615_1640_1127_2152;418;655;[400, 132, 485, 223];[400, 134, 485, 223];2977.0;3111.0;0.9205338358879089;1.0;0.1783447265625;0.978021978021978
GRLLN6_0_615_1640_1127_2152;419;650;[213, 22, 290, 103];[214, 28, 287, 101];2015.0;2387.0;0.7942989468574524;1.0;0.845703125;0.8544171877505211
GRLLN6_0_615_1640_1127_2152;-1;654;;[150, 396, 191, 417];0.0;673.0;0.0;;0.2120361328125;0.0
GRLLN6_0_820_1640_1332_2152;420;699;[143, 473, 243, 512];[144, 472, 243, 511];1879.0;2254.0;0.8004115223884583;1.0;0.82763671875;0.940735183795949
GRLLN6_0_820_1640_1332_2152;421;703;[468, 144, 512, 198];[468, 142, 511, 199];851.0;1346.0;0.5969251394271851;1.0;0.00555419921875;0.9269461077844311
GRLLN6_0_820_1640_1332_2152;422;700;[195, 132, 280, 223];[196, 132, 281, 223];2977.0;3138.0;0.9263412952423096;1.0;0.36572265625;0.9767441860465116
GRLLN6_0_820_1640_1332_2152;423;698;[8, 22, 85, 103];[10, 28, 81, 101];2015.0;2307.0;0.7873831987380981;1.0;0.83544921875;0.8310084976751644
GRLLN6_0_820_1640_1332_2152;424;-1;[323, 22, 345, 36];;146.5;0.0;0.0;1.0;0.0;0.0
GRLLN6_0_820_1640_1332_2152;-1;701;;[296, 328, 335, 369];0.0;934.0;0.0;;0.26123046875;0.0
GRLLN6_0_820_1640_1332_2152;-1;702;;[12, 360, 47, 379];0.0;411.0;0.0;;0.023773193359375;0.0
GRLLN6_0_1025_1640_1537_2152;425;-1;[331, 456, 342, 472];;94.5;0.0;0.0;1.0;0.0;0.0
GRLLN6_0_1025_1640_1537_2152;426;29;[384, 426, 439, 453];[384, 426, 439, 453];688.5;909.0;0.7680569887161255;1.0;0.0062408447265625;1.0
GRLLN6_0_1025_1640_1537_2152;427;-1;[0, 473, 38, 512];;787.5;0.0;0.0;1.0;0.0;0.0
GRLLN6_0_1025_1640_1537_2152;428;-1;[477, 407, 512, 438];;177.5;0.0;0.0;1.0;0.0;0.0
GRLLN6_0_1025_1640_1537_2152;429;27;[263, 133, 315, 198];[264, 134, 345, 203];1078.5;2703.0;0.41549789905548096;1.0;0.88330078125;0.5721297107800175
GRLLN6_0_1025_1640_1537_2152;430;-1;[0, 132, 75, 223];;2868.5;0.0;0.0;1.0;0.0;0.0
GRLLN6_0_1025_1640_1537_2152;431;-1;[403, 95, 422, 113];;150.0;0.0;0.0;1.0;0.0;0.0
GRLLN6_0_1025_1640_1537_2152;432;-1;[118, 22, 140, 36];;146.5;0.0;0.0;1.0;0.0;0.0
GRLLN6_0_1025_1640_1537_2152;-1;28;;[92, 328, 129, 369];0.0;904.0;0.0;;0.466796875;0.0
GRLLN6_0_1230_1640_1742_2152;433;-1;[126, 456, 137, 472];;94.5;0.0;0.0;1.0;0.0;0.0
GRLLN6_0_1230_1640_1742_2152;434;-1;[421, 194, 450, 207];;244.5;0.0;0.0;1.0;0.0;0.0
GRLLN6_0_1230_1640_1742_2152;435;71;[179, 426, 234, 453];[178, 426, 233, 453];688.5;920.0;0.7695431709289551;1.0;0.0115509033203125;0.9642857142857143
GRLLN6_0_1230_1640_1742_2152;436;70;[272, 396, 325, 438];[274, 398, 347, 455];448.0;1073.0;0.3759094476699829;1.0;0.0160980224609375;0.4692891649413389
GRLLN6_0_1230_1640_1742_2152;437;69;[428, 385, 511, 444];[428, 384, 511, 443];1607.5;1919.0;0.818965494632721;1.0;0.36376953125;0.9666666666666667
GRLLN6_0_1230_1640_1742_2152;438;68;[335, 277, 363, 316];[334, 276, 363, 317];474.5;711.0;0.6713735461235046;1.0;0.75341796875;0.9184188393608074
GRLLN6_0_1230_1640_1742_2152;439;67;[342, 190, 384, 223];[344, 190, 385, 225];556.5;825.0;0.6568946838378906;1.0;0.81884765625;0.8794137241838774
GRLLN6_0_1230_1640_1742_2152;440;65;[58, 133, 110, 198];[60, 134, 139, 203];1078.5;2760.0;0.40859106183052063;1.0;0.89111328125;0.5682827206535251
GRLLN6_0_1230_1640_1742_2152;441;-1;[422, 195, 452, 204];;183.0;0.0;0.0;1.0;0.0;0.0
GRLLN6_0_1230_1640_1742_2152;442;66;[347, 87, 412, 189];[348, 90, 413, 187];1463.5;2172.0;0.6716101765632629;1.0;0.8623046875;0.9228482235766314
GRLLN6_0_1230_1640_1742_2152;443;-1;[198, 95, 217, 113];;150.0;0.0;0.0;1.0;0.0;0.0
GRLLN6_0_1435_1640_1947_2152;444;-1;[216, 194, 245, 207];;244.5;0.0;0.0;1.0;0.0;0.0
GRLLN6_0_1435_1640_1947_2152;445;-1;[0, 426, 29, 453];;362.0;0.0;0.0;1.0;0.0;0.0
GRLLN6_0_1435_1640_1947_2152;446;-1;[436, 484, 445, 509];;155.0;0.0;0.0;1.0;0.0;0.0
GRLLN6_0_1435_1640_1947_2152;447;-1;[329, 452, 360, 512];;1193.5;0.0;0.0;1.0;0.0;0.0
GRLLN6_0_1435_1640_1947_2152;448;109;[67, 396, 120, 438];[68, 396, 141, 455];448.0;1152.0;0.3925750255584717;1.0;0.0177764892578125;0.5021844102092435
GRLLN6_0_1435_1640_1947_2152;449;108;[223, 385, 306, 444];[222, 384, 307, 443];1607.5;2018.0;0.7857469320297241;1.0;0.6318359375;0.9442918791683013
GRLLN6_0_1435_1640_1947_2152;450;102;[359, 355, 426, 436];[364, 354, 425, 435];1697.0;2168.0;0.7541613578796387;1.0;0.91943359375;0.8892128279883382
GRLLN6_0_1435_1640_1947_2152;451;107;[130, 277, 158, 316];[130, 276, 159, 317];474.5;734.0;0.663739025592804;1.0;0.73876953125;0.9184188393608074
GRLLN6_0_1435_1640_1947_2152;452;103;[312, 247, 377, 293];[312, 248, 375, 293];1146.0;1512.0;0.7509270906448364;1.0;0.91064453125;0.9481605351170569
GRLLN6_0_1435_1640_1947_2152;453;104;[137, 190, 179, 223];[140, 190, 179, 225];556.5;811.0;0.6674008965492249;1.0;0.85107421875;0.8790983606557377
GRLLN6_0_1435_1640_1947_2152;454;106;[448, 170, 512, 224];[450, 172, 511, 223];1102.5;1480.0;0.712798535823822;1.0;0.75341796875;0.9001736111111112
GRLLN6_0_1435_1640_1947_2152;455;-1;[217, 195, 247, 204];;183.0;0.0;0.0;1.0;0.0;0.0
GRLLN6_0_1435_1640_1947_2152;456;105;[142, 87, 207, 189];[144, 90, 207, 187];1463.5;2091.0;0.6883741021156311;1.0;0.83349609375;0.9217194570135746
GRLLN6_0_1435_1640_1947_2152;457;-1;[0, 100, 12, 113];;87.5;0.0;0.0;1.0;0.0;0.0
GRLLN6_0_1640_1640_2152_2152;458;146;[388, 414, 412, 444];[388, 414, 415, 445];390.5;536.0;0.6916666626930237;1.0;0.80419921875;0.8602150537634409
GRLLN6_0_1640_1640_2152_2152;459;-1;[380, 326, 390, 351];;143.5;0.0;0.0;1.0;0.0;0.0
GRLLN6_0_1640_1640_2152_2152;460;-1;[11, 194, 40, 207];;244.5;0.0;0.0;1.0;0.0;0.0
GRLLN6_0_1640_1640_2152_2152;461;-1;[231, 484, 240, 509];;155.0;0.0;0.0;1.0;0.0;0.0
GRLLN6_0_1640_1640_2152_2152;462;-1;[124, 452, 155, 512];;1193.5;0.0;0.0;1.0;0.0;0.0
GRLLN6_0_1640_1640_2152_2152;463;147;[18, 385, 101, 444];[18, 384, 101, 443];1607.5;1877.0;0.8304093480110168;1.0;0.57373046875;0.9666666666666667
GRLLN6_0_1640_1640_2152_2152;464;143;[154, 355, 221, 436];[160, 354, 219, 435];1697.0;2138.0;0.7712305188179016;1.0;0.90966796875;0.8603718556325192
GRLLN6_0_1640_1640_2152_2152;465;144;[107, 247, 172, 293];[108, 248, 171, 293];1146.0;1519.0;0.7503075003623962;1.0;0.8818359375;0.9481605351170569
GRLLN6_0_1640_1640_2152_2152;466;145;[243, 170, 325, 224];[244, 172, 323, 223];1229.5;1687.0;0.7125813364982605;1.0;0.841796875;0.9098915989159891
GRLLN6_0_1640_1640_2152_2152;467;-1;[471, 153, 512, 205];;678.0;0.0;0.0;1.0;0.0;0.0
GRLLN6_0_1640_1640_2152_2152;468;-1;[12, 195, 42, 204];;183.0;0.0;0.0;1.0;0.0;0.0
GRLLN6_0_1845_1640_2357_2152;469;194;[382, 388, 463, 466];[382, 390, 473, 511];2218.333333333333;4076.0;0.5713291764259338;1.0;0.82763671875;0.5509710910230019
GRLLN6_0_1845_1640_2357_2152;470;195;[444, 198, 485, 232];[444, 198, 487, 231];535.0;882.0;0.632016658782959;1.0;0.7734375;0.9267123287671233
GRLLN6_0_1845_1640_2357_2152;471;193;[183, 414, 207, 444];[184, 414, 209, 445];390.5;549.0;0.6650485396385193;1.0;0.830078125;0.8571428571428571
GRLLN6_0_1845_1640_2357_2152;472;-1;[175, 326, 185, 351];;143.5;0.0;0.0;1.0;0.0;0.0
GRLLN6_0_1845_1640_2357_2152;473;-1;[26, 484, 35, 509];;155.0;0.0;0.0;1.0;0.0;0.0
GRLLN6_0_1845_1640_2357_2152;474;-1;[0, 379, 16, 405];;180.0;0.0;0.0;1.0;0.0;0.0
GRLLN6_0_1845_1640_2357_2152;475;192;[38, 170, 120, 224];[40, 172, 119, 223];1229.5;1597.0;0.7575930953025818;1.0;0.85107421875;0.9098915989159891
GRLLN6_0_1845_1640_2357_2152;476;191;[266, 153, 383, 252];[266, 154, 383, 251];2935.5;3320.0;0.8763061165809631;1.0;0.927734375;0.9797979797979798
GRLLN6_0_2050_1640_2562_2152;477;243;[406, 408, 469, 488];[372, 412, 471, 493];1795.5;2965.0;0.6092544794082642;1.0;0.7734375;0.5788900979325353
GRLLN6_0_2050_1640_2562_2152;478;241;[177, 388, 258, 466];[178, 390, 257, 471];2218.333333333333;3516.0;0.6456944942474365;1.0;0.85986328125;0.8943840309846567
GRLLN6_0_2050_1640_2562_2152;479;244;[469, 338, 512, 375];[472, 340, 511, 375];775.0;787.0;0.7790697813034058;1.0;0.7294921875;0.857950974230044
GRLLN6_0_2050_1640_2562_2152;480;245;[322, 248, 406, 341];[322, 250, 407, 341];2389.5;2628.0;0.8459173440933228;1.0;0.673828125;0.9672276350752879
GRLLN6_0_2050_1640_2562_2152;481;242;[239, 198, 280, 232];[240, 198, 281, 231];535.0;854.0;0.636847734451294;1.0;0.85009765625;0.9250175192711984
GRLLN6_0_2050_1640_2562_2152;482;240;[61, 153, 178, 252];[62, 154, 179, 251];2935.5;3320.0;0.8689538836479187;1.0;0.95458984375;0.9633561643835616
GRLLN6_0_2255_1640_2767_2152;483;-1;[357, 150, 378, 161];;145.0;0.0;0.0;1.0;0.0;0.0
GRLLN6_0_2255_1640_2767_2152;484;307;[369, 402, 447, 483];[370, 402, 447, 491];2120.5;2697.0;0.7888655662536621;1.0;0.88232421875;0.8994808191520046
GRLLN6_0_2255_1640_2767_2152;485;309;[201, 408, 264, 488];[168, 412, 265, 491];1795.5;2879.0;0.6258256435394287;1.0;0.73876953125;0.6049273531269741
GRLLN6_0_2255_1640_2767_2152;486;311;[0, 388, 53, 466];[0, 390, 53, 471];1455.5;2341.0;0.5696923732757568;1.0;0.5908203125;0.9156626506024096
GRLLN6_0_2255_1640_2767_2152;487;306;[264, 338, 332, 375];[266, 338, 333, 375];1105.0;1278.0;0.8487699031829834;1.0;0.8857421875;0.9565217391304348
GRLLN6_0_2255_1640_2767_2152;488;310;[117, 248, 201, 341];[118, 250, 201, 341];2389.5;2689.0;0.8274588584899902;1.0;0.63330078125;0.9668458781362007
GRLLN6_0_2255_1640_2767_2152;489;308;[34, 198, 75, 232];[34, 198, 75, 231];535.0;860.0;0.6534759402275085;1.0;0.7646484375;0.9705882352941176
GRLLN6_0_2255_1640_2767_2152;490;-1;[479, 38, 493, 56];;177.0;0.0;0.0;1.0;0.0;0.0
GRLLN6_0_2255_1640_2767_2152;491;-1;[324, 0, 337, 13];;110.0;0.0;0.0;1.0;0.0;0.0
GRLLN6_0_2255_1640_2767_2152;492;-1;[357, 150, 378, 161];;136.0;0.0;0.0;1.0;0.0;0.0
GRLLN6_0_2255_1640_2767_2152;493;-1;[431, 100, 512, 152];;1241.5;0.0;0.0;1.0;0.0;0.0
GRLLN6_0_2460_1640_2972_2152;494;-1;[152, 150, 173, 161];;145.0;0.0;0.0;1.0;0.0;0.0
GRLLN6_0_2460_1640_2972_2152;495;-1;[444, 59, 459, 75];;147.0;0.0;0.0;1.0;0.0;0.0
GRLLN6_0_2460_1640_2972_2152;496;-1;[420, 414, 432, 431];;109.5;0.0;0.0;1.0;0.0;0.0
GRLLN6_0_2460_1640_2972_2152;497;-1;[330, 476, 361, 512];;807.0;0.0;0.0;1.0;0.0;0.0
GRLLN6_0_2460_1640_2972_2152;498;355;[164, 402, 242, 483];[166, 402, 243, 491];2120.5;2771.0;0.7655877470970154;1.0;0.86962890625;0.8775481111903065
GRLLN6_0_2460_1640_2972_2152;499;356;[0, 413, 59, 488];[0, 414, 59, 489];1719.0;2055.0;0.8077448606491089;1.0;0.71533203125;0.9736842105263158
GRLLN6_0_2460_1640_2972_2152;500;353;[59, 338, 127, 375];[62, 338, 129, 375];1105.0;1287.0;0.8470418453216553;1.0;0.89404296875;0.9285714285714286
GRLLN6_0_2460_1640_2972_2152;501;-1;[476, 93, 486, 106];;68.5;0.0;0.0;1.0;0.0;0.0
GRLLN6_0_2460_1640_2972_2152;502;-1;[274, 38, 288, 56];;177.0;0.0;0.0;1.0;0.0;0.0
GRLLN6_0_2460_1640_2972_2152;503;-1;[119, 0, 132, 13];;110.0;0.0;0.0;1.0;0.0;0.0
GRLLN6_0_2460_1640_2972_2152;504;-1;[152, 150, 173, 161];;136.0;0.0;0.0;1.0;0.0;0.0
GRLLN6_0_2460_1640_2972_2152;505;-1;[445, 60, 460, 75];;115.0;0.0;0.0;1.0;0.0;0.0
GRLLN6_0_2460_1640_2972_2152;506;354;[226, 96, 350, 152];[230, 96, 347, 151];1898.5;3317.0;0.5701382756233215;1.0;0.8857421875;0.9266993087557603
GRLLN6_0_2665_1640_3177_2152;507;-1;[366, 262, 380, 286];;201.5;0.0;0.0;1.0;0.0;0.0
GRLLN6_0_2665_1640_3177_2152;508;-1;[437, 124, 454, 145];;159.0;0.0;0.0;1.0;0.0;0.0
GRLLN6_0_2665_1640_3177_2152;509;-1;[239, 59, 254, 75];;147.0;0.0;0.0;1.0;0.0;0.0
GRLLN6_0_2665_1640_3177_2152;510;-1;[215, 414, 227, 431];;109.5;0.0;0.0;1.0;0.0;0.0
GRLLN6_0_2665_1640_3177_2152;511;-1;[125, 476, 156, 512];;807.0;0.0;0.0;1.0;0.0;0.0
GRLLN6_0_2665_1640_3177_2152;512;395;[0, 424, 37, 483];[0, 424, 37, 491];1292.0;1796.0;0.6881775856018066;1.0;0.82080078125;0.8805970149253731
GRLLN6_0_2665_1640_3177_2152;513;394;[430, 252, 499, 311];[432, 254, 499, 315];2470.0;2928.0;0.8055198788642883;1.0;0.8916015625;0.8801567181378198
GRLLN6_0_2665_1640_3177_2152;514;-1;[271, 93, 281, 106];;68.5;0.0;0.0;1.0;0.0;0.0
GRLLN6_0_2665_1640_3177_2152;515;-1;[403, 59, 424, 68];;115.5;0.0;0.0;1.0;0.0;0.0
GRLLN6_0_2665_1640_3177_2152;516;-1;[69, 38, 83, 56];;177.0;0.0;0.0;1.0;0.0;0.0
GRLLN6_0_2665_1640_3177_2152;517;-1;[240, 60, 255, 75];;115.0;0.0;0.0;1.0;0.0;0.0
GRLLN6_0_2665_1640_3177_2152;518;393;[21, 96, 145, 152];[26, 96, 143, 151];1898.5;3311.0;0.5674078464508057;1.0;0.91650390625;0.9266993087557603
GRLLN6_0_2870_1640_3382_2152;519;-1;[161, 262, 175, 286];;201.5;0.0;0.0;1.0;0.0;0.0
GRLLN6_0_2870_1640_3382_2152;520;-1;[232, 124, 249, 145];;159.0;0.0;0.0;1.0;0.0;0.0
GRLLN6_0_2870_1640_3382_2152;521;-1;[34, 59, 49, 75];;147.0;0.0;0.0;1.0;0.0;0.0
GRLLN6_0_2870_1640_3382_2152;522;-1;[10, 414, 22, 431];;109.5;0.0;0.0;1.0;0.0;0.0
GRLLN6_0_2870_1640_3382_2152;523;-1;[358, 167, 378, 183];;214.5;0.0;0.0;1.0;0.0;0.0
GRLLN6_0_2870_1640_3382_2152;524;430;[349, 375, 425, 430];[350, 376, 425, 433];2038.0;2796.0;0.7020847201347351;1.0;0.896484375;0.9194097616345063
GRLLN6_0_2870_1640_3382_2152;525;429;[225, 252, 294, 311];[228, 254, 293, 315];2470.0;2911.0;0.8014116287231445;1.0;0.90185546875;0.8554606326483492
GRLLN6_0_2870_1640_3382_2152;526;431;[465, 211, 507, 258];[464, 212, 507, 257];742.5;962.0;0.7345794439315796;1.0;0.35400390625;0.9361069836552749
GRLLN6_0_2870_1640_3382_2152;527;-1;[66, 93, 76, 106];;68.5;0.0;0.0;1.0;0.0;0.0
GRLLN6_0_2870_1640_3382_2152;528;-1;[198, 59, 219, 68];;115.5;0.0;0.0;1.0;0.0;0.0
GRLLN6_0_2870_1640_3382_2152;529;-1;[35, 60, 50, 75];;115.0;0.0;0.0;1.0;0.0;0.0
GRLLN6_0_2870_1640_3382_2152;530;-1;[358, 168, 378, 183];;174.0;0.0;0.0;1.0;0.0;0.0
GRLLN6_0_3075_1640_3587_2152;531;-1;[27, 124, 44, 145];;159.0;0.0;0.0;1.0;0.0;0.0
GRLLN6_0_3075_1640_3587_2152;532;-1;[377, 393, 397, 408];;174.5;0.0;0.0;1.0;0.0;0.0
GRLLN6_0_3075_1640_3587_2152;533;-1;[417, 494, 441, 507];;169.0;0.0;0.0;1.0;0.0;0.0
GRLLN6_0_3075_1640_3587_2152;534;-1;[153, 167, 173, 183];;214.5;0.0;0.0;1.0;0.0;0.0
GRLLN6_0_3075_1640_3587_2152;535;476;[144, 375, 220, 430];[146, 376, 221, 433];2038.0;2733.0;0.7025187015533447;1.0;0.89892578125;0.8961650594303655
GRLLN6_0_3075_1640_3587_2152;536;477;[20, 252, 89, 311];[22, 254, 89, 315];2470.0;2905.0;0.804964542388916;1.0;0.87744140625;0.8801567181378198
GRLLN6_0_3075_1640_3587_2152;537;478;[260, 211, 302, 258];[260, 212, 301, 257];742.5;922.0;0.7536092400550842;1.0;0.8427734375;0.9346504559270516
GRLLN6_0_3075_1640_3587_2152;538;475;[382, 151, 455, 238];[386, 152, 457, 239];2072.5;2549.0;0.8060583472251892;1.0;0.90380859375;0.899909008189263
GRLLN6_0_3075_1640_3587_2152;539;-1;[0, 59, 14, 68];;85.0;0.0;0.0;1.0;0.0;0.0
GRLLN6_0_3075_1640_3587_2152;540;-1;[153, 168, 173, 183];;174.0;0.0;0.0;1.0;0.0;0.0
GRLLN6_0_3075_1640_3587_2152;541;479;[326, 0, 388, 48];[326, 0, 385, 49];896.5;1366.0;0.6409912705421448;1.0;0.5078125;0.9331136738056013
GRLLN6_0_3280_1640_3792_2152;542;-1;[172, 393, 192, 408];;174.5;0.0;0.0;1.0;0.0;0.0
GRLLN6_0_3280_1640_3792_2152;543;-1;[212, 494, 236, 507];;169.0;0.0;0.0;1.0;0.0;0.0
GRLLN6_0_3280_1640_3792_2152;544;-1;[0, 377, 15, 414];;418.0;0.0;0.0;1.0;0.0;0.0
GRLLN6_0_3280_1640_3792_2152;545;525;[55, 211, 97, 258];[56, 212, 97, 257];742.5;916.0;0.7584869265556335;1.0;0.77197265625;0.9346504559270516
GRLLN6_0_3280_1640_3792_2152;546;524;[177, 151, 250, 238];[180, 152, 251, 239];2072.5;2492.0;0.826908528804779;1.0;0.88427734375;0.9250153657037492
GRLLN6_0_3280_1640_3792_2152;547;526;[121, 0, 183, 48];[122, 0, 181, 49];896.5;1355.0;0.6386271715164185;1.0;0.43017578125;0.9331136738056013
GRLLN6_0_3485_1640_3997_2152;548;-1;[7, 494, 31, 507];;169.0;0.0;0.0;1.0;0.0;0.0
GRLLN6_0_3485_1640_3997_2152;549;567;[0, 158, 45, 238];[0, 164, 45, 239];1832.0;1953.0;0.8914177417755127;1.0;0.71044921875;0.9135802469135802
GRLLN6_0_0_1845_512_2357;550;-1;[464, 21, 480, 35];;123.0;0.0;0.0;1.0;0.0;0.0
GRLLN6_0_0_1845_512_2357;-1;5;;[104, 396, 141, 433];0.0;855.0;0.0;;0.042724609375;0.0
GRLLN6_0_0_1845_512_2357;-1;6;;[402, 332, 427, 361];0.0;432.0;0.0;;0.0137939453125;0.0
GRLLN6_0_205_1845_717_2357;551;-1;[259, 21, 275, 35];;123.0;0.0;0.0;1.0;0.0;0.0
GRLLN6_0_205_1845_717_2357;552;297;[415, 154, 450, 187];[416, 154, 449, 187];520.0;729.0;0.676506757736206;1.0;0.330322265625;0.9428571428571428
GRLLN6_0_205_1845_717_2357;553;-1;[496, 426, 512, 467];;356.5;0.0;0.0;1.0;0.0;0.0
GRLLN6_0_205_1845_717_2357;554;296;[488, 117, 512, 149];[488, 120, 511, 149];439.5;507.0;0.7630252242088318;1.0;0.33642578125;0.8684895833333334
GRLLN6_0_410_1845_922_2357;555;-1;[54, 21, 70, 35];;123.0;0.0;0.0;1.0;0.0;0.0
GRLLN6_0_410_1845_922_2357;556;-1;[475, 498, 486, 512];;84.5;0.0;0.0;1.0;0.0;0.0
GRLLN6_0_410_1845_922_2357;557;617;[210, 154, 245, 187];[212, 154, 243, 187];520.0;747.0;0.6812652349472046;1.0;0.346923828125;0.8857142857142857
GRLLN6_0_410_1845_922_2357;558;618;[390, 359, 423, 398];[390, 358, 425, 399];596.0;919.0;0.6731557250022888;1.0;0.275146484375;0.8968641114982578
GRLLN6_0_410_1845_922_2357;559;621;[291, 414, 335, 467];[292, 414, 333, 465];674.0;998.0;0.6611872315406799;1.0;0.095703125;0.8966552315608919
GRLLN6_0_410_1845_922_2357;560;-1;[494, 421, 512, 454];;433.0;0.0;0.0;1.0;0.0;0.0
GRLLN6_0_410_1845_922_2357;561;619;[283, 63, 337, 159];[284, 68, 337, 159];995.5;1384.0;0.6980769038200378;1.0;0.26904296875;0.9303626543209876
GRLLN6_0_410_1845_922_2357;-1;620;;[356, 190, 395, 211];0.0;665.0;0.0;;0.1688232421875;0.0
GRLLN6_0_615_1845_1127_2357;562;-1;[270, 498, 281, 512];;84.5;0.0;0.0;1.0;0.0;0.0
GRLLN6_0_615_1845_1127_2357;563;658;[5, 154, 40, 187];[8, 154, 39, 187];520.0;646.0;0.7053333520889282;1.0;0.42431640625;0.8857142857142857
GRLLN6_0_615_1845_1127_2357;564;659;[185, 359, 218, 398];[184, 358, 221, 399];596.0;902.0;0.6865203976631165;1.0;0.373046875;0.8483849703361899
GRLLN6_0_615_1845_1127_2357;565;662;[86, 414, 130, 467];[86, 414, 129, 465];674.0;1040.0;0.6509768962860107;1.0;0.05877685546875;0.9403945111492281
GRLLN6_0_615_1845_1127_2357;566;657;[289, 388, 392, 477];[290, 392, 389, 479];2691.0;3069.0;0.8254913687705994;1.0;0.88623046875;0.8985584623598505
GRLLN6_0_615_1845_1127_2357;567;656;[348, 268, 463, 332];[348, 268, 461, 329];2752.5;3123.0;0.8402366638183594;1.0;0.9306640625;0.9365489130434783
GRLLN6_0_615_1845_1127_2357;568;660;[78, 63, 132, 159];[78, 68, 133, 159];995.5;1401.0;0.6907936334609985;1.0;0.35400390625;0.931563981042654
GRLLN6_0_615_1845_1127_2357;569;-1;[441, 0, 485, 18];;548.5;0.0;0.0;1.0;0.0;0.0
GRLLN6_0_615_1845_1127_2357;-1;661;;[150, 190, 191, 211];0.0;688.0;0.0;;0.097412109375;0.0
GRLLN6_0_820_1845_1332_2357;570;-1;[65, 498, 76, 512];;84.5;0.0;0.0;1.0;0.0;0.0
GRLLN6_0_820_1845_1332_2357;571;-1;[0, 359, 13, 380];;189.0;0.0;0.0;1.0;0.0;0.0
GRLLN6_0_820_1845_1332_2357;572;706;[316, 468, 361, 498];[316, 468, 363, 499];642.5;988.0;0.6518518328666687;1.0;0.80078125;0.9265614275909403
GRLLN6_0_820_1845_1332_2357;573;705;[84, 388, 187, 477];[86, 392, 185, 477];2691.0;3012.0;0.8238824009895325;1.0;0.9013671875;0.9179666193956584
GRLLN6_0_820_1845_1332_2357;574;708;[414, 326, 506, 399];[414, 332, 507, 399];1849.5;1961.0;0.861404299736023;1.0;0.092041015625;0.9087424443461595
GRLLN6_0_820_1845_1332_2357;575;704;[143, 268, 258, 332];[144, 268, 255, 329];2752.5;3161.0;0.8309900164604187;1.0;0.93212890625;0.9199728260869565
GRLLN6_0_820_1845_1332_2357;576;-1;[236, 0, 280, 18];;548.5;0.0;0.0;1.0;0.0;0.0
GRLLN6_0_820_1845_1332_2357;-1;707;;[296, 122, 335, 163];0.0;927.0;0.0;;0.15869140625;0.0
GRLLN6_0_1025_1845_1537_2357;577;-1;[372, 455, 385, 469];;80.5;0.0;0.0;1.0;0.0;0.0
GRLLN6_0_1025_1845_1537_2357;578;-1;[331, 251, 342, 267];;94.5;0.0;0.0;1.0;0.0;0.0
GRLLN6_0_1025_1845_1537_2357;579;33;[384, 221, 439, 248];[382, 222, 439, 247];688.5;939.0;0.7399014830589294;1.0;0.0147857666015625;0.8957654723127035
GRLLN6_0_1025_1845_1537_2357;580;30;[111, 468, 156, 498];[112, 468, 157, 499];642.5;995.0;0.6848030090332031;1.0;0.8173828125;0.9263157894736842
GRLLN6_0_1025_1845_1537_2357;581;32;[209, 326, 301, 399];[210, 318, 301, 399];1849.5;2330.0;0.7843925952911377;1.0;0.26513671875;0.8923965609887158
GRLLN6_0_1025_1845_1537_2357;582;-1;[0, 268, 53, 331];;1402.5;0.0;0.0;1.0;0.0;0.0
GRLLN6_0_1025_1845_1537_2357;583;-1;[477, 202, 512, 233];;177.5;0.0;0.0;1.0;0.0;0.0
GRLLN6_0_1025_1845_1537_2357;584;-1;[31, 0, 75, 18];;548.5;0.0;0.0;1.0;0.0;0.0
GRLLN6_0_1025_1845_1537_2357;-1;31;;[92, 122, 129, 163];0.0;924.0;0.0;;0.289306640625;0.0
GRLLN6_0_1230_1845_1742_2357;585;-1;[167, 455, 180, 469];;80.5;0.0;0.0;1.0;0.0;0.0
GRLLN6_0_1230_1845_1742_2357;586;-1;[126, 251, 137, 267];;94.5;0.0;0.0;1.0;0.0;0.0
GRLLN6_0_1230_1845_1742_2357;588;76;[179, 221, 234, 248];[178, 222, 233, 247];688.5;907.0;0.7573603987693787;1.0;0.0304412841796875;0.8940397350993378
GRLLN6_0_1230_1845_1742_2357;589;-1;[470, 372, 485, 386];;136.0;0.0;0.0;1.0;0.0;0.0
GRLLN6_0_1230_1845_1742_2357;590;-1;[425, 457, 444, 468];;129.5;0.0;0.0;1.0;0.0;0.0
GRLLN6_0_1230_1845_1742_2357;591;-1;[445, 502, 512, 512];;547.5;0.0;0.0;1.0;0.0;0.0
GRLLN6_0_1230_1845_1742_2357;592;75;[4, 326, 96, 399];[6, 332, 95, 399];1849.5;1941.0;0.8410022854804993;1.0;0.1795654296875;0.8878796902918403
GRLLN6_0_1230_1845_1742_2357;593;-1;[452, 316, 512, 339];;981.5;0.0;0.0;1.0;0.0;0.0
GRLLN6_0_1230_1845_1742_2357;594;77;[272, 191, 325, 233];[272, 192, 347, 249];448.0;1164.0;0.37798306345939636;1.0;0.0284423828125;0.5020794824399261
GRLLN6_0_1230_1845_1742_2357;595;74;[428, 180, 511, 239];[428, 180, 511, 237];1607.5;1924.0;0.803605318069458;1.0;0.1912841796875;0.9661016949152542
GRLLN6_0_1230_1845_1742_2357;596;73;[335, 72, 363, 111];[334, 70, 363, 111];474.5;715.0;0.6734955310821533;1.0;0.7607421875;0.9184188393608074
GRLLN6_0_1230_1845_1742_2357;597;72;[346, 0, 384, 18];[346, 0, 385, 19];369.5;529.0;0.7137930989265442;1.0;0.76904296875;0.9230769230769231
GRLLN6_0_1435_1845_1947_2357;599;-1;[0, 221, 29, 248];;362.0;0.0;0.0;1.0;0.0;0.0
GRLLN6_0_1435_1845_1947_2357;600;-1;[436, 279, 445, 304];;155.0;0.0;0.0;1.0;0.0;0.0
GRLLN6_0_1435_1845_1947_2357;601;-1;[265, 372, 280, 386];;136.0;0.0;0.0;1.0;0.0;0.0
GRLLN6_0_1435_1845_1947_2357;602;-1;[220, 457, 239, 468];;129.5;0.0;0.0;1.0;0.0;0.0
GRLLN6_0_1435_1845_1947_2357;603;-1;[460, 453, 488, 465];;210.5;0.0;0.0;1.0;0.0;0.0
GRLLN6_0_1435_1845_1947_2357;604;-1;[240, 502, 322, 512];;636.5;0.0;0.0;1.0;0.0;0.0
GRLLN6_0_1435_1845_1947_2357;605;111;[247, 247, 360, 369];[248, 248, 361, 369];2994.0;3849.0;0.7515677809715271;1.0;0.908203125;0.9744732868339685
GRLLN6_0_1435_1845_1947_2357;606;116;[67, 191, 120, 233];[68, 192, 141, 249];448.0;1189.0;0.3686600923538208;1.0;0.0293121337890625;0.5010575793184489
GRLLN6_0_1435_1845_1947_2357;607;115;[223, 180, 306, 239];[224, 178, 307, 237];1607.5;2010.0;0.7843047380447388;1.0;0.48828125;0.912890625
GRLLN6_0_1435_1845_1947_2357;608;110;[359, 150, 426, 231];[364, 148, 425, 231];1697.0;2332.0;0.7151442170143127;1.0;0.92578125;0.8904307082357181
GRLLN6_0_1435_1845_1947_2357;609;114;[130, 72, 158, 111];[130, 70, 159, 113];474.5;740.0;0.6579601764678955;1.0;0.5869140625;0.8757016840417001
GRLLN6_0_1435_1845_1947_2357;610;112;[312, 42, 377, 88];[312, 42, 377, 89];1146.0;1565.0;0.7493946552276611;1.0;0.90185546875;0.9787234042553191
GRLLN6_0_1435_1845_1947_2357;611;113;[141, 0, 179, 18];[140, 0, 179, 19];369.5;550.0;0.6793388724327087;1.0;0.74462890625;0.9230769230769231
GRLLN6_0_1435_1845_1947_2357;612;117;[459, 0, 489, 19];[458, 0, 489, 19];276.5;435.0;0.6262626051902771;1.0;0.02001953125;0.967741935483871
GRLLN6_0_1640_1845_2152_2357;613;152;[388, 209, 412, 239];[388, 208, 413, 241];390.5;573.0;0.6878980994224548;1.0;0.8310546875;0.8727272727272727
GRLLN6_0_1640_1845_2152_2357;614;-1;[380, 121, 390, 146];;143.5;0.0;0.0;1.0;0.0;0.0
GRLLN6_0_1640_1845_2152_2357;616;-1;[231, 279, 240, 304];;155.0;0.0;0.0;1.0;0.0;0.0
GRLLN6_0_1640_1845_2152_2357;617;-1;[60, 372, 75, 386];;136.0;0.0;0.0;1.0;0.0;0.0
GRLLN6_0_1640_1845_2152_2357;618;-1;[15, 457, 34, 468];;129.5;0.0;0.0;1.0;0.0;0.0
GRLLN6_0_1640_1845_2152_2357;619;-1;[255, 453, 283, 465];;210.5;0.0;0.0;1.0;0.0;0.0
GRLLN6_0_1640_1845_2152_2357;620;-1;[35, 502, 117, 512];;636.5;0.0;0.0;1.0;0.0;0.0
GRLLN6_0_1640_1845_2152_2357;621;150;[377, 367, 482, 425];[382, 366, 481, 423];2329.5;2891.0;0.8016313314437866;1.0;0.896484375;0.8957828405235094
GRLLN6_0_1640_1845_2152_2357;622;148;[42, 247, 155, 369];[44, 250, 155, 369];2994.0;3899.0;0.7421578168869019;1.0;0.94482421875;0.9581459451617583
GRLLN6_0_1640_1845_2152_2357;623;153;[18, 180, 101, 239];[18, 180, 101, 237];1607.5;1869.0;0.8236151337623596;1.0;0.67236328125;0.9661016949152542
GRLLN6_0_1640_1845_2152_2357;624;149;[154, 150, 221, 231];[158, 148, 219, 231];1697.0;2284.0;0.7350532412528992;1.0;0.92138671875;0.8904307082357181
GRLLN6_0_1640_1845_2152_2357;625;151;[107, 42, 172, 88];[108, 42, 171, 89];1146.0;1589.0;0.7288941740989685;1.0;0.88818359375;0.9492302653128071
GRLLN6_0_1640_1845_2152_2357;626;154;[254, 0, 284, 19];[254, 0, 283, 19];276.5;383.0;0.557851254940033;1.0;0.1490478515625;0.9666666666666667
GRLLN6_0_1845_1845_2357_2357;627;199;[438, 393, 464, 410];[438, 394, 465, 411];294.5;358.0;0.7804877758026123;1.0;0.69580078125;0.8577319587628865
GRLLN6_0_1845_1845_2357_2357;628;196;[382, 183, 463, 261];[382, 184, 501, 331];2218.333333333333;4563.0;0.508345365524292;1.0;0.8984375;0.35489928303175144
GRLLN6_0_1845_1845_2357_2357;629;202;[444, 0, 485, 27];[444, 0, 485, 25];445.5;683.0;0.6684073209762573;1.0;0.032958984375;0.9259259259259259
GRLLN6_0_1845_1845_2357_2357;630;198;[183, 209, 207, 239];[184, 208, 209, 241];390.5;559.0;0.6634768843650818;1.0;0.81396484375;0.8070175438596491
GRLLN6_0_1845_1845_2357_2357;631;-1;[175, 121, 185, 146];;143.5;0.0;0.0;1.0;0.0;0.0
GRLLN6_0_1845_1845_2357_2357;632;-1;[26, 279, 35, 304];;155.0;0.0;0.0;1.0;0.0;0.0
GRLLN6_0_1845_1845_2357_2357;633;-1;[50, 453, 78, 465];;210.5;0.0;0.0;1.0;0.0;0.0
GRLLN6_0_1845_1845_2357_2357;634;197;[172, 367, 277, 425];[176, 366, 277, 423];2329.5;3009.0;0.7771122455596924;1.0;0.8681640625;0.9135842351801001
GRLLN6_0_1845_1845_2357_2357;635;-1;[0, 174, 16, 200];;180.0;0.0;0.0;1.0;0.0;0.0
GRLLN6_0_1845_1845_2357_2357;636;201;[49, 0, 79, 19];[48, 0, 79, 19];276.5;440.0;0.6244980096817017;1.0;0.09332275390625;0.967741935483871
GRLLN6_0_1845_1845_2357_2357;637;-1;[299, 0, 321, 47];;350.5;0.0;0.0;1.0;0.0;0.0
GRLLN6_0_1845_1845_2357_2357;-1;200;;[320, 310, 345, 349];0.0;592.0;0.0;;0.5908203125;0.0
GRLLN6_0_2050_1845_2562_2357;638;250;[233, 393, 259, 410];[232, 394, 259, 411];294.5;369.0;0.800000011920929;1.0;0.70068359375;0.8577319587628865
GRLLN6_0_2050_1845_2562_2357;639;255;[485, 370, 512, 503];[484, 372, 511, 503];1701.0;1760.0;0.7653683423995972;1.0;0.01009368896484375;0.9150994089199355
GRLLN6_0_2050_1845_2562_2357;640;252;[406, 203, 469, 283];[372, 206, 471, 287];1795.5;2976.0;0.6075544357299805;1.0;0.43212890625;0.5910087719298246
GRLLN6_0_2050_1845_2562_2357;641;247;[177, 183, 258, 261];[178, 186, 295, 329];2218.333333333333;4476.0;0.5111994743347168;1.0;0.77734375;0.35192679922576103
GRLLN6_0_2050_1845_2562_2357;642;248;[469, 133, 512, 170];[474, 134, 511, 169];775.0;790.0;0.7914893627166748;1.0;0.75048828125;0.813953488372093
GRLLN6_0_2050_1845_2562_2357;643;251;[322, 43, 406, 136];[322, 44, 407, 135];2389.5;2676.0;0.8455008268356323;1.0;0.5908203125;0.9672276350752879
GRLLN6_0_2050_1845_2562_2357;644;253;[239, 0, 280, 27];[238, 0, 281, 25];445.5;718.0;0.6499372720718384;1.0;0.1666259765625;0.8859118409680208
GRLLN6_0_2050_1845_2562_2357;645;246;[0, 367, 72, 425];[0, 366, 71, 423];1919.5;2382.0;0.7940133810043335;1.0;0.88427734375;0.9361902519425477
GRLLN6_0_2050_1845_2562_2357;646;-1;[94, 0, 116, 47];;350.5;0.0;0.0;1.0;0.0;0.0
GRLLN6_0_2050_1845_2562_2357;-1;249;;[116, 310, 141, 349];0.0;555.0;0.0;;0.70263671875;0.0
GRLLN6_0_2050_1845_2562_2357;-1;254;;[352, 360, 391, 401];0.0;738.0;0.0;;0.080078125;0.0
GRLLN6_0_2255_1845_2767_2357;647;315;[28, 393, 54, 410];[28, 394, 55, 411];294.5;345.0;0.8142493367195129;1.0;0.73095703125;0.8577319587628865
GRLLN6_0_2255_1845_2767_2357;648;314;[280, 370, 318, 503];[280, 372, 317, 503];2270.5;2467.0;0.8113740682601929;1.0;0.85302734375;0.9590423426988524
GRLLN6_0_2255_1845_2767_2357;649;313;[369, 197, 447, 278];[370, 198, 447, 285];2120.5;2756.0;0.7712329030036926;1.0;0.875;0.8983520490010208
GRLLN6_0_2255_1845_2767_2357;650;316;[201, 203, 264, 283];[168, 206, 265, 287];1795.5;2960.0;0.6125806570053101;1.0;0.6669921875;0.6029082774049217
GRLLN6_0_2255_1845_2767_2357;651;318;[0, 183, 53, 261];[0, 186, 53, 265];1455.5;2273.0;0.5770567655563354;1.0;0.376708984375;0.9146341463414634
GRLLN6_0_2255_1845_2767_2357;652;312;[264, 133, 332, 170];[268, 134, 333, 169];1105.0;1238.0;0.8412582278251648;1.0;0.87890625;0.8780870246961976
GRLLN6_0_2255_1845_2767_2357;653;317;[117, 43, 201, 136];[118, 44, 201, 135];2389.5;2633.0;0.8422669768333435;1.0;0.57177734375;0.9668458781362007
GRLLN6_0_2255_1845_2767_2357;654;320;[34, 0, 75, 27];[34, 0, 75, 25];445.5;691.0;0.6636481285095215;1.0;0.01898193359375;0.9259259259259259
GRLLN6_0_2255_1845_2767_2357;-1;319;;[146, 360, 187, 401];0.0;723.0;0.0;;0.35302734375;0.0
GRLLN6_0_2460_1845_2972_2357;655;-1;[420, 209, 432, 226];;109.5;0.0;0.0;1.0;0.0;0.0
GRLLN6_0_2460_1845_2972_2357;656;359;[75, 370, 113, 503];[76, 374, 113, 503];2270.5;2397.0;0.7918439507484436;1.0;0.86328125;0.944400474871389
GRLLN6_0_2460_1845_2972_2357;657;357;[267, 271, 370, 413];[270, 272, 371, 413];2872.0;3809.0;0.7377647757530212;1.0;0.939453125;0.9548317193742805
GRLLN6_0_2460_1845_2972_2357;658;360;[164, 197, 242, 278];[166, 198, 243, 287];2120.5;2841.0;0.7446808218955994;1.0;0.85205078125;0.8574249048089128
GRLLN6_0_2460_1845_2972_2357;659;361;[0, 208, 59, 283];[0, 208, 59, 285];1719.0;2076.0;0.8032491207122803;1.0;0.75634765625;0.974025974025974
GRLLN6_0_2460_1845_2972_2357;660;358;[59, 133, 127, 170];[64, 134, 129, 169];1105.0;1263.0;0.8294797539710999;1.0;0.9013671875;0.8526682134570766
GRLLN6_0_2665_1845_3177_2357;661;-1;[366, 57, 380, 81];;201.5;0.0;0.0;1.0;0.0;0.0
GRLLN6_0_2665_1845_3177_2357;662;-1;[215, 209, 227, 226];;109.5;0.0;0.0;1.0;0.0;0.0
GRLLN6_0_2665_1845_3177_2357;663;396;[362, 410, 432, 480];[364, 412, 431, 479];2064.5;2533.0;0.7864183783531189;1.0;0.90185546875;0.9161224489795918
GRLLN6_0_2665_1845_3177_2357;664;400;[432, 356, 469, 402];[432, 356, 469, 403];477.0;742.0;0.6547911763191223;1.0;0.67724609375;0.9787234042553191
GRLLN6_0_2665_1845_3177_2357;665;398;[62, 271, 165, 413];[66, 272, 165, 413];2872.0;3802.0;0.7383564710617065;1.0;0.8671875;0.9543962805961985
GRLLN6_0_2665_1845_3177_2357;666;399;[0, 219, 37, 278];[0, 218, 37, 287];1292.0;1830.0;0.6961439847946167;1.0;0.84716796875;0.855072463768116
GRLLN6_0_2665_1845_3177_2357;667;397;[430, 47, 499, 106];[434, 48, 499, 111];2470.0;2833.0;0.8260869383811951;1.0;0.8818359375;0.8575978161965423
GRLLN6_0_2870_1845_3382_2357;668;-1;[161, 57, 175, 81];;201.5;0.0;0.0;1.0;0.0;0.0
GRLLN6_0_2870_1845_3382_2357;669;-1;[502, 402, 512, 417];;88.0;0.0;0.0;1.0;0.0;0.0
GRLLN6_0_2870_1845_3382_2357;670;-1;[354, 324, 370, 338];;129.0;0.0;0.0;1.0;0.0;0.0
GRLLN6_0_2870_1845_3382_2357;671;-1;[10, 209, 22, 226];;109.5;0.0;0.0;1.0;0.0;0.0
GRLLN6_0_2870_1845_3382_2357;672;432;[349, 441, 405, 490];[348, 440, 407, 491];1137.0;1880.0;0.6438356041908264;1.0;0.89697265625;0.9119308740445331
GRLLN6_0_2870_1845_3382_2357;673;435;[157, 410, 227, 480];[158, 412, 227, 479];2064.5;2527.0;0.7898975014686584;1.0;0.89013671875;0.943469387755102
GRLLN6_0_2870_1845_3382_2357;674;436;[227, 356, 264, 402];[228, 356, 263, 403];477.0;716.0;0.6730279922485352;1.0;0.77978515625;0.9268854346574554
GRLLN6_0_2870_1845_3382_2357;675;437;[423, 347, 444, 385];[420, 344, 447, 387];372.0;622.0;0.6162962913513184;1.0;0.708984375;0.6873385012919897
GRLLN6_0_2870_1845_3382_2357;676;434;[349, 170, 425, 225];[350, 170, 425, 227];2038.0;2738.0;0.7173763513565063;1.0;0.8916015625;0.9526558891454965
GRLLN6_0_2870_1845_3382_2357;677;433;[225, 47, 294, 106];[228, 48, 293, 111];2470.0;2885.0;0.8232603669166565;1.0;0.89404296875;0.8575978161965423
GRLLN6_0_2870_1845_3382_2357;678;438;[465, 6, 507, 53];[466, 6, 507, 53];742.5;913.0;0.7565725445747375;1.0;0.301513671875;0.9761904761904762
GRLLN6_0_3075_1845_3587_2357;679;-1;[377, 188, 397, 203];;174.5;0.0;0.0;1.0;0.0;0.0
GRLLN6_0_3075_1845_3587_2357;680;-1;[297, 402, 309, 417];;107.5;0.0;0.0;1.0;0.0;0.0
GRLLN6_0_3075_1845_3587_2357;681;-1;[417, 289, 441, 302];;169.0;0.0;0.0;1.0;0.0;0.0
GRLLN6_0_3075_1845_3587_2357;682;-1;[149, 324, 165, 338];;129.0;0.0;0.0;1.0;0.0;0.0
GRLLN6_0_3075_1845_3587_2357;683;486;[349, 414, 370, 433];[350, 416, 369, 435];260.0;277.0;0.832317054271698;1.0;0.4609375;0.7391304347826086
GRLLN6_0_3075_1845_3587_2357;684;481;[144, 441, 200, 490];[144, 438, 203, 493];1137.0;1922.0;0.6304023861885071;1.0;0.89013671875;0.8456086286594762
GRLLN6_0_3075_1845_3587_2357;685;-1;[0, 430, 22, 464];;397.0;0.0;0.0;1.0;0.0;0.0
GRLLN6_0_3075_1845_3587_2357;686;485;[22, 356, 59, 402];[22, 356, 59, 403];477.0;769.0;0.6387559771537781;1.0;0.5947265625;0.9787234042553191
GRLLN6_0_3075_1845_3587_2357;687;484;[218, 347, 239, 385];[216, 344, 241, 387];372.0;643.0;0.6028985381126404;1.0;0.767578125;0.7423255813953489
GRLLN6_0_3075_1845_3587_2357;688;480;[144, 170, 220, 225];[144, 172, 221, 227];2038.0;2644.0;0.7107552886009216;1.0;0.8974609375;0.9181673125142467
GRLLN6_0_3075_1845_3587_2357;689;482;[20, 47, 89, 106];[24, 48, 89, 111];2470.0;2808.0;0.8281923532485962;1.0;0.8857421875;0.8575978161965423
GRLLN6_0_3075_1845_3587_2357;690;483;[260, 6, 302, 53];[260, 6, 301, 51];742.5;912.0;0.7447013258934021;1.0;0.78271484375;0.9346504559270516
GRLLN6_0_3075_1845_3587_2357;691;-1;[420, 0, 455, 33];;780.5;0.0;0.0;1.0;0.0;0.0
GRLLN6_0_3280_1845_3792_2357;692;-1;[500, 389, 512, 399];;66.0;0.0;0.0;1.0;0.0;0.0
GRLLN6_0_3280_1845_3792_2357;693;-1;[453, 338, 472, 359];;199.0;0.0;0.0;1.0;0.0;0.0
GRLLN6_0_3280_1845_3792_2357;694;-1;[172, 188, 192, 203];;174.5;0.0;0.0;1.0;0.0;0.0
GRLLN6_0_3280_1845_3792_2357;695;-1;[92, 402, 104, 417];;107.5;0.0;0.0;1.0;0.0;0.0
GRLLN6_0_3280_1845_3792_2357;696;-1;[212, 289, 236, 302];;169.0;0.0;0.0;1.0;0.0;0.0
GRLLN6_0_3280_1845_3792_2357;697;529;[144, 414, 165, 433];[146, 416, 165, 435];260.0;267.0;0.8204334378242493;1.0;0.56201171875;0.7391304347826086
GRLLN6_0_3280_1845_3792_2357;698;-1;[329, 464, 366, 507];;562.0;0.0;0.0;1.0;0.0;0.0
GRLLN6_0_3280_1845_3792_2357;699;527;[13, 347, 34, 385];[10, 346, 37, 389];372.0;630.0;0.610866367816925;1.0;0.77197265625;0.6873385012919897
GRLLN6_0_3280_1845_3792_2357;700;-1;[0, 172, 15, 209];;418.0;0.0;0.0;1.0;0.0;0.0
GRLLN6_0_3280_1845_3792_2357;701;528;[55, 6, 97, 53];[56, 6, 97, 51];742.5;839.0;0.7813141942024231;1.0;0.640625;0.9346504559270516
GRLLN6_0_3280_1845_3792_2357;702;-1;[215, 0, 250, 33];;780.5;0.0;0.0;1.0;0.0;0.0
GRLLN6_0_3485_1845_3997_2357;703;-1;[321, 350, 336, 368];;116.5;0.0;0.0;1.0;0.0;0.0
GRLLN6_0_3485_1845_3997_2357;704;-1;[295, 389, 312, 400];;91.0;0.0;0.0;1.0;0.0;0.0
GRLLN6_0_3485_1845_3997_2357;705;-1;[308, 350, 319, 370];;140.0;0.0;0.0;1.0;0.0;0.0
GRLLN6_0_3485_1845_3997_2357;706;-1;[248, 338, 267, 359];;199.0;0.0;0.0;1.0;0.0;0.0
GRLLN6_0_3485_1845_3997_2357;707;-1;[7, 289, 31, 302];;169.0;0.0;0.0;1.0;0.0;0.0
GRLLN6_0_3485_1845_3997_2357;708;-1;[124, 464, 161, 507];;562.0;0.0;0.0;1.0;0.0;0.0
GRLLN6_0_3485_1845_3997_2357;709;-1;[10, 0, 45, 33];;780.5;0.0;0.0;1.0;0.0;0.0
GRLLN6_0_3690_1845_4202_2357;710;-1;[116, 350, 131, 368];;116.5;0.0;0.0;1.0;0.0;0.0
GRLLN6_0_3690_1845_4202_2357;711;-1;[90, 389, 107, 400];;91.0;0.0;0.0;1.0;0.0;0.0
GRLLN6_0_3690_1845_4202_2357;712;-1;[103, 350, 114, 370];;140.0;0.0;0.0;1.0;0.0;0.0
GRLLN6_0_3690_1845_4202_2357;713;-1;[43, 338, 62, 359];;199.0;0.0;0.0;1.0;0.0;0.0
GRLLN6_0_3751_1845_4263_2357;714;-1;[55, 350, 70, 368];;116.5;0.0;0.0;1.0;0.0;0.0
GRLLN6_0_3751_1845_4263_2357;715;-1;[29, 389, 46, 400];;91.0;0.0;0.0;1.0;0.0;0.0
GRLLN6_0_3751_1845_4263_2357;716;-1;[42, 350, 53, 370];;140.0;0.0;0.0;1.0;0.0;0.0
GRLLN6_0_205_2050_717_2562;717;-1;[496, 221, 512, 262];;356.5;0.0;0.0;1.0;0.0;0.0
GRLLN6_0_205_2050_717_2562;-1;298;;[424, 390, 445, 413];0.0;366.0;0.0;;0.1033935546875;0.0
GRLLN6_0_410_2050_922_2562;718;-1;[475, 293, 486, 314];;148.5;0.0;0.0;1.0;0.0;0.0
GRLLN6_0_410_2050_922_2562;719;624;[390, 154, 423, 193];[390, 152, 425, 193];596.0;879.0;0.6993603706359863;1.0;0.11474609375;0.8968641114982578
GRLLN6_0_410_2050_922_2562;720;625;[291, 209, 335, 262];[292, 208, 333, 261];674.0;997.0;0.6755760312080383;1.0;0.01934814453125;0.898440792246102
GRLLN6_0_410_2050_922_2562;721;622;[487, 443, 512, 474];[488, 446, 511, 477];410.0;465.0;0.7253521084785461;1.0;0.38671875;0.7630331753554502
GRLLN6_0_410_2050_922_2562;722;-1;[494, 216, 512, 249];;433.0;0.0;0.0;1.0;0.0;0.0
GRLLN6_0_410_2050_922_2562;-1;623;;[220, 390, 241, 413];0.0;358.0;0.0;;0.120849609375;0.0
GRLLN6_0_615_2050_1127_2562;723;-1;[270, 293, 281, 314];;148.5;0.0;0.0;1.0;0.0;0.0
GRLLN6_0_615_2050_1127_2562;724;-1;[394, 451, 411, 468];;147.0;0.0;0.0;1.0;0.0;0.0
GRLLN6_0_615_2050_1127_2562;725;666;[185, 154, 218, 193];[184, 152, 221, 193];596.0;925.0;0.6666666865348816;1.0;0.43408203125;0.8483849703361899
GRLLN6_0_615_2050_1127_2562;726;668;[86, 209, 130, 262];[88, 208, 129, 261];674.0;993.0;0.6765249371528625;1.0;0.054412841796875;0.898440792246102
GRLLN6_0_615_2050_1127_2562;727;665;[282, 443, 313, 474];[282, 444, 315, 477];485.5;783.0;0.6465005874633789;1.0;0.78271484375;0.8303571428571429
GRLLN6_0_615_2050_1127_2562;728;664;[289, 183, 392, 272];[290, 186, 389, 273];2691.0;3219.0;0.8006311058998108;1.0;0.90185546875;0.9188430822361321
GRLLN6_0_615_2050_1127_2562;729;663;[348, 63, 463, 127];[350, 64, 461, 125];2752.5;3131.0;0.8319599628448486;1.0;0.927734375;0.9199728260869565
GRLLN6_0_615_2050_1127_2562;-1;667;;[16, 390, 35, 413];0.0;348.0;0.0;;0.1033935546875;0.0
GRLLN6_0_820_2050_1332_2562;730;-1;[432, 447, 449, 464];;157.0;0.0;0.0;1.0;0.0;0.0
GRLLN6_0_820_2050_1332_2562;731;-1;[65, 293, 76, 314];;148.5;0.0;0.0;1.0;0.0;0.0
GRLLN6_0_820_2050_1332_2562;732;-1;[189, 451, 206, 468];;147.0;0.0;0.0;1.0;0.0;0.0
GRLLN6_0_820_2050_1332_2562;733;714;[399, 416, 425, 436];[398, 416, 425, 439];279.5;392.0;0.7126436829566956;1.0;0.3701171875;0.8373590982286635
GRLLN6_0_820_2050_1332_2562;734;-1;[0, 154, 13, 175];;189.0;0.0;0.0;1.0;0.0;0.0
GRLLN6_0_820_2050_1332_2562;735;712;[77, 443, 108, 474];[78, 444, 111, 477];485.5;770.0;0.6361474394798279;1.0;0.7216796875;0.782608695652174
GRLLN6_0_820_2050_1332_2562;736;711;[316, 263, 361, 293];[316, 262, 363, 293];642.5;1082.0;0.6462882161140442;1.0;0.8232421875;0.9265614275909403
GRLLN6_0_820_2050_1332_2562;737;710;[84, 183, 187, 272];[86, 186, 183, 273];2691.0;3137.0;0.8091759085655212;1.0;0.880859375;0.9004749568221071
GRLLN6_0_820_2050_1332_2562;738;713;[414, 121, 506, 194];[414, 128, 505, 193];1849.5;1959.0;0.8492027521133423;1.0;0.39794921875;0.8807325789160214
GRLLN6_0_820_2050_1332_2562;739;709;[143, 63, 258, 127];[144, 64, 255, 125];2752.5;3101.0;0.8410576581954956;1.0;0.92724609375;0.9199728260869565
GRLLN6_0_1025_2050_1537_2562;740;-1;[227, 447, 244, 464];;157.0;0.0;0.0;1.0;0.0;0.0
GRLLN6_0_1025_2050_1537_2562;741;-1;[372, 250, 385, 264];;80.5;0.0;0.0;1.0;0.0;0.0
GRLLN6_0_1025_2050_1537_2562;742;-1;[331, 46, 342, 62];;94.5;0.0;0.0;1.0;0.0;0.0
GRLLN6_0_1025_2050_1537_2562;743;35;[194, 416, 220, 436];[194, 416, 221, 439];279.5;388.0;0.6972476840019226;1.0;0.552734375;0.8373590982286635
GRLLN6_0_1025_2050_1537_2562;744;37;[384, 16, 439, 43];[384, 16, 439, 43];688.5;918.0;0.7664307355880737;1.0;0.014617919921875;1.0
GRLLN6_0_1025_2050_1537_2562;745;-1;[373, 436, 389, 450];;115.5;0.0;0.0;1.0;0.0;0.0
GRLLN6_0_1025_2050_1537_2562;746;34;[111, 263, 156, 293];[112, 262, 159, 293];642.5;1055.0;0.645907461643219;1.0;0.8154296875;0.8876933422999328
GRLLN6_0_1025_2050_1537_2562;747;36;[209, 121, 301, 194];[210, 128, 299, 195];1849.5;1987.0;0.8336322903633118;1.0;0.449462890625;0.8631888317413666
GRLLN6_0_1025_2050_1537_2562;748;-1;[0, 63, 53, 126];;1402.5;0.0;0.0;1.0;0.0;0.0
GRLLN6_0_1025_2050_1537_2562;749;-1;[477, 0, 512, 28];;156.0;0.0;0.0;1.0;0.0;0.0
GRLLN6_0_1230_2050_1742_2562;750;-1;[22, 447, 39, 464];;157.0;0.0;0.0;1.0;0.0;0.0
GRLLN6_0_1230_2050_1742_2562;751;-1;[167, 250, 180, 264];;80.5;0.0;0.0;1.0;0.0;0.0
GRLLN6_0_1230_2050_1742_2562;752;-1;[126, 46, 137, 62];;94.5;0.0;0.0;1.0;0.0;0.0
GRLLN6_0_1230_2050_1742_2562;753;-1;[0, 416, 15, 436];;176.0;0.0;0.0;1.0;0.0;0.0
GRLLN6_0_1230_2050_1742_2562;754;80;[179, 16, 234, 43];[178, 16, 233, 43];688.5;945.0;0.7482724785804749;1.0;0.01507568359375;0.9642857142857143
GRLLN6_0_1230_2050_1742_2562;755;-1;[340, 385, 356, 397];;108.0;0.0;0.0;1.0;0.0;0.0
GRLLN6_0_1230_2050_1742_2562;756;-1;[168, 436, 184, 450];;115.5;0.0;0.0;1.0;0.0;0.0
GRLLN6_0_1230_2050_1742_2562;757;-1;[303, 347, 328, 388];;485.5;0.0;0.0;1.0;0.0;0.0
GRLLN6_0_1230_2050_1742_2562;758;-1;[470, 167, 485, 181];;136.0;0.0;0.0;1.0;0.0;0.0
GRLLN6_0_1230_2050_1742_2562;759;-1;[425, 252, 444, 263];;129.5;0.0;0.0;1.0;0.0;0.0
GRLLN6_0_1230_2050_1742_2562;760;78;[437, 375, 512, 453];[440, 376, 511, 453];2357.0;2731.0;0.8406046032905579;1.0;0.8408203125;0.9345299145299145
GRLLN6_0_1230_2050_1742_2562;761;-1;[438, 297, 512, 345];;2359.0;0.0;0.0;1.0;0.0;0.0
GRLLN6_0_1230_2050_1742_2562;762;79;[4, 121, 96, 194];[6, 128, 95, 193];1849.5;1973.0;0.8160714507102966;1.0;0.39794921875;0.8613758189398452
GRLLN6_0_1230_2050_1742_2562;763;-1;[452, 111, 512, 134];;981.5;0.0;0.0;1.0;0.0;0.0
GRLLN6_0_1230_2050_1742_2562;764;-1;[272, 0, 312, 28];;160.5;0.0;0.0;1.0;0.0;0.0
GRLLN6_0_1230_2050_1742_2562;765;-1;[452, 0, 511, 34];;1058.0;0.0;0.0;1.0;0.0;0.0
GRLLN6_0_1435_2050_1947_2562;766;-1;[0, 16, 29, 43];;362.0;0.0;0.0;1.0;0.0;0.0
GRLLN6_0_1435_2050_1947_2562;767;-1;[135, 385, 151, 397];;108.0;0.0;0.0;1.0;0.0;0.0
GRLLN6_0_1435_2050_1947_2562;768;-1;[98, 347, 123, 388];;485.5;0.0;0.0;1.0;0.0;0.0
GRLLN6_0_1435_2050_1947_2562;769;-1;[436, 74, 445, 99];;155.0;0.0;0.0;1.0;0.0;0.0
GRLLN6_0_1435_2050_1947_2562;770;-1;[265, 167, 280, 181];;136.0;0.0;0.0;1.0;0.0;0.0
GRLLN6_0_1435_2050_1947_2562;771;-1;[220, 252, 239, 263];;129.5;0.0;0.0;1.0;0.0;0.0
GRLLN6_0_1435_2050_1947_2562;772;-1;[460, 248, 488, 260];;210.5;0.0;0.0;1.0;0.0;0.0
GRLLN6_0_1435_2050_1947_2562;773;120;[358, 412, 390, 446];[356, 410, 391, 445];509.0;800.0;0.6576787829399109;1.0;0.07080078125;0.8400954653937948
GRLLN6_0_1435_2050_1947_2562;774;119;[232, 375, 309, 453];[234, 376, 307, 453];2363.0;2817.0;0.8256358504295349;1.0;0.77587890625;0.9358974358974359
GRLLN6_0_1435_2050_1947_2562;775;-1;[233, 297, 322, 345];;2512.5;0.0;0.0;1.0;0.0;0.0
GRLLN6_0_1435_2050_1947_2562;776;118;[247, 42, 360, 164];[248, 44, 361, 163];2994.0;3756.0;0.7599902153015137;1.0;0.916015625;0.9585041352031644
GRLLN6_0_1435_2050_1947_2562;777;-1;[67, 0, 107, 28];;160.5;0.0;0.0;1.0;0.0;0.0
GRLLN6_0_1435_2050_1947_2562;778;-1;[247, 0, 306, 34];;1058.0;0.0;0.0;1.0;0.0;0.0
GRLLN6_0_1435_2050_1947_2562;779;-1;[382, 0, 407, 26];;391.5;0.0;0.0;1.0;0.0;0.0
GRLLN6_0_1640_2050_2152_2562;780;158;[388, 4, 412, 34];[388, 4, 413, 35];390.5;542.0;0.699999988079071;1.0;0.81298828125;0.9290322580645162
GRLLN6_0_1640_2050_2152_2562;781;-1;[231, 74, 240, 99];;155.0;0.0;0.0;1.0;0.0;0.0
GRLLN6_0_1640_2050_2152_2562;782;-1;[60, 167, 75, 181];;136.0;0.0;0.0;1.0;0.0;0.0
GRLLN6_0_1640_2050_2152_2562;783;-1;[15, 252, 34, 263];;129.5;0.0;0.0;1.0;0.0;0.0
GRLLN6_0_1640_2050_2152_2562;784;-1;[255, 248, 283, 260];;210.5;0.0;0.0;1.0;0.0;0.0
GRLLN6_0_1640_2050_2152_2562;785;-1;[489, 374, 512, 430];;900.0;0.0;0.0;1.0;0.0;0.0
GRLLN6_0_1640_2050_2152_2562;786;159;[372, 416, 424, 512];[372, 418, 423, 511];1789.5;2128.0;0.8109861612319946;1.0;0.6513671875;0.9501201923076923
GRLLN6_0_1640_2050_2152_2562;787;160;[153, 412, 185, 446];[152, 410, 185, 445];509.0;769.0;0.6555423140525818;1.0;0.138916015625;0.8896377422072451
GRLLN6_0_1640_2050_2152_2562;788;157;[27, 375, 104, 453];[30, 376, 103, 453];2363.0;2842.0;0.82063227891922;1.0;0.8408203125;0.9358974358974359
GRLLN6_0_1640_2050_2152_2562;789;161;[28, 297, 117, 345];[30, 296, 115, 345];2512.5;2672.0;0.9042927622795105;1.0;0.00818634033203125;0.9364241450539362
GRLLN6_0_1640_2050_2152_2562;790;156;[377, 162, 482, 220];[382, 162, 481, 219];2329.5;2847.0;0.8112834095954895;1.0;0.8759765625;0.9266009852216749
GRLLN6_0_1640_2050_2152_2562;791;155;[42, 42, 155, 164];[44, 44, 155, 163];2994.0;3664.0;0.7720569968223572;1.0;0.94189453125;0.9581459451617583
GRLLN6_0_1640_2050_2152_2562;792;-1;[42, 0, 101, 34];;1058.0;0.0;0.0;1.0;0.0;0.0
GRLLN6_0_1640_2050_2152_2562;793;162;[177, 0, 202, 26];[176, 2, 201, 25];391.5;377.0;0.823913037776947;1.0;0.0060272216796875;0.8202080237741456
GRLLN6_0_1845_2050_2357_2562;794;205;[438, 188, 464, 205];[438, 188, 465, 207];294.5;381.0;0.7688679099082947;1.0;0.658203125;0.8615984405458089
GRLLN6_0_1845_2050_2357_2562;795;208;[382, 0, 457, 56];[382, 0, 501, 125];1722.833333333333;4046.0;0.40971750020980835;1.0;0.5166015625;0.2823529411764706
GRLLN6_0_1845_2050_2357_2562;796;204;[183, 4, 207, 34];[184, 4, 209, 35];390.5;557.0;0.6480891704559326;1.0;0.82421875;0.8571428571428571
GRLLN6_0_1845_2050_2357_2562;797;-1;[26, 74, 35, 99];;155.0;0.0;0.0;1.0;0.0;0.0
GRLLN6_0_1845_2050_2357_2562;798;-1;[50, 248, 78, 260];;210.5;0.0;0.0;1.0;0.0;0.0
GRLLN6_0_1845_2050_2357_2562;799;209;[273, 374, 330, 443];[276, 372, 331, 453];1457.0;2296.0;0.6496683359146118;1.0;0.154052734375;0.7992277992277992
GRLLN6_0_1845_2050_2357_2562;800;206;[167, 416, 219, 512];[168, 418, 219, 511];1789.5;2112.0;0.8040657639503479;1.0;0.65478515625;0.9501201923076923
GRLLN6_0_1845_2050_2357_2562;801;203;[172, 162, 277, 220];[176, 162, 277, 219];2329.5;2922.0;0.7936046719551086;1.0;0.875;0.945320197044335
GRLLN6_0_1845_2050_2357_2562;-1;207;;[320, 104, 345, 145];0.0;610.0;0.0;;0.60205078125;0.0
GRLLN6_0_2050_2050_2562_2562;802;259;[233, 188, 259, 205];[232, 188, 259, 207];294.5;381.0;0.775943398475647;1.0;0.708984375;0.8615984405458089
GRLLN6_0_2050_2050_2562_2562;803;257;[349, 347, 391, 369];[348, 346, 393, 369];604.0;790.0;0.7802850604057312;1.0;0.875;0.8927536231884058
GRLLN6_0_2050_2050_2562_2562;804;264;[485, 165, 512, 298];[484, 170, 511, 297];1701.0;1591.0;0.7357487678527832;1.0;0.00701141357421875;0.8881118881118881
GRLLN6_0_2050_2050_2562_2562;805;260;[406, 0, 469, 78];[370, 2, 471, 81];1791.0;3216.0;0.564828634262085;1.0;0.5126953125;0.5907464528069093
GRLLN6_0_2050_2050_2562_2562;806;261;[177, 0, 252, 56];[178, 0, 257, 63];1722.833333333333;3002.0;0.5499241352081299;1.0;0.24072265625;0.8233657858136301
GRLLN6_0_2050_2050_2562_2562;807;263;[68, 374, 125, 443];[74, 372, 127, 453];1457.0;2285.0;0.6444536447525024;1.0;0.035552978515625;0.7476099426386233
GRLLN6_0_2050_2050_2562_2562;808;-1;[0, 472, 14, 500];;233.5;0.0;0.0;1.0;0.0;0.0
GRLLN6_0_2050_2050_2562_2562;809;256;[0, 162, 72, 220];[0, 162, 71, 219];1919.5;2397.0;0.7953561544418335;1.0;0.89013671875;0.9691091954022989
GRLLN6_0_2050_2050_2562_2562;-1;258;;[116, 104, 141, 145];0.0;606.0;0.0;;0.71875;0.0
GRLLN6_0_2050_2050_2562_2562;-1;262;;[352, 156, 391, 197];0.0;692.0;0.0;;0.06463623046875;0.0
GRLLN6_0_2255_2050_2767_2562;810;324;[28, 188, 54, 205];[28, 188, 55, 205];294.5;353.0;0.817258894443512;1.0;0.70751953125;0.9629629629629629
GRLLN6_0_2255_2050_2767_2562;811;-1;[365, 470, 416, 512];;964.5;0.0;0.0;1.0;0.0;0.0
GRLLN6_0_2255_2050_2767_2562;812;322;[144, 347, 186, 369];[142, 346, 187, 369];604.0;784.0;0.7830750942230225;1.0;0.87841796875;0.8927536231884058
GRLLN6_0_2255_2050_2767_2562;813;321;[280, 165, 318, 298];[280, 168, 317, 297];2270.5;2376.0;0.8097806572914124;1.0;0.89990234375;0.944400474871389
GRLLN6_0_2255_2050_2767_2562;814;323;[370, 0, 447, 73];[374, 2, 447, 81];2091.5;2780.0;0.752901017665863;1.0;0.83203125;0.8352941176470589
GRLLN6_0_2255_2050_2767_2562;815;325;[201, 0, 264, 78];[166, 2, 265, 81];1791.0;3200.0;0.5670658946037292;1.0;0.1943359375;0.6024915062287656
GRLLN6_0_2255_2050_2767_2562;816;-1;[0, 0, 47, 56];;1220.0;0.0;0.0;1.0;0.0;0.0
GRLLN6_0_2255_2050_2767_2562;-1;326;;[146, 156, 187, 197];0.0;743.0;0.0;;0.10015869140625;0.0
GRLLN6_0_2460_2050_2972_2562;817;-1;[420, 4, 432, 21];;109.5;0.0;0.0;1.0;0.0;0.0
GRLLN6_0_2460_2050_2972_2562;818;367;[160, 470, 211, 512];[160, 472, 211, 511];964.5;1234.0;0.695683479309082;1.0;0.0323486328125;0.9285714285714286
GRLLN6_0_2460_2050_2972_2562;819;363;[382, 348, 427, 412];[382, 348, 429, 413];1134.0;1781.0;0.658823549747467;1.0;0.916015625;0.9427168576104746
GRLLN6_0_2460_2050_2972_2562;820;364;[75, 165, 113, 298];[76, 170, 113, 297];2270.5;2347.0;0.801581621170044;1.0;0.85205078125;0.9297586070439257
GRLLN6_0_2460_2050_2972_2562;821;362;[267, 66, 370, 208];[270, 68, 371, 209];2872.0;3599.0;0.7751858234405518;1.0;0.931640625;0.9416829219075805
GRLLN6_0_2460_2050_2972_2562;822;365;[165, 0, 242, 73];[170, 2, 243, 81];2091.5;2883.0;0.7251481413841248;1.0;0.84814453125;0.8145315487571702
GRLLN6_0_2460_2050_2972_2562;823;366;[0, 3, 59, 78];[0, 4, 59, 79];1719.0;2104.0;0.7822616696357727;1.0;0.55078125;0.9736842105263158
GRLLN6_0_2460_2050_2972_2562;-1;368;;[474, 430, 499, 491];0.0;929.0;0.0;;0.01312255859375;0.0
GRLLN6_0_2665_2050_3177_2562;824;-1;[215, 4, 227, 21];;109.5;0.0;0.0;1.0;0.0;0.0
GRLLN6_0_2665_2050_3177_2562;825;-1;[407, 451, 449, 489];;560.5;0.0;0.0;1.0;0.0;0.0
GRLLN6_0_2665_2050_3177_2562;826;403;[177, 348, 222, 412];[178, 348, 225, 413];1134.0;1856.0;0.6314976811408997;1.0;0.90185546875;0.9028534786790638
GRLLN6_0_2665_2050_3177_2562;827;402;[362, 205, 432, 275];[364, 206, 431, 275];2064.5;2585.0;0.7833453416824341;1.0;0.91748046875;0.943469387755102
GRLLN6_0_2665_2050_3177_2562;828;405;[432, 151, 469, 197];[432, 152, 469, 199];477.0;768.0;0.6359281539916992;1.0;0.7548828125;0.9375
GRLLN6_0_2665_2050_3177_2562;829;401;[62, 66, 165, 208];[66, 68, 165, 209];2872.0;3662.0;0.7547786831855774;1.0;0.93359375;0.9412563667232597
GRLLN6_0_2665_2050_3177_2562;830;404;[0, 14, 37, 73];[0, 14, 39, 83];1292.0;1859.0;0.6633366346359253;1.0;0.82763671875;0.8112225938312895
GRLLN6_0_2870_2050_3382_2562;831;-1;[502, 197, 512, 212];;88.0;0.0;0.0;1.0;0.0;0.0
GRLLN6_0_2870_2050_3382_2562;832;-1;[354, 119, 370, 133];;129.0;0.0;0.0;1.0;0.0;0.0
GRLLN6_0_2870_2050_3382_2562;833;-1;[10, 4, 22, 21];;109.5;0.0;0.0;1.0;0.0;0.0
GRLLN6_0_2870_2050_3382_2562;834;444;[202, 451, 244, 489];[202, 448, 245, 489];560.5;907.0;0.6418988704681396;1.0;0.007694244384765625;0.9052750992626205
GRLLN6_0_2870_2050_3382_2562;835;-1;[0, 359, 17, 386];;268.0;0.0;0.0;1.0;0.0;0.0
GRLLN6_0_2870_2050_3382_2562;836;443;[306, 315, 338, 362];[308, 316, 341, 363];562.5;969.0;0.5760151147842407;1.0;0.1766357421875;0.8238805970149253
GRLLN6_0_2870_2050_3382_2562;837;439;[349, 236, 405, 285];[350, 234, 407, 287];1137.0;1816.0;0.6605744361877441;1.0;0.89990234375;0.8778501628664495
GRLLN6_0_2870_2050_3382_2562;838;440;[157, 205, 227, 275];[158, 206, 227, 273];2064.5;2611.0;0.7859195470809937;1.0;0.87890625;0.943469387755102
GRLLN6_0_2870_2050_3382_2562;839;441;[227, 151, 264, 197];[228, 152, 263, 197];477.0;717.0;0.6566037535667419;1.0;0.7841796875;0.9253819036427732
GRLLN6_0_2870_2050_3382_2562;840;442;[423, 142, 444, 180];[422, 140, 447, 183];372.0;581.0;0.6613672375679016;1.0;0.71044921875;0.7423255813953489
GRLLN6_0_2870_2050_3382_2562;841;-1;[349, 0, 381, 20];;503.5;0.0;0.0;1.0;0.0;0.0
GRLLN6_0_3075_2050_3587_2562;842;-1;[297, 197, 309, 212];;107.5;0.0;0.0;1.0;0.0;0.0
GRLLN6_0_3075_2050_3587_2562;843;-1;[417, 84, 441, 97];;169.0;0.0;0.0;1.0;0.0;0.0
GRLLN6_0_3075_2050_3587_2562;844;-1;[149, 119, 165, 133];;129.0;0.0;0.0;1.0;0.0;0.0
GRLLN6_0_3075_2050_3587_2562;845;-1;[309, 438, 325, 461];;176.0;0.0;0.0;1.0;0.0;0.0
GRLLN6_0_3075_2050_3587_2562;846;-1;[0, 451, 39, 489];;547.0;0.0;0.0;1.0;0.0;0.0
GRLLN6_0_3075_2050_3587_2562;847;491;[349, 209, 370, 228];[350, 210, 369, 229];260.0;283.0;0.8192771077156067;1.0;0.4111328125;0.8181818181818182
GRLLN6_0_3075_2050_3587_2562;848;488;[407, 457, 477, 512];[406, 458, 473, 511];1247.0;1695.0;0.717391312122345;1.0;0.7958984375;0.8962336664104535
GRLLN6_0_3075_2050_3587_2562;849;492;[101, 315, 133, 362];[104, 314, 135, 363];562.5;976.0;0.5841209888458252;1.0;0.1475830078125;0.8210843373493976
GRLLN6_0_3075_2050_3587_2562;850;487;[144, 236, 200, 285];[144, 234, 203, 287];1137.0;1877.0;0.6441624164581299;1.0;0.9091796875;0.8775183882315318
GRLLN6_0_3075_2050_3587_2562;851;-1;[0, 225, 22, 259];;397.0;0.0;0.0;1.0;0.0;0.0
GRLLN6_0_3075_2050_3587_2562;852;490;[22, 151, 59, 197];[22, 152, 59, 199];477.0;723.0;0.6687737107276917;1.0;0.65673828125;0.9375
GRLLN6_0_3075_2050_3587_2562;853;489;[218, 142, 239, 180];[216, 140, 241, 183];372.0;624.0;0.6199702024459839;1.0;0.7734375;0.7423255813953489
GRLLN6_0_3075_2050_3587_2562;854;-1;[144, 0, 176, 20];;503.5;0.0;0.0;1.0;0.0;0.0
GRLLN6_0_3280_2050_3792_2562;855;-1;[500, 184, 512, 194];;66.0;0.0;0.0;1.0;0.0;0.0
GRLLN6_0_3280_2050_3792_2562;856;-1;[453, 133, 472, 154];;199.0;0.0;0.0;1.0;0.0;0.0
GRLLN6_0_3280_2050_3792_2562;857;-1;[92, 197, 104, 212];;107.5;0.0;0.0;1.0;0.0;0.0
GRLLN6_0_3280_2050_3792_2562;858;-1;[212, 84, 236, 97];;169.0;0.0;0.0;1.0;0.0;0.0
GRLLN6_0_3280_2050_3792_2562;859;-1;[104, 438, 120, 461];;176.0;0.0;0.0;1.0;0.0;0.0
GRLLN6_0_3280_2050_3792_2562;860;534;[144, 209, 165, 228];[146, 210, 165, 229];260.0;282.0;0.8558282256126404;1.0;0.385009765625;0.8181818181818182
GRLLN6_0_3280_2050_3792_2562;861;-1;[329, 259, 366, 302];;562.0;0.0;0.0;1.0;0.0;0.0
GRLLN6_0_3280_2050_3792_2562;862;533;[380, 485, 405, 512];[380, 486, 405, 511];292.0;409.0;0.7124183177947998;1.0;0.422607421875;0.9259259259259259
GRLLN6_0_3280_2050_3792_2562;863;530;[202, 457, 272, 512];[202, 460, 269, 511];1247.0;1586.0;0.7428734302520752;1.0;0.86865234375;0.8875324675324675
GRLLN6_0_3280_2050_3792_2562;864;531;[484, 370, 512, 406];[484, 370, 511, 407];577.5;691.0;0.8191489577293396;1.0;0.78271484375;0.9391304347826087
GRLLN6_0_3280_2050_3792_2562;865;535;[318, 346, 386, 439];[318, 350, 385, 439];2269.0;2458.0;0.8468634486198425;1.0;0.319091796875;0.9429158760278304
GRLLN6_0_3280_2050_3792_2562;866;532;[13, 142, 34, 180];[10, 140, 37, 183];372.0;633.0;0.6064140200614929;1.0;0.76904296875;0.6873385012919897
GRLLN6_0_3485_2050_3997_2562;867;-1;[321, 145, 336, 163];;116.5;0.0;0.0;1.0;0.0;0.0
GRLLN6_0_3485_2050_3997_2562;868;-1;[295, 184, 312, 195];;91.0;0.0;0.0;1.0;0.0;0.0
GRLLN6_0_3485_2050_3997_2562;869;-1;[308, 145, 319, 165];;140.0;0.0;0.0;1.0;0.0;0.0
GRLLN6_0_3485_2050_3997_2562;870;-1;[248, 133, 267, 154];;199.0;0.0;0.0;1.0;0.0;0.0
GRLLN6_0_3485_2050_3997_2562;871;-1;[7, 84, 31, 97];;169.0;0.0;0.0;1.0;0.0;0.0
GRLLN6_0_3485_2050_3997_2562;872;-1;[124, 259, 161, 302];;562.0;0.0;0.0;1.0;0.0;0.0
GRLLN6_0_3485_2050_3997_2562;873;571;[175, 485, 200, 512];[174, 486, 201, 511];292.0;423.0;0.6913319230079651;1.0;0.1783447265625;0.8620689655172413
GRLLN6_0_3485_2050_3997_2562;874;569;[0, 457, 67, 512];[2, 460, 63, 511];1214.0;1431.0;0.7195925712585449;1.0;0.732421875;0.8442333785617367
GRLLN6_0_3485_2050_3997_2562;875;568;[279, 370, 307, 406];[278, 368, 309, 409];577.0;838.0;0.707726776599884;1.0;0.8427734375;0.7930763178599528
GRLLN6_0_3485_2050_3997_2562;876;570;[113, 346, 181, 439];[114, 352, 179, 439];2269.0;2372.0;0.845750629901886;1.0;0.498046875;0.894212523719165
GRLLN6_0_3690_2050_4202_2562;877;-1;[116, 145, 131, 163];;116.5;0.0;0.0;1.0;0.0;0.0
GRLLN6_0_3690_2050_4202_2562;878;-1;[90, 184, 107, 195];;91.0;0.0;0.0;1.0;0.0;0.0
GRLLN6_0_3690_2050_4202_2562;879;-1;[103, 145, 114, 165];;140.0;0.0;0.0;1.0;0.0;0.0
GRLLN6_0_3690_2050_4202_2562;880;-1;[43, 133, 62, 154];;199.0;0.0;0.0;1.0;0.0;0.0
GRLLN6_0_3690_2050_4202_2562;881;591;[74, 370, 102, 406];[74, 368, 105, 409];577.0;840.0;0.7129943370819092;1.0;0.82666015625;0.7930763178599528
GRLLN6_0_3751_2050_4263_2562;882;-1;[55, 145, 70, 163];;116.5;0.0;0.0;1.0;0.0;0.0
GRLLN6_0_3751_2050_4263_2562;883;-1;[29, 184, 46, 195];;91.0;0.0;0.0;1.0;0.0;0.0
GRLLN6_0_3751_2050_4263_2562;884;-1;[42, 145, 53, 165];;140.0;0.0;0.0;1.0;0.0;0.0
GRLLN6_0_3751_2050_4263_2562;885;598;[13, 370, 41, 406];[14, 368, 43, 409];577.0;795.0;0.736160159111023;1.0;0.85888671875;0.793469387755102
GRLLN6_0_205_2255_717_2767;886;-1;[496, 16, 512, 57];;356.5;0.0;0.0;1.0;0.0;0.0
GRLLN6_0_205_2255_717_2767;-1;301;;[424, 184, 445, 207];0.0;369.0;0.0;;0.175537109375;0.0
GRLLN6_0_410_2255_922_2767;887;-1;[475, 88, 486, 109];;148.5;0.0;0.0;1.0;0.0;0.0
GRLLN6_0_410_2255_922_2767;888;-1;[321, 353, 345, 376];;161.5;0.0;0.0;1.0;0.0;0.0
GRLLN6_0_410_2255_922_2767;889;631;[291, 4, 335, 57];[292, 4, 333, 55];674.0;963.0;0.6779661178588867;1.0;0.0287628173828125;0.8966552315608919
GRLLN6_0_410_2255_922_2767;890;629;[487, 238, 512, 269];[488, 242, 511, 271];410.0;472.0;0.7006920576095581;1.0;0.486328125;0.756394640682095
GRLLN6_0_410_2255_922_2767;891;-1;[494, 11, 512, 44];;433.0;0.0;0.0;1.0;0.0;0.0
GRLLN6_0_410_2255_922_2767;-1;630;;[220, 184, 241, 209];0.0;381.0;0.0;;0.26123046875;0.0
GRLLN6_0_615_2255_1127_2767;892;-1;[270, 88, 281, 109];;148.5;0.0;0.0;1.0;0.0;0.0
GRLLN6_0_615_2255_1127_2767;893;-1;[394, 246, 411, 263];;147.0;0.0;0.0;1.0;0.0;0.0
GRLLN6_0_615_2255_1127_2767;894;-1;[116, 353, 140, 376];;161.5;0.0;0.0;1.0;0.0;0.0
GRLLN6_0_615_2255_1127_2767;895;674;[86, 4, 130, 57];[88, 4, 127, 55];674.0;920.0;0.7051910161972046;1.0;0.0184783935546875;0.8529159519725558
GRLLN6_0_615_2255_1127_2767;896;675;[347, 451, 410, 484];[346, 450, 409, 485];737.5;1130.0;0.6581758260726929;1.0;0.0060272216796875;0.9142091152815014
GRLLN6_0_615_2255_1127_2767;897;672;[282, 238, 313, 269];[282, 240, 315, 273];485.5;778.0;0.6363636255264282;1.0;0.80322265625;0.7810599478714162
GRLLN6_0_615_2255_1127_2767;898;671;[289, 0, 392, 67];[290, 0, 389, 69];2402.5;2701.0;0.8541737794876099;1.0;0.82568359375;0.9343569516833357
GRLLN6_0_615_2255_1127_2767;-1;673;;[16, 184, 35, 209];0.0;346.0;0.0;;0.0792236328125;0.0
GRLLN6_0_820_2255_1332_2767;899;-1;[508, 431, 512, 439];;21.5;0.0;0.0;1.0;0.0;0.0
GRLLN6_0_820_2255_1332_2767;900;-1;[502, 381, 512, 391];;56.5;0.0;0.0;1.0;0.0;0.0
GRLLN6_0_820_2255_1332_2767;901;-1;[432, 242, 449, 259];;157.0;0.0;0.0;1.0;0.0;0.0
GRLLN6_0_820_2255_1332_2767;902;-1;[65, 88, 76, 109];;148.5;0.0;0.0;1.0;0.0;0.0
GRLLN6_0_820_2255_1332_2767;903;-1;[189, 246, 206, 263];;147.0;0.0;0.0;1.0;0.0;0.0
GRLLN6_0_820_2255_1332_2767;904;720;[399, 211, 425, 231];[398, 210, 425, 233];279.5;375.0;0.7152941226959229;1.0;0.42822265625;0.8373590982286635
GRLLN6_0_820_2255_1332_2767;905;722;[142, 451, 205, 484];[142, 450, 205, 485];737.5;1135.0;0.6482084393501282;1.0;0.0215301513671875;0.9428571428571428
GRLLN6_0_820_2255_1332_2767;906;719;[347, 465, 402, 512];[350, 466, 403, 511];1081.5;1571.0;0.6239954233169556;1.0;0.54296875;0.8897338403041825
GRLLN6_0_820_2255_1332_2767;907;721;[341, 305, 383, 353];[340, 308, 383, 353];504.0;880.0;0.581371545791626;1.0;0.025665283203125;0.9170305676855895
GRLLN6_0_820_2255_1332_2767;908;718;[77, 238, 108, 269];[78, 240, 111, 273];485.5;778.0;0.6255868673324585;1.0;0.79052734375;0.7372881355932204
GRLLN6_0_820_2255_1332_2767;909;717;[316, 58, 361, 88];[316, 56, 363, 89];642.5;1118.0;0.6251060366630554;1.0;0.85009765625;0.8704061895551257
GRLLN6_0_820_2255_1332_2767;910;716;[84, 0, 187, 67];[86, 0, 185, 69];2402.5;2748.0;0.8350584506988525;1.0;0.85400390625;0.9343569516833357
GRLLN6_0_1025_2255_1537_2767;911;-1;[303, 431, 313, 443];;67.5;0.0;0.0;1.0;0.0;0.0
GRLLN6_0_1025_2255_1537_2767;912;-1;[349, 358, 374, 399];;464.0;0.0;0.0;1.0;0.0;0.0
GRLLN6_0_1025_2255_1537_2767;913;-1;[317, 318, 334, 334];;122.5;0.0;0.0;1.0;0.0;0.0
GRLLN6_0_1025_2255_1537_2767;914;-1;[297, 381, 317, 392];;134.5;0.0;0.0;1.0;0.0;0.0
GRLLN6_0_1025_2255_1537_2767;915;-1;[227, 242, 244, 259];;157.0;0.0;0.0;1.0;0.0;0.0
GRLLN6_0_1025_2255_1537_2767;916;-1;[372, 45, 385, 59];;80.5;0.0;0.0;1.0;0.0;0.0
GRLLN6_0_1025_2255_1537_2767;917;41;[194, 211, 220, 231];[194, 210, 221, 233];279.5;391.0;0.6824324131011963;1.0;0.53125;0.8373590982286635
GRLLN6_0_1025_2255_1537_2767;918;-1;[450, 477, 467, 492];;156.5;0.0;0.0;1.0;0.0;0.0
GRLLN6_0_1025_2255_1537_2767;919;-1;[373, 231, 389, 245];;115.5;0.0;0.0;1.0;0.0;0.0
GRLLN6_0_1025_2255_1537_2767;920;40;[142, 465, 197, 512];[146, 466, 197, 511];1081.5;1504.0;0.6192150115966797;1.0;0.56396484375;0.8878143133462283
GRLLN6_0_1025_2255_1537_2767;921;42;[136, 305, 178, 353];[136, 306, 177, 353];504.0;855.0;0.5949632525444031;1.0;0.03948974609375;0.9558531746031746
GRLLN6_0_1025_2255_1537_2767;922;39;[111, 58, 156, 88];[112, 58, 159, 89];642.5;1020.0;0.635463535785675;1.0;0.83984375;0.8876933422999328
GRLLN6_0_1025_2255_1537_2767;-1;43;;[314, 346, 429, 421];0.0;2558.0;0.0;;0.01395416259765625;0.0
GRLLN6_0_1230_2255_1742_2767;923;-1;[98, 431, 108, 443];;67.5;0.0;0.0;1.0;0.0;0.0
GRLLN6_0_1230_2255_1742_2767;924;-1;[144, 358, 169, 399];;464.0;0.0;0.0;1.0;0.0;0.0
GRLLN6_0_1230_2255_1742_2767;925;-1;[112, 318, 129, 334];;122.5;0.0;0.0;1.0;0.0;0.0
GRLLN6_0_1230_2255_1742_2767;926;-1;[92, 381, 112, 392];;134.5;0.0;0.0;1.0;0.0;0.0
GRLLN6_0_1230_2255_1742_2767;927;-1;[22, 242, 39, 259];;157.0;0.0;0.0;1.0;0.0;0.0
GRLLN6_0_1230_2255_1742_2767;928;-1;[167, 45, 180, 59];;80.5;0.0;0.0;1.0;0.0;0.0
GRLLN6_0_1230_2255_1742_2767;929;-1;[0, 211, 15, 231];;176.0;0.0;0.0;1.0;0.0;0.0
GRLLN6_0_1230_2255_1742_2767;930;-1;[437, 390, 466, 400];;207.5;0.0;0.0;1.0;0.0;0.0
GRLLN6_0_1230_2255_1742_2767;931;-1;[421, 482, 433, 496];;80.0;0.0;0.0;1.0;0.0;0.0
GRLLN6_0_1230_2255_1742_2767;932;-1;[371, 503, 381, 512];;69.0;0.0;0.0;1.0;0.0;0.0
GRLLN6_0_1230_2255_1742_2767;933;-1;[245, 477, 262, 492];;156.5;0.0;0.0;1.0;0.0;0.0
GRLLN6_0_1230_2255_1742_2767;934;-1;[476, 394, 500, 409];;185.5;0.0;0.0;1.0;0.0;0.0
GRLLN6_0_1230_2255_1742_2767;935;-1;[340, 180, 356, 192];;108.0;0.0;0.0;1.0;0.0;0.0
GRLLN6_0_1230_2255_1742_2767;936;-1;[168, 231, 184, 245];;115.5;0.0;0.0;1.0;0.0;0.0
GRLLN6_0_1230_2255_1742_2767;937;-1;[303, 142, 328, 183];;485.5;0.0;0.0;1.0;0.0;0.0
GRLLN6_0_1230_2255_1742_2767;938;-1;[425, 47, 444, 58];;129.5;0.0;0.0;1.0;0.0;0.0
GRLLN6_0_1230_2255_1742_2767;939;83;[437, 170, 512, 248];[440, 172, 511, 249];2357.0;2769.0;0.8271772265434265;1.0;0.8291015625;0.9113325451781794
GRLLN6_0_1230_2255_1742_2767;940;-1;[438, 92, 512, 140];;2359.0;0.0;0.0;1.0;0.0;0.0
GRLLN6_0_1230_2255_1742_2767;-1;84;;[110, 346, 225, 421];0.0;2991.0;0.0;;0.02886962890625;0.0
GRLLN6_0_1435_2255_1947_2767;941;-1;[232, 390, 261, 400];;207.5;0.0;0.0;1.0;0.0;0.0
GRLLN6_0_1435_2255_1947_2767;942;-1;[216, 482, 228, 496];;80.0;0.0;0.0;1.0;0.0;0.0
GRLLN6_0_1435_2255_1947_2767;943;-1;[166, 503, 176, 512];;69.0;0.0;0.0;1.0;0.0;0.0
GRLLN6_0_1435_2255_1947_2767;944;-1;[40, 477, 57, 492];;156.5;0.0;0.0;1.0;0.0;0.0
GRLLN6_0_1435_2255_1947_2767;945;-1;[271, 394, 295, 409];;185.5;0.0;0.0;1.0;0.0;0.0
GRLLN6_0_1435_2255_1947_2767;946;-1;[135, 180, 151, 192];;108.0;0.0;0.0;1.0;0.0;0.0
GRLLN6_0_1435_2255_1947_2767;947;-1;[98, 142, 123, 183];;485.5;0.0;0.0;1.0;0.0;0.0
GRLLN6_0_1435_2255_1947_2767;948;-1;[220, 47, 239, 58];;129.5;0.0;0.0;1.0;0.0;0.0
GRLLN6_0_1435_2255_1947_2767;949;-1;[460, 43, 488, 55];;210.5;0.0;0.0;1.0;0.0;0.0
GRLLN6_0_1435_2255_1947_2767;950;123;[454, 346, 512, 483];[454, 348, 511, 479];2499.5;2851.0;0.8233059048652649;1.0;0.7041015625;0.9397180971558017
GRLLN6_0_1435_2255_1947_2767;951;125;[358, 207, 390, 241];[356, 206, 391, 239];509.0;796.0;0.6514619588851929;1.0;0.11199951171875;0.8400328137817884
GRLLN6_0_1435_2255_1947_2767;952;122;[232, 170, 309, 248];[234, 170, 307, 249];2363.0;2860.0;0.8228268027305603;1.0;0.8642578125;0.9366672150024675
GRLLN6_0_1435_2255_1947_2767;953;124;[233, 92, 322, 140];[236, 92, 321, 141];2512.5;2643.0;0.9180911779403687;1.0;0.127685546875;0.9364241450539362
GRLLN6_0_1640_2255_2152_2767;954;-1;[27, 390, 56, 400];;207.5;0.0;0.0;1.0;0.0;0.0
GRLLN6_0_1640_2255_2152_2767;955;-1;[11, 482, 23, 496];;80.0;0.0;0.0;1.0;0.0;0.0
GRLLN6_0_1640_2255_2152_2767;956;-1;[66, 394, 90, 409];;185.5;0.0;0.0;1.0;0.0;0.0
GRLLN6_0_1640_2255_2152_2767;957;-1;[15, 47, 34, 58];;129.5;0.0;0.0;1.0;0.0;0.0
GRLLN6_0_1640_2255_2152_2767;958;-1;[255, 43, 283, 55];;210.5;0.0;0.0;1.0;0.0;0.0
GRLLN6_0_1640_2255_2152_2767;959;-1;[487, 431, 503, 441];;82.0;0.0;0.0;1.0;0.0;0.0
GRLLN6_0_1640_2255_2152_2767;960;164;[249, 346, 309, 483];[248, 346, 307, 477];2509.0;2727.0;0.8610928058624268;1.0;0.7841796875;0.9098311579451562
GRLLN6_0_1640_2255_2152_2767;961;-1;[489, 169, 512, 225];;900.0;0.0;0.0;1.0;0.0;0.0
GRLLN6_0_1640_2255_2152_2767;962;163;[372, 211, 424, 312];[372, 212, 423, 313];1835.5;2316.0;0.7914980053901672;1.0;0.8427734375;0.9617197812558929
GRLLN6_0_1640_2255_2152_2767;963;167;[153, 207, 185, 241];[152, 206, 185, 239];509.0;769.0;0.6694812774658203;1.0;0.043853759765625;0.8881179531656548
GRLLN6_0_1640_2255_2152_2767;964;165;[27, 170, 104, 248];[30, 170, 103, 249];2363.0;2856.0;0.8204447627067566;1.0;0.73095703125;0.9366672150024675
GRLLN6_0_1640_2255_2152_2767;965;166;[28, 92, 117, 140];[30, 92, 115, 141];2512.5;2657.0;0.9138603210449219;1.0;0.30322265625;0.9364241450539362
GRLLN6_0_1845_2255_2357_2767;966;-1;[358, 447, 375, 456];;88.5;0.0;0.0;1.0;0.0;0.0
GRLLN6_0_1845_2255_2357_2767;967;212;[403, 420, 456, 449];[404, 418, 455, 447];651.5;1014.0;0.6546961069107056;1.0;0.63525390625;0.8401464307504576
GRLLN6_0_1845_2255_2357_2767;968;-1;[50, 43, 78, 55];;210.5;0.0;0.0;1.0;0.0;0.0
GRLLN6_0_1845_2255_2357_2767;969;-1;[358, 447, 374, 456];;92.5;0.0;0.0;1.0;0.0;0.0
GRLLN6_0_1845_2255_2357_2767;970;-1;[282, 431, 298, 441];;82.0;0.0;0.0;1.0;0.0;0.0
GRLLN6_0_1845_2255_2357_2767;971;211;[44, 346, 104, 483];[44, 348, 103, 477];2509.0;2795.0;0.8244885206222534;1.0;0.77197265625;0.9259124087591241
GRLLN6_0_1845_2255_2357_2767;972;213;[273, 169, 330, 238];[276, 168, 331, 249];1457.0;2277.0;0.6532056331634521;1.0;0.375732421875;0.7992277992277992
GRLLN6_0_1845_2255_2357_2767;973;210;[167, 211, 219, 312];[168, 212, 219, 313];1835.5;2295.0;0.7963265180587769;1.0;0.8857421875;0.9617197812558929
GRLLN6_0_1845_2255_2357_2767;-1;214;;[246, 0, 265, 17];0.0;209.0;0.0;;0.01142120361328125;0.0
GRLLN6_0_2050_2255_2562_2767;974;-1;[153, 447, 170, 456];;88.5;0.0;0.0;1.0;0.0;0.0
GRLLN6_0_2050_2255_2562_2767;975;-1;[310, 456, 335, 510];;629.5;0.0;0.0;1.0;0.0;0.0
GRLLN6_0_2050_2255_2562_2767;976;268;[378, 316, 414, 358];[378, 316, 415, 357];646.5;788.0;0.8034682273864746;1.0;0.03515625;0.9504185447520928
GRLLN6_0_2050_2255_2562_2767;977;266;[198, 420, 251, 449];[200, 418, 249, 447];651.5;945.0;0.6796494722366333;1.0;0.330322265625;0.8091743119266055
GRLLN6_0_2050_2255_2562_2767;978;265;[349, 142, 391, 164];[348, 140, 393, 165];604.0;815.0;0.7569124698638916;1.0;0.85498046875;0.8213333333333334
GRLLN6_0_2050_2255_2562_2767;979;269;[487, 0, 512, 93];[488, 2, 511, 93];1554.0;1342.0;0.7563309073448181;1.0;0.005706787109375;0.9002150537634409
GRLLN6_0_2050_2255_2562_2767;980;-1;[153, 447, 169, 456];;92.5;0.0;0.0;1.0;0.0;0.0
GRLLN6_0_2050_2255_2562_2767;981;-1;[77, 431, 93, 441];;82.0;0.0;0.0;1.0;0.0;0.0
GRLLN6_0_2050_2255_2562_2767;982;267;[68, 169, 125, 238];[72, 168, 127, 249];1457.0;2276.0;0.6498960256576538;1.0;0.1480712890625;0.7729866835764109
GRLLN6_0_2050_2255_2562_2767;983;-1;[0, 267, 14, 295];;233.5;0.0;0.0;1.0;0.0;0.0
GRLLN6_0_2255_2255_2767_2767;984;-1;[494, 320, 504, 331];;76.0;0.0;0.0;1.0;0.0;0.0
GRLLN6_0_2255_2255_2767_2767;985;-1;[105, 456, 130, 510];;629.5;0.0;0.0;1.0;0.0;0.0
GRLLN6_0_2255_2255_2767_2767;986;332;[173, 316, 209, 358];[174, 314, 211, 357];646.5;812.0;0.7652947902679443;1.0;0.01861572265625;0.8603117505995204
GRLLN6_0_2255_2255_2767_2767;987;-1;[474, 491, 492, 512];;205.0;0.0;0.0;1.0;0.0;0.0
GRLLN6_0_2255_2255_2767_2767;988;331;[0, 420, 46, 449];[2, 420, 43, 445];616.5;744.0;0.7062212228775024;1.0;0.172119140625;0.7683658170914542
GRLLN6_0_2255_2255_2767_2767;989;328;[375, 376, 456, 428];[376, 376, 455, 427];1426.5;1659.0;0.8306849598884583;1.0;0.87744140625;0.9565527065527065
GRLLN6_0_2255_2255_2767_2767;990;327;[356, 265, 416, 325];[358, 268, 415, 327];1473.0;1857.0;0.7847011089324951;1.0;0.9013671875;0.8747980613893377
GRLLN6_0_2255_2255_2767_2767;991;330;[144, 142, 186, 164];[142, 140, 187, 165];604.0;818.0;0.7543054223060608;1.0;0.87060546875;0.8213333333333334
GRLLN6_0_2255_2255_2767_2767;992;329;[282, 0, 318, 93];[282, 0, 319, 93];2027.5;2218.0;0.8334009051322937;1.0;0.875;0.972972972972973
GRLLN6_0_2460_2255_2972_2767;993;-1;[289, 320, 299, 331];;76.0;0.0;0.0;1.0;0.0;0.0
GRLLN6_0_2460_2255_2972_2767;994;-1;[325, 402, 355, 479];;1057.5;0.0;0.0;1.0;0.0;0.0
GRLLN6_0_2460_2255_2972_2767;995;-1;[269, 491, 287, 512];;205.0;0.0;0.0;1.0;0.0;0.0
GRLLN6_0_2460_2255_2972_2767;996;371;[170, 376, 251, 428];[172, 376, 249, 429];1426.5;1688.0;0.8170534372329712;1.0;0.87060546875;0.933550944276055
GRLLN6_0_2460_2255_2972_2767;997;373;[440, 339, 497, 383];[442, 340, 497, 381];840.0;1029.0;0.7383966445922852;1.0;0.310791015625;0.8991228070175439
GRLLN6_0_2460_2255_2972_2767;998;370;[151, 265, 211, 325];[152, 266, 211, 327];1473.0;1891.0;0.7882589101791382;1.0;0.88720703125;0.936256051640667
GRLLN6_0_2460_2255_2972_2767;999;369;[382, 143, 427, 207];[382, 144, 429, 209];1134.0;1769.0;0.6593347787857056;1.0;0.93408203125;0.9145161290322581
GRLLN6_0_2460_2255_2972_2767;1000;372;[77, 0, 113, 93];[78, 0, 113, 93];2027.5;2164.0;0.8232653141021729;1.0;0.85791015625;0.9722222222222222
GRLLN6_0_2460_2255_2972_2767;-1;374;;[474, 226, 499, 285];0.0;937.0;0.0;;0.007518768310546875;0.0
GRLLN6_0_2665_2255_3177_2767;1001;-1;[84, 320, 94, 331];;76.0;0.0;0.0;1.0;0.0;0.0
GRLLN6_0_2665_2255_3177_2767;1002;-1;[348, 435, 360, 454];;153.0;0.0;0.0;1.0;0.0;0.0
GRLLN6_0_2665_2255_3177_2767;1003;-1;[409, 493, 438, 512];;350.5;0.0;0.0;1.0;0.0;0.0
GRLLN6_0_2665_2255_3177_2767;1004;-1;[120, 402, 150, 479];;1057.5;0.0;0.0;1.0;0.0;0.0
GRLLN6_0_2665_2255_3177_2767;1005;-1;[407, 246, 449, 284];;560.5;0.0;0.0;1.0;0.0;0.0
GRLLN6_0_2665_2255_3177_2767;1006;-1;[64, 491, 82, 512];;205.0;0.0;0.0;1.0;0.0;0.0
GRLLN6_0_2665_2255_3177_2767;1007;-1;[0, 376, 46, 392];;395.5;0.0;0.0;1.0;0.0;0.0
GRLLN6_0_2665_2255_3177_2767;1008;408;[235, 339, 292, 383];[236, 340, 293, 381];840.0;1049.0;0.7353923320770264;1.0;0.326904296875;0.9007453903491566
GRLLN6_0_2665_2255_3177_2767;1009;406;[177, 143, 222, 207];[178, 144, 225, 209];1134.0;1785.0;0.6468716859817505;1.0;0.91845703125;0.8763831805248182
GRLLN6_0_2665_2255_3177_2767;1010;407;[362, 0, 432, 70];[364, 2, 431, 69];2064.5;2501.0;0.7901143431663513;1.0;0.89111328125;0.9161224489795918
GRLLN6_0_2870_2255_3382_2767;1011;-1;[505, 0, 512, 7];;27.5;0.0;0.0;1.0;0.0;0.0
GRLLN6_0_2870_2255_3382_2767;1012;-1;[143, 435, 155, 454];;153.0;0.0;0.0;1.0;0.0;0.0
GRLLN6_0_2870_2255_3382_2767;1013;-1;[501, 416, 512, 429];;92.5;0.0;0.0;1.0;0.0;0.0
GRLLN6_0_2870_2255_3382_2767;1014;-1;[377, 492, 398, 506];;186.0;0.0;0.0;1.0;0.0;0.0
GRLLN6_0_2870_2255_3382_2767;1015;-1;[204, 493, 233, 512];;350.5;0.0;0.0;1.0;0.0;0.0
GRLLN6_0_2870_2255_3382_2767;1016;-1;[202, 246, 244, 284];;560.5;0.0;0.0;1.0;0.0;0.0
GRLLN6_0_2870_2255_3382_2767;1017;-1;[450, 500, 463, 512];;75.0;0.0;0.0;1.0;0.0;0.0
GRLLN6_0_2870_2255_3382_2767;1018;448;[30, 339, 87, 383];[32, 340, 87, 383];840.0;1042.0;0.739714503288269;1.0;0.048309326171875;0.9429824561403509
GRLLN6_0_2870_2255_3382_2767;1019;-1;[0, 154, 17, 181];;268.0;0.0;0.0;1.0;0.0;0.0
GRLLN6_0_2870_2255_3382_2767;1020;447;[306, 110, 338, 157];[310, 110, 341, 159];562.5;955.0;0.5852490663528442;1.0;0.161865234375;0.7709431751611013
GRLLN6_0_2870_2255_3382_2767;1021;445;[349, 31, 405, 80];[350, 30, 405, 81];1137.0;1695.0;0.7040759325027466;1.0;0.8974609375;0.9442887175893483
GRLLN6_0_2870_2255_3382_2767;1022;446;[157, 0, 227, 70];[158, 2, 227, 67];2064.5;2506.0;0.7894737124443054;1.0;0.88232421875;0.9153061224489796
GRLLN6_0_3075_2255_3587_2767;1023;-1;[300, 0, 309, 7];;41.0;0.0;0.0;1.0;0.0;0.0
GRLLN6_0_3075_2255_3587_2767;1024;-1;[296, 416, 310, 429];;117.5;0.0;0.0;1.0;0.0;0.0
GRLLN6_0_3075_2255_3587_2767;1025;-1;[172, 492, 193, 506];;186.0;0.0;0.0;1.0;0.0;0.0
GRLLN6_0_3075_2255_3587_2767;1026;-1;[506, 416, 512, 425];;41.0;0.0;0.0;1.0;0.0;0.0
GRLLN6_0_3075_2255_3587_2767;1027;-1;[309, 233, 325, 256];;176.0;0.0;0.0;1.0;0.0;0.0
GRLLN6_0_3075_2255_3587_2767;1028;-1;[0, 493, 28, 512];;349.0;0.0;0.0;1.0;0.0;0.0
GRLLN6_0_3075_2255_3587_2767;1029;-1;[0, 246, 39, 284];;547.0;0.0;0.0;1.0;0.0;0.0
GRLLN6_0_3075_2255_3587_2767;1030;495;[349, 4, 370, 23];[350, 4, 371, 25];260.0;323.0;0.7994428873062134;1.0;0.445556640625;0.8260869565217391
GRLLN6_0_3075_2255_3587_2767;1031;-1;[323, 504, 353, 512];;129.0;0.0;0.0;1.0;0.0;0.0
GRLLN6_0_3075_2255_3587_2767;1032;497;[414, 445, 429, 470];[412, 448, 429, 471];245.0;262.0;0.8327974081039429;1.0;0.01238250732421875;0.7568807339449541
GRLLN6_0_3075_2255_3587_2767;1033;-1;[245, 500, 258, 512];;75.0;0.0;0.0;1.0;0.0;0.0
GRLLN6_0_3075_2255_3587_2767;1034;494;[407, 252, 477, 316];[406, 254, 475, 317];1318.0;1928.0;0.6829150319099426;1.0;0.8427734375;0.9143352851875949
GRLLN6_0_3075_2255_3587_2767;1035;496;[101, 110, 133, 157];[104, 110, 137, 159];562.5;1028.0;0.550000011920929;1.0;0.1041259765625;0.7753128555176336
GRLLN6_0_3075_2255_3587_2767;1036;493;[144, 31, 200, 80];[144, 30, 203, 83];1137.0;1808.0;0.6664915680885315;1.0;0.89892578125;0.8775183882315318
GRLLN6_0_3075_2255_3587_2767;1037;-1;[0, 20, 22, 54];;397.0;0.0;0.0;1.0;0.0;0.0
GRLLN6_0_3280_2255_3792_2767;1038;-1;[95, 0, 104, 7];;41.0;0.0;0.0;1.0;0.0;0.0
GRLLN6_0_3280_2255_3792_2767;1039;-1;[91, 416, 105, 429];;117.5;0.0;0.0;1.0;0.0;0.0
GRLLN6_0_3280_2255_3792_2767;1040;-1;[398, 501, 407, 512];;75.0;0.0;0.0;1.0;0.0;0.0
GRLLN6_0_3280_2255_3792_2767;1041;-1;[428, 410, 439, 423];;92.5;0.0;0.0;1.0;0.0;0.0
GRLLN6_0_3280_2255_3792_2767;1042;-1;[301, 415, 321, 426];;173.0;0.0;0.0;1.0;0.0;0.0
GRLLN6_0_3280_2255_3792_2767;1043;-1;[104, 233, 120, 256];;176.0;0.0;0.0;1.0;0.0;0.0
GRLLN6_0_3280_2255_3792_2767;1044;540;[144, 4, 165, 23];[144, 6, 165, 25];260.0;310.0;0.8148148059844971;1.0;0.515625;0.8095238095238095
GRLLN6_0_3280_2255_3792_2767;1045;-1;[329, 54, 366, 97];;562.0;0.0;0.0;1.0;0.0;0.0
GRLLN6_0_3280_2255_3792_2767;1046;-1;[372, 459, 390, 483];;282.0;0.0;0.0;1.0;0.0;0.0
GRLLN6_0_3280_2255_3792_2767;1047;-1;[118, 504, 148, 512];;129.0;0.0;0.0;1.0;0.0;0.0
GRLLN6_0_3280_2255_3792_2767;1048;543;[209, 445, 224, 470];[208, 448, 225, 471];245.0;248.0;0.8229508399963379;1.0;0.029083251953125;0.7568807339449541
GRLLN6_0_3280_2255_3792_2767;1049;-1;[40, 500, 53, 512];;75.0;0.0;0.0;1.0;0.0;0.0
GRLLN6_0_3280_2255_3792_2767;1050;541;[454, 435, 495, 466];[454, 434, 497, 489];590.0;1428.0;0.43220338225364685;1.0;0.42822265625;0.5374207188160677
GRLLN6_0_3280_2255_3792_2767;1051;537;[288, 310, 374, 374];[290, 314, 373, 373];1418.0;2312.0;0.6194477677345276;1.0;0.8310546875;0.8897165697674418
GRLLN6_0_3280_2255_3792_2767;1052;539;[380, 280, 405, 316];[380, 280, 405, 315];332.5;489.0;0.6702702641487122;1.0;0.73388671875;0.9722222222222222
GRLLN6_0_3280_2255_3792_2767;1053;536;[202, 252, 272, 316];[200, 254, 269, 317];1318.0;1830.0;0.697848916053772;1.0;0.89306640625;0.8889364433982453
GRLLN6_0_3280_2255_3792_2767;1054;538;[484, 165, 512, 201];[484, 164, 511, 203];577.5;718.0;0.7796178460121155;1.0;0.78662109375;0.8925619834710744
GRLLN6_0_3280_2255_3792_2767;1055;542;[318, 141, 386, 234];[318, 146, 385, 235];2269.0;2532.0;0.8327928185462952;1.0;0.20947265625;0.9225473321858864
GRLLN6_0_3485_2255_3997_2767;1056;-1;[397, 312, 425, 325];;202.0;0.0;0.0;1.0;0.0;0.0
GRLLN6_0_3485_2255_3997_2767;1057;-1;[193, 501, 202, 512];;75.0;0.0;0.0;1.0;0.0;0.0
GRLLN6_0_3485_2255_3997_2767;1058;-1;[223, 410, 234, 423];;92.5;0.0;0.0;1.0;0.0;0.0
GRLLN6_0_3485_2255_3997_2767;1059;-1;[96, 415, 116, 426];;173.0;0.0;0.0;1.0;0.0;0.0
GRLLN6_0_3485_2255_3997_2767;1060;578;[124, 54, 161, 97];[126, 54, 163, 95];562.0;768.0;0.688811182975769;1.0;0.005619049072265625;0.8577405857740585
GRLLN6_0_3485_2255_3997_2767;1061;-1;[167, 459, 185, 483];;282.0;0.0;0.0;1.0;0.0;0.0
GRLLN6_0_3485_2255_3997_2767;1062;-1;[4, 445, 19, 470];;245.0;0.0;0.0;1.0;0.0;0.0
GRLLN6_0_3485_2255_3997_2767;1063;576;[249, 435, 290, 466];[248, 434, 293, 491];590.0;1572.0;0.3947681188583374;1.0;0.5888671875;0.49551656920077974
GRLLN6_0_3485_2255_3997_2767;1064;573;[83, 310, 169, 374];[86, 314, 169, 373];1418.0;2433.0;0.5906834602355957;1.0;0.85791015625;0.8897165697674418
GRLLN6_0_3485_2255_3997_2767;1065;575;[175, 280, 200, 316];[174, 280, 201, 315];332.5;525.0;0.6518010497093201;1.0;0.689453125;0.9020618556701031
GRLLN6_0_3485_2255_3997_2767;1066;572;[0, 252, 67, 316];[2, 254, 65, 315];1285.0;1626.0;0.7086272239685059;1.0;0.9033203125;0.8962220149253731
GRLLN6_0_3485_2255_3997_2767;1067;574;[279, 165, 307, 201];[280, 164, 309, 203];577.0;792.0;0.7390791177749634;1.0;0.82763671875;0.8329048843187661
GRLLN6_0_3485_2255_3997_2767;1068;577;[113, 141, 181, 234];[112, 146, 181, 235];2269.0;2652.0;0.8044382929801941;1.0;0.453369140625;0.9233143033482487
GRLLN6_0_3690_2255_4202_2767;1069;-1;[192, 312, 220, 325];;202.0;0.0;0.0;1.0;0.0;0.0
GRLLN6_0_3690_2255_4202_2767;1070;-1;[18, 410, 29, 423];;92.5;0.0;0.0;1.0;0.0;0.0
GRLLN6_0_3690_2255_4202_2767;1071;593;[44, 435, 85, 466];[44, 434, 87, 491];590.0;1513.0;0.4090067744255066;1.0;0.46484375;0.518563851489188
GRLLN6_0_3690_2255_4202_2767;1072;592;[74, 165, 102, 201];[74, 164, 105, 203];577.0;814.0;0.7314814925193787;1.0;0.83544921875;0.8337468982630273
GRLLN6_0_3751_2255_4263_2767;1073;-1;[131, 312, 159, 325];;202.0;0.0;0.0;1.0;0.0;0.0
GRLLN6_0_3751_2255_4263_2767;1074;600;[0, 435, 24, 466];[2, 434, 27, 469];340.5;532.0;0.5186335444450378;1.0;0.0548095703125;0.727854855923159
GRLLN6_0_3751_2255_4263_2767;1075;599;[13, 165, 41, 201];[14, 164, 43, 203];577.0;761.0;0.7674418687820435;1.0;0.84912109375;0.8329048843187661
GRLLN6_0_410_2460_922_2972;1076;-1;[321, 148, 345, 171];;161.5;0.0;0.0;1.0;0.0;0.0
GRLLN6_0_410_2460_922_2972;1077;632;[487, 33, 512, 64];[488, 36, 511, 67];410.0;476.0;0.7103448510169983;1.0;0.346923828125;0.7630331753554502
GRLLN6_0_615_2460_1127_2972;1078;-1;[394, 41, 411, 58];;147.0;0.0;0.0;1.0;0.0;0.0
GRLLN6_0_615_2460_1127_2972;1079;-1;[116, 148, 140, 171];;161.5;0.0;0.0;1.0;0.0;0.0
GRLLN6_0_615_2460_1127_2972;1080;-1;[491, 444, 505, 474];;191.5;0.0;0.0;1.0;0.0;0.0
GRLLN6_0_615_2460_1127_2972;1081;677;[347, 246, 410, 279];[346, 246, 409, 279];737.5;1070.0;0.6818572878837585;1.0;0.007843017578125;0.96875
GRLLN6_0_615_2460_1127_2972;1082;-1;[313, 477, 393, 512];;1528.5;0.0;0.0;1.0;0.0;0.0
GRLLN6_0_615_2460_1127_2972;1083;676;[282, 33, 313, 64];[282, 34, 315, 67];485.5;798.0;0.6332945227622986;1.0;0.78515625;0.8303571428571429
GRLLN6_0_820_2460_1332_2972;1084;-1;[508, 226, 512, 234];;21.5;0.0;0.0;1.0;0.0;0.0
GRLLN6_0_820_2460_1332_2972;1085;-1;[502, 176, 512, 186];;56.5;0.0;0.0;1.0;0.0;0.0
GRLLN6_0_820_2460_1332_2972;1086;-1;[432, 37, 449, 54];;157.0;0.0;0.0;1.0;0.0;0.0
GRLLN6_0_820_2460_1332_2972;1087;-1;[189, 41, 206, 58];;147.0;0.0;0.0;1.0;0.0;0.0
GRLLN6_0_820_2460_1332_2972;1088;-1;[432, 419, 450, 449];;250.0;0.0;0.0;1.0;0.0;0.0
GRLLN6_0_820_2460_1332_2972;1089;-1;[286, 444, 300, 474];;191.5;0.0;0.0;1.0;0.0;0.0
GRLLN6_0_820_2460_1332_2972;1090;725;[399, 6, 425, 26];[400, 6, 425, 29];279.5;354.0;0.7334963083267212;1.0;0.26904296875;0.8403361344537815
GRLLN6_0_820_2460_1332_2972;1091;727;[142, 246, 205, 279];[142, 246, 203, 279];737.5;1062.0;0.6822916865348816;1.0;0.006191253662109375;0.9682539682539683
GRLLN6_0_820_2460_1332_2972;1092;-1;[108, 477, 188, 512];;1528.5;0.0;0.0;1.0;0.0;0.0
GRLLN6_0_820_2460_1332_2972;1093;723;[347, 260, 440, 372];[348, 262, 439, 371];3395.5;4038.0;0.8194509148597717;1.0;0.93017578125;0.9522849462365591
GRLLN6_0_820_2460_1332_2972;1094;726;[341, 100, 383, 148];[340, 104, 383, 149];504.0;813.0;0.567769467830658;1.0;0.0196380615234375;0.8787446504992867
GRLLN6_0_820_2460_1332_2972;1095;724;[77, 33, 108, 64];[78, 34, 111, 67];485.5;790.0;0.6220930218696594;1.0;0.79052734375;0.782608695652174
GRLLN6_0_1025_2460_1537_2972;1096;-1;[303, 226, 313, 238];;67.5;0.0;0.0;1.0;0.0;0.0
GRLLN6_0_1025_2460_1537_2972;1097;-1;[349, 153, 374, 194];;464.0;0.0;0.0;1.0;0.0;0.0
GRLLN6_0_1025_2460_1537_2972;1098;-1;[498, 343, 511, 362];;113.5;0.0;0.0;1.0;0.0;0.0
GRLLN6_0_1025_2460_1537_2972;1099;-1;[317, 113, 334, 129];;122.5;0.0;0.0;1.0;0.0;0.0
GRLLN6_0_1025_2460_1537_2972;1100;-1;[297, 176, 317, 187];;134.5;0.0;0.0;1.0;0.0;0.0
GRLLN6_0_1025_2460_1537_2972;1101;-1;[227, 37, 244, 54];;157.0;0.0;0.0;1.0;0.0;0.0
GRLLN6_0_1025_2460_1537_2972;1102;-1;[227, 419, 245, 449];;250.0;0.0;0.0;1.0;0.0;0.0
GRLLN6_0_1025_2460_1537_2972;1103;-1;[81, 444, 95, 474];;191.5;0.0;0.0;1.0;0.0;0.0
GRLLN6_0_1025_2460_1537_2972;1104;45;[194, 6, 220, 26];[194, 6, 219, 29];279.5;357.0;0.727053165435791;1.0;0.265869140625;0.8403361344537815
GRLLN6_0_1025_2460_1537_2972;1105;-1;[450, 272, 467, 287];;156.5;0.0;0.0;1.0;0.0;0.0
GRLLN6_0_1025_2460_1537_2972;1106;-1;[373, 26, 389, 40];;115.5;0.0;0.0;1.0;0.0;0.0
GRLLN6_0_1025_2460_1537_2972;1107;44;[142, 260, 235, 372];[144, 262, 235, 371];3395.5;3992.0;0.8216381072998047;1.0;0.9189453125;0.9522849462365591
GRLLN6_0_1025_2460_1537_2972;1108;46;[136, 100, 178, 148];[136, 102, 177, 149];504.0;865.0;0.585669755935669;1.0;0.030792236328125;0.9168692270296548
GRLLN6_0_1230_2460_1742_2972;1109;-1;[98, 226, 108, 238];;67.5;0.0;0.0;1.0;0.0;0.0
GRLLN6_0_1230_2460_1742_2972;1110;86;[144, 153, 169, 194];[110, 142, 225, 197];464.0;2118.0;0.22597630321979523;1.0;0.01507568359375;0.16205533596837945
GRLLN6_0_1230_2460_1742_2972;1111;-1;[293, 343, 306, 362];;113.5;0.0;0.0;1.0;0.0;0.0
GRLLN6_0_1230_2460_1742_2972;1112;-1;[112, 113, 129, 129];;122.5;0.0;0.0;1.0;0.0;0.0
GRLLN6_0_1230_2460_1742_2972;1113;-1;[92, 176, 112, 187];;134.5;0.0;0.0;1.0;0.0;0.0
GRLLN6_0_1230_2460_1742_2972;1114;-1;[22, 37, 39, 54];;157.0;0.0;0.0;1.0;0.0;0.0
GRLLN6_0_1230_2460_1742_2972;1115;-1;[22, 419, 40, 449];;250.0;0.0;0.0;1.0;0.0;0.0
GRLLN6_0_1230_2460_1742_2972;1116;-1;[0, 6, 15, 26];;176.0;0.0;0.0;1.0;0.0;0.0
GRLLN6_0_1230_2460_1742_2972;1117;-1;[437, 185, 466, 195];;207.5;0.0;0.0;1.0;0.0;0.0
GRLLN6_0_1230_2460_1742_2972;1118;-1;[421, 277, 433, 291];;80.0;0.0;0.0;1.0;0.0;0.0
GRLLN6_0_1230_2460_1742_2972;1119;-1;[366, 298, 381, 318];;150.0;0.0;0.0;1.0;0.0;0.0
GRLLN6_0_1230_2460_1742_2972;1120;-1;[245, 272, 262, 287];;156.5;0.0;0.0;1.0;0.0;0.0
GRLLN6_0_1230_2460_1742_2972;1121;-1;[476, 189, 500, 204];;185.5;0.0;0.0;1.0;0.0;0.0
GRLLN6_0_1230_2460_1742_2972;1122;-1;[168, 26, 184, 40];;115.5;0.0;0.0;1.0;0.0;0.0
GRLLN6_0_1230_2460_1742_2972;1123;87;[0, 309, 30, 333];[2, 308, 31, 335];604.0;552.0;0.7566807270050049;1.0;0.005161285400390625;0.8086642599277978
GRLLN6_0_1230_2460_1742_2972;1124;85;[437, 0, 512, 43];[440, 0, 511, 43];1686.0;1926.0;0.8290353417396545;1.0;0.1124267578125;0.9466666666666667
GRLLN6_0_1435_2460_1947_2972;1125;-1;[88, 343, 101, 362];;113.5;0.0;0.0;1.0;0.0;0.0
GRLLN6_0_1435_2460_1947_2972;1126;-1;[232, 185, 261, 195];;207.5;0.0;0.0;1.0;0.0;0.0
GRLLN6_0_1435_2460_1947_2972;1127;-1;[216, 277, 228, 291];;80.0;0.0;0.0;1.0;0.0;0.0
GRLLN6_0_1435_2460_1947_2972;1128;-1;[161, 298, 176, 318];;150.0;0.0;0.0;1.0;0.0;0.0
GRLLN6_0_1435_2460_1947_2972;1129;-1;[40, 272, 57, 287];;156.5;0.0;0.0;1.0;0.0;0.0
GRLLN6_0_1435_2460_1947_2972;1130;-1;[271, 189, 295, 204];;185.5;0.0;0.0;1.0;0.0;0.0
GRLLN6_0_1435_2460_1947_2972;1131;-1;[497, 415, 512, 447];;343.0;0.0;0.0;1.0;0.0;0.0
GRLLN6_0_1435_2460_1947_2972;1132;126;[454, 141, 512, 278];[454, 142, 511, 273];2499.5;2833.0;0.8369634747505188;1.0;0.658203125;0.9397180971558017
GRLLN6_0_1435_2460_1947_2972;1133;128;[358, 2, 390, 36];[356, 2, 391, 33];509.0;769.0;0.6654632687568665;1.0;0.020721435546875;0.8399661303979679
GRLLN6_0_1435_2460_1947_2972;1134;127;[232, 0, 309, 43];[234, 2, 307, 43];1692.0;1914.0;0.8068020939826965;1.0;0.155029296875;0.9039565086076714
GRLLN6_0_1640_2460_2152_2972;1135;-1;[27, 185, 56, 195];;207.5;0.0;0.0;1.0;0.0;0.0
GRLLN6_0_1640_2460_2152_2972;1136;-1;[11, 277, 23, 291];;80.0;0.0;0.0;1.0;0.0;0.0
GRLLN6_0_1640_2460_2152_2972;1137;-1;[66, 189, 90, 204];;185.5;0.0;0.0;1.0;0.0;0.0
GRLLN6_0_1640_2460_2152_2972;1138;-1;[487, 226, 503, 236];;82.0;0.0;0.0;1.0;0.0;0.0
GRLLN6_0_1640_2460_2152_2972;1139;-1;[452, 501, 469, 512];;86.0;0.0;0.0;1.0;0.0;0.0
GRLLN6_0_1640_2460_2152_2972;1140;-1;[459, 465, 512, 508];;588.5;0.0;0.0;1.0;0.0;0.0
GRLLN6_0_1640_2460_2152_2972;1141;170;[292, 378, 381, 447];[292, 378, 423, 447];2112.0;3134.0;0.6548329591751099;1.0;0.77734375;0.6793893129770993
GRLLN6_0_1640_2460_2152_2972;1142;169;[249, 141, 309, 278];[248, 142, 307, 273];2509.0;2726.0;0.8574244379997253;1.0;0.85595703125;0.9098311579451562
GRLLN6_0_1640_2460_2152_2972;1143;-1;[495, 0, 512, 20];;196.5;0.0;0.0;1.0;0.0;0.0
GRLLN6_0_1640_2460_2152_2972;1144;168;[372, 6, 424, 107];[372, 6, 423, 107];1835.5;2222.0;0.8146750330924988;1.0;0.86083984375;0.9807692307692307
GRLLN6_0_1640_2460_2152_2972;1145;172;[153, 2, 185, 36];[152, 2, 185, 33];509.0;725.0;0.6821607947349548;1.0;0.043701171875;0.8865058087578195
GRLLN6_0_1640_2460_2152_2972;1146;171;[27, 0, 104, 43];[30, 2, 103, 43];1692.0;1909.0;0.8125296831130981;1.0;0.0970458984375;0.9039565086076714
GRLLN6_0_1845_2460_2357_2972;1147;-1;[369, 343, 379, 360];;103.5;0.0;0.0;1.0;0.0;0.0
GRLLN6_0_1845_2460_2357_2972;1148;-1;[358, 242, 375, 251];;88.5;0.0;0.0;1.0;0.0;0.0
GRLLN6_0_1845_2460_2357_2972;1149;-1;[381, 449, 395, 469];;139.5;0.0;0.0;1.0;0.0;0.0
GRLLN6_0_1845_2460_2357_2972;1150;-1;[485, 426, 498, 444];;134.5;0.0;0.0;1.0;0.0;0.0
GRLLN6_0_1845_2460_2357_2972;1151;220;[403, 215, 456, 244];[406, 214, 455, 241];651.5;941.0;0.6734693646430969;1.0;0.34423828125;0.8032786885245902
GRLLN6_0_1845_2460_2357_2972;1152;-1;[427, 406, 437, 421];;62.5;0.0;0.0;1.0;0.0;0.0
GRLLN6_0_1845_2460_2357_2972;1153;-1;[369, 343, 378, 359];;78.0;0.0;0.0;1.0;0.0;0.0
GRLLN6_0_1845_2460_2357_2972;1154;-1;[358, 242, 374, 251];;92.5;0.0;0.0;1.0;0.0;0.0
GRLLN6_0_1845_2460_2357_2972;1155;-1;[282, 226, 298, 236];;82.0;0.0;0.0;1.0;0.0;0.0
GRLLN6_0_1845_2460_2357_2972;1156;-1;[381, 450, 396, 469];;141.5;0.0;0.0;1.0;0.0;0.0
GRLLN6_0_1845_2460_2357_2972;1157;-1;[247, 501, 264, 512];;86.0;0.0;0.0;1.0;0.0;0.0
GRLLN6_0_1845_2460_2357_2972;1158;218;[254, 465, 326, 512];[258, 466, 323, 511];884.5;1288.0;0.6803104877471924;1.0;0.79931640625;0.8643617021276596
GRLLN6_0_1845_2460_2357_2972;1159;215;[87, 378, 176, 447];[88, 378, 219, 447];2112.0;3130.0;0.6508030891418457;1.0;0.8671875;0.6666666666666666
GRLLN6_0_1845_2460_2357_2972;1160;217;[44, 141, 104, 278];[44, 142, 103, 273];2509.0;2748.0;0.851029098033905;1.0;0.80322265625;0.9402676399026764
GRLLN6_0_1845_2460_2357_2972;1161;219;[273, 0, 330, 33];[276, 2, 333, 45];710.5;1304.0;0.4870748221874237;1.0;0.5849609375;0.6297968397291196
GRLLN6_0_1845_2460_2357_2972;1162;216;[167, 6, 219, 107];[168, 8, 219, 107];1835.5;2227.0;0.799667477607727;1.0;0.8623046875;0.9613480578827114
GRLLN6_0_2050_2460_2562_2972;1163;-1;[164, 343, 174, 360];;103.5;0.0;0.0;1.0;0.0;0.0
GRLLN6_0_2050_2460_2562_2972;1164;-1;[153, 242, 170, 251];;88.5;0.0;0.0;1.0;0.0;0.0
GRLLN6_0_2050_2460_2562_2972;1165;-1;[450, 331, 469, 343];;131.5;0.0;0.0;1.0;0.0;0.0
GRLLN6_0_2050_2460_2562_2972;1166;-1;[449, 314, 462, 333];;141.5;0.0;0.0;1.0;0.0;0.0
GRLLN6_0_2050_2460_2562_2972;1167;-1;[176, 449, 190, 469];;139.5;0.0;0.0;1.0;0.0;0.0
GRLLN6_0_2050_2460_2562_2972;1168;-1;[280, 426, 293, 444];;134.5;0.0;0.0;1.0;0.0;0.0
GRLLN6_0_2050_2460_2562_2972;1169;275;[310, 251, 335, 305];[308, 254, 337, 305];629.5;910.0;0.6986855268478394;1.0;0.0232391357421875;0.8204633204633205
GRLLN6_0_2050_2460_2562_2972;1170;274;[378, 111, 414, 153];[378, 110, 415, 151];646.5;834.0;0.7665198445320129;1.0;0.04742431640625;0.9062303335431089
GRLLN6_0_2050_2460_2562_2972;1171;271;[424, 380, 466, 411];[426, 382, 467, 411];706.0;902.0;0.7652438879013062;1.0;0.6943359375;0.8715251690458302
GRLLN6_0_2050_2460_2562_2972;1172;273;[198, 215, 251, 244];[200, 214, 249, 241];651.5;910.0;0.7009063363075256;1.0;0.375732421875;0.8032786885245902
GRLLN6_0_2050_2460_2562_2972;1173;-1;[222, 406, 232, 421];;62.5;0.0;0.0;1.0;0.0;0.0
GRLLN6_0_2050_2460_2562_2972;1174;-1;[164, 343, 173, 359];;78.0;0.0;0.0;1.0;0.0;0.0
GRLLN6_0_2050_2460_2562_2972;1175;-1;[153, 242, 169, 251];;92.5;0.0;0.0;1.0;0.0;0.0
GRLLN6_0_2050_2460_2562_2972;1176;-1;[77, 226, 93, 236];;82.0;0.0;0.0;1.0;0.0;0.0
GRLLN6_0_2050_2460_2562_2972;1177;-1;[176, 450, 191, 469];;141.5;0.0;0.0;1.0;0.0;0.0
GRLLN6_0_2050_2460_2562_2972;1178;-1;[42, 501, 59, 512];;86.0;0.0;0.0;1.0;0.0;0.0
GRLLN6_0_2050_2460_2562_2972;1179;270;[49, 465, 121, 512];[54, 466, 119, 511];884.5;1254.0;0.6833810806274414;1.0;0.6943359375;0.8643617021276596
GRLLN6_0_2050_2460_2562_2972;1180;272;[68, 0, 125, 33];[72, 2, 129, 45];710.5;1351.0;0.48796790838241577;1.0;0.43212890625;0.6110078095946448
GRLLN6_0_2050_2460_2562_2972;1181;-1;[0, 62, 14, 90];;233.5;0.0;0.0;1.0;0.0;0.0
GRLLN6_0_2255_2460_2767_2972;1182;-1;[245, 331, 264, 343];;131.5;0.0;0.0;1.0;0.0;0.0
GRLLN6_0_2255_2460_2767_2972;1183;-1;[244, 314, 257, 333];;141.5;0.0;0.0;1.0;0.0;0.0
GRLLN6_0_2255_2460_2767_2972;1184;-1;[75, 426, 88, 444];;134.5;0.0;0.0;1.0;0.0;0.0
GRLLN6_0_2255_2460_2767_2972;1185;-1;[494, 115, 504, 126];;76.0;0.0;0.0;1.0;0.0;0.0
GRLLN6_0_2255_2460_2767_2972;1186;339;[105, 251, 130, 305];[104, 254, 133, 305];629.5;907.0;0.7087576389312744;1.0;0.00547027587890625;0.8204633204633205
GRLLN6_0_2255_2460_2767_2972;1187;338;[173, 111, 209, 153];[172, 110, 211, 151];646.5;870.0;0.7436169981956482;1.0;0.00937652587890625;0.8617594254937163
GRLLN6_0_2255_2460_2767_2972;1188;335;[219, 380, 261, 411];[220, 382, 261, 411];706.0;918.0;0.7519920468330383;1.0;0.7890625;0.9132104454685099
GRLLN6_0_2255_2460_2767_2972;1189;336;[474, 286, 501, 322];[472, 286, 501, 325];385.5;647.0;0.598870038986206;1.0;0.474609375;0.8594164456233422
GRLLN6_0_2255_2460_2767_2972;1190;337;[0, 215, 46, 244];[2, 214, 43, 241];616.5;815.0;0.6840391159057617;1.0;0.260498046875;0.7752727272727272
GRLLN6_0_2255_2460_2767_2972;1191;334;[375, 171, 456, 223];[376, 172, 453, 223];1426.5;1736.0;0.801261842250824;1.0;0.8662109375;0.9323361823361823
GRLLN6_0_2255_2460_2767_2972;1192;333;[356, 60, 416, 120];[358, 62, 415, 121];1473.0;1819.0;0.7951621413230896;1.0;0.89697265625;0.904019688269073
GRLLN6_0_2255_2460_2767_2972;1193;-1;[17, 406, 27, 421];;62.5;0.0;0.0;1.0;0.0;0.0
GRLLN6_0_2460_2460_2972_2972;1194;-1;[40, 331, 59, 343];;131.5;0.0;0.0;1.0;0.0;0.0
GRLLN6_0_2460_2460_2972_2972;1195;-1;[39, 314, 52, 333];;141.5;0.0;0.0;1.0;0.0;0.0
GRLLN6_0_2460_2460_2972_2972;1196;-1;[289, 115, 299, 126];;76.0;0.0;0.0;1.0;0.0;0.0
GRLLN6_0_2460_2460_2972_2972;1197;-1;[325, 197, 355, 274];;1057.5;0.0;0.0;1.0;0.0;0.0
GRLLN6_0_2460_2460_2972_2972;1198;378;[14, 380, 56, 411];[16, 382, 57, 411];706.0;911.0;0.7512487769126892;1.0;0.6806640625;0.8715251690458302
GRLLN6_0_2460_2460_2972_2972;1199;377;[420, 346, 467, 392];[420, 346, 467, 393];1180.0;1489.0;0.793749988079071;1.0;0.87158203125;0.9787234042553191
GRLLN6_0_2460_2460_2972_2972;1200;379;[269, 286, 296, 322];[268, 286, 295, 325];385.5;606.0;0.6313433051109314;1.0;0.2958984375;0.859504132231405
GRLLN6_0_2460_2460_2972_2972;1201;376;[170, 171, 251, 223];[172, 172, 249, 223];1426.5;1707.0;0.7980921864509583;1.0;0.8798828125;0.9323361823361823
GRLLN6_0_2460_2460_2972_2972;1202;380;[440, 134, 497, 178];[442, 134, 497, 177];840.0;1104.0;0.7269043922424316;1.0;0.275146484375;0.9429824561403509
GRLLN6_0_2460_2460_2972_2972;1203;375;[151, 60, 211, 120];[154, 62, 211, 121];1473.0;1827.0;0.7914110422134399;1.0;0.8974609375;0.904019688269073
GRLLN6_0_2665_2460_3177_2972;1204;-1;[84, 115, 94, 126];;76.0;0.0;0.0;1.0;0.0;0.0
GRLLN6_0_2665_2460_3177_2972;1205;-1;[348, 230, 360, 249];;153.0;0.0;0.0;1.0;0.0;0.0
GRLLN6_0_2665_2460_3177_2972;1206;-1;[396, 386, 410, 399];;130.0;0.0;0.0;1.0;0.0;0.0
GRLLN6_0_2665_2460_3177_2972;1207;412;[395, 288, 438, 321];[396, 286, 441, 323];624.0;878.0;0.7226980924606323;1.0;0.06536865234375;0.8162544169611308
GRLLN6_0_2665_2460_3177_2972;1208;-1;[120, 197, 150, 274];;1057.5;0.0;0.0;1.0;0.0;0.0
GRLLN6_0_2665_2460_3177_2972;1209;-1;[407, 41, 449, 79];;560.5;0.0;0.0;1.0;0.0;0.0
GRLLN6_0_2665_2460_3177_2972;1210;409;[215, 346, 262, 392];[216, 346, 261, 393];1180.0;1523.0;0.7907692193984985;1.0;0.87646484375;0.9379247847757136
GRLLN6_0_2665_2460_3177_2972;1211;411;[64, 286, 91, 322];[64, 288, 89, 325];385.5;518.0;0.7023809552192688;1.0;0.262939453125;0.8118433619866284
GRLLN6_0_2665_2460_3177_2972;1212;-1;[0, 171, 46, 187];;395.5;0.0;0.0;1.0;0.0;0.0
GRLLN6_0_2665_2460_3177_2972;1213;410;[235, 134, 292, 178];[236, 134, 293, 177];840.0;1160.0;0.7022603154182434;1.0;0.439697265625;0.9439435515484124
GRLLN6_0_2870_2460_3382_2972;1214;-1;[143, 230, 155, 249];;153.0;0.0;0.0;1.0;0.0;0.0
GRLLN6_0_2870_2460_3382_2972;1215;-1;[501, 211, 512, 224];;92.5;0.0;0.0;1.0;0.0;0.0
GRLLN6_0_2870_2460_3382_2972;1216;454;[347, 417, 373, 440];[348, 418, 369, 439];243.0;294.0;0.6415094137191772;1.0;0.0182647705078125;0.7374581939799331
GRLLN6_0_2870_2460_3382_2972;1217;-1;[396, 314, 416, 333];;135.0;0.0;0.0;1.0;0.0;0.0
GRLLN6_0_2870_2460_3382_2972;1218;-1;[377, 287, 398, 301];;186.0;0.0;0.0;1.0;0.0;0.0
GRLLN6_0_2870_2460_3382_2972;1219;-1;[382, 341, 392, 351];;59.5;0.0;0.0;1.0;0.0;0.0
GRLLN6_0_2870_2460_3382_2972;1220;-1;[191, 386, 205, 399];;130.0;0.0;0.0;1.0;0.0;0.0
GRLLN6_0_2870_2460_3382_2972;1221;453;[190, 288, 233, 321];[190, 286, 235, 323];624.0;906.0;0.7055150866508484;1.0;0.047088623046875;0.8522522522522522
GRLLN6_0_2870_2460_3382_2972;1222;-1;[202, 41, 244, 79];;560.5;0.0;0.0;1.0;0.0;0.0
GRLLN6_0_2870_2460_3382_2972;1223;450;[384, 384, 421, 429];[384, 384, 421, 429];755.5;1069.0;0.7273526787757874;1.0;0.81640625;1.0
GRLLN6_0_2870_2460_3382_2972;1224;449;[10, 346, 57, 392];[12, 346, 57, 391];1180.0;1434.0;0.7942675352096558;1.0;0.87890625;0.9366327474560592
GRLLN6_0_2870_2460_3382_2972;1225;452;[427, 295, 465, 332];[430, 296, 465, 333];658.0;874.0;0.722741425037384;1.0;0.1412353515625;0.8743927827897293
GRLLN6_0_2870_2460_3382_2972;1226;451;[30, 134, 87, 178];[32, 134, 87, 177];840.0;1130.0;0.714853048324585;1.0;0.2386474609375;0.9429824561403509
GRLLN6_0_3075_2460_3587_2972;1227;-1;[296, 211, 310, 224];;117.5;0.0;0.0;1.0;0.0;0.0
GRLLN6_0_3075_2460_3587_2972;1228;501;[142, 417, 168, 440];[142, 418, 165, 439];243.0;305.0;0.6377952694892883;1.0;0.0182647705078125;0.8076923076923077
GRLLN6_0_3075_2460_3587_2972;1229;-1;[191, 314, 211, 333];;135.0;0.0;0.0;1.0;0.0;0.0
GRLLN6_0_3075_2460_3587_2972;1230;-1;[172, 287, 193, 301];;186.0;0.0;0.0;1.0;0.0;0.0
GRLLN6_0_3075_2460_3587_2972;1231;-1;[506, 211, 512, 220];;41.0;0.0;0.0;1.0;0.0;0.0
GRLLN6_0_3075_2460_3587_2972;1232;-1;[309, 28, 325, 51];;176.0;0.0;0.0;1.0;0.0;0.0
GRLLN6_0_3075_2460_3587_2972;1233;-1;[177, 341, 187, 351];;59.5;0.0;0.0;1.0;0.0;0.0
GRLLN6_0_3075_2460_3587_2972;1234;502;[0, 288, 28, 320];[0, 286, 29, 319];505.0;597.0;0.8155487775802612;1.0;0.01262664794921875;0.8812182741116751
GRLLN6_0_3075_2460_3587_2972;1235;-1;[0, 41, 39, 79];;547.0;0.0;0.0;1.0;0.0;0.0
GRLLN6_0_3075_2460_3587_2972;1236;-1;[323, 299, 353, 313];;250.5;0.0;0.0;1.0;0.0;0.0
GRLLN6_0_3075_2460_3587_2972;1237;503;[414, 240, 429, 265];[412, 242, 429, 265];245.0;277.0;0.8099688291549683;1.0;0.01056671142578125;0.8194774346793349
GRLLN6_0_3075_2460_3587_2972;1238;499;[179, 384, 216, 429];[178, 384, 217, 429];755.5;1126.0;0.6979866027832031;1.0;0.80810546875;0.9487179487179487
GRLLN6_0_3075_2460_3587_2972;1239;500;[222, 295, 260, 332];[224, 296, 261, 333];658.0;876.0;0.7228541970252991;1.0;0.06585693359375;0.8762677484787018
GRLLN6_0_3075_2460_3587_2972;1240;498;[407, 47, 477, 111];[406, 48, 473, 111];1318.0;1767.0;0.7362924218177795;1.0;0.89501953125;0.9152542372881356
GRLLN6_0_3280_2460_3792_2972;1241;-1;[91, 211, 105, 224];;117.5;0.0;0.0;1.0;0.0;0.0
GRLLN6_0_3280_2460_3792_2972;1242;-1;[0, 326, 6, 333];;24.5;0.0;0.0;1.0;0.0;0.0
GRLLN6_0_3280_2460_3792_2972;1243;-1;[398, 296, 407, 312];;106.5;0.0;0.0;1.0;0.0;0.0
GRLLN6_0_3280_2460_3792_2972;1244;-1;[428, 205, 439, 218];;92.5;0.0;0.0;1.0;0.0;0.0
GRLLN6_0_3280_2460_3792_2972;1245;-1;[301, 210, 321, 221];;173.0;0.0;0.0;1.0;0.0;0.0
GRLLN6_0_3280_2460_3792_2972;1246;-1;[104, 28, 120, 51];;176.0;0.0;0.0;1.0;0.0;0.0
GRLLN6_0_3280_2460_3792_2972;1247;-1;[372, 254, 390, 278];;282.0;0.0;0.0;1.0;0.0;0.0
GRLLN6_0_3280_2460_3792_2972;1248;-1;[118, 299, 148, 313];;250.5;0.0;0.0;1.0;0.0;0.0
GRLLN6_0_3280_2460_3792_2972;1249;549;[209, 240, 224, 265];[208, 242, 225, 265];245.0;258.0;0.8590164184570312;1.0;0.033966064453125;0.8194774346793349
GRLLN6_0_3280_2460_3792_2972;1250;-1;[0, 403, 11, 421];;111.0;0.0;0.0;1.0;0.0;0.0
GRLLN6_0_3280_2460_3792_2972;1251;548;[17, 295, 55, 332];[18, 296, 55, 333];658.0;902.0;0.7144308686256409;1.0;0.08270263671875;0.9230769230769231
GRLLN6_0_3280_2460_3792_2972;1252;547;[454, 230, 495, 261];[454, 228, 497, 285];590.0;1497.0;0.41213259100914;1.0;0.490234375;0.518563851489188
GRLLN6_0_3280_2460_3792_2972;1253;545;[288, 105, 374, 169];[290, 110, 373, 169];1418.0;2332.0;0.6110891103744507;1.0;0.85107421875;0.8897165697674418
GRLLN6_0_3280_2460_3792_2972;1254;546;[380, 75, 405, 111];[380, 76, 405, 109];332.5;468.0;0.6828358173370361;1.0;0.73095703125;0.9166666666666666
GRLLN6_0_3280_2460_3792_2972;1255;544;[202, 47, 272, 111];[200, 50, 269, 111];1318.0;1752.0;0.7222222089767456;1.0;0.9072265625;0.8880921338548458
GRLLN6_0_3280_2460_3792_2972;1256;-1;[318, 0, 358, 29];;788.5;0.0;0.0;1.0;0.0;0.0
GRLLN6_0_3280_2460_3792_2972;-1;550;;[112, 404, 145, 421];0.0;359.0;0.0;;0.005260467529296875;0.0
GRLLN6_0_3485_2460_3997_2972;1257;-1;[361, 461, 374, 472];;71.5;0.0;0.0;1.0;0.0;0.0
GRLLN6_0_3485_2460_3997_2972;1258;-1;[397, 107, 425, 120];;202.0;0.0;0.0;1.0;0.0;0.0
GRLLN6_0_3485_2460_3997_2972;1259;-1;[193, 296, 202, 312];;106.5;0.0;0.0;1.0;0.0;0.0
GRLLN6_0_3485_2460_3997_2972;1260;-1;[223, 205, 234, 218];;92.5;0.0;0.0;1.0;0.0;0.0
GRLLN6_0_3485_2460_3997_2972;1261;-1;[96, 210, 116, 221];;173.0;0.0;0.0;1.0;0.0;0.0
GRLLN6_0_3485_2460_3997_2972;1262;-1;[488, 337, 506, 368];;317.0;0.0;0.0;1.0;0.0;0.0
GRLLN6_0_3485_2460_3997_2972;1263;-1;[167, 254, 185, 278];;282.0;0.0;0.0;1.0;0.0;0.0
GRLLN6_0_3485_2460_3997_2972;1264;583;[4, 240, 19, 265];[2, 242, 19, 265];245.0;265.0;0.8295819759368896;1.0;0.0121002197265625;0.8194774346793349
GRLLN6_0_3485_2460_3997_2972;1265;582;[249, 230, 290, 261];[250, 228, 293, 285];590.0;1608.0;0.38237011432647705;1.0;0.552734375;0.49959709911361805
GRLLN6_0_3485_2460_3997_2972;1266;579;[83, 105, 169, 169];[86, 110, 169, 169];1418.0;2342.0;0.6068747639656067;1.0;0.8623046875;0.8897165697674418
GRLLN6_0_3485_2460_3997_2972;1267;581;[175, 75, 200, 111];[174, 76, 201, 109];332.5;500.0;0.6590105891227722;1.0;0.60595703125;0.8540372670807453
GRLLN6_0_3485_2460_3997_2972;1268;580;[0, 47, 67, 111];[2, 50, 63, 111];1285.0;1534.0;0.7407618165016174;1.0;0.85302734375;0.8677705223880597
GRLLN6_0_3485_2460_3997_2972;1269;-1;[113, 0, 153, 29];;788.5;0.0;0.0;1.0;0.0;0.0
GRLLN6_0_3690_2460_4202_2972;1270;-1;[156, 461, 169, 472];;71.5;0.0;0.0;1.0;0.0;0.0
GRLLN6_0_3690_2460_4202_2972;1271;-1;[192, 107, 220, 120];;202.0;0.0;0.0;1.0;0.0;0.0
GRLLN6_0_3690_2460_4202_2972;1272;-1;[18, 205, 29, 218];;92.5;0.0;0.0;1.0;0.0;0.0
GRLLN6_0_3690_2460_4202_2972;1273;-1;[283, 337, 301, 368];;317.0;0.0;0.0;1.0;0.0;0.0
GRLLN6_0_3690_2460_4202_2972;1274;594;[44, 230, 85, 261];[44, 228, 87, 285];590.0;1574.0;0.3940476179122925;1.0;0.5390625;0.518563851489188
GRLLN6_0_3751_2460_4263_2972;1275;-1;[95, 461, 108, 472];;71.5;0.0;0.0;1.0;0.0;0.0
GRLLN6_0_3751_2460_4263_2972;1276;-1;[131, 107, 159, 120];;202.0;0.0;0.0;1.0;0.0;0.0
GRLLN6_0_3751_2460_4263_2972;1277;-1;[222, 337, 240, 368];;317.0;0.0;0.0;1.0;0.0;0.0
GRLLN6_0_3751_2460_4263_2972;1278;601;[0, 230, 24, 261];[2, 228, 27, 265];340.5;571.0;0.5037037134170532;1.0;0.09271240234375;0.690982776089159
GRLLN6_0_615_2665_1127_3177;1279;-1;[384, 485, 401, 501];;125.5;0.0;0.0;1.0;0.0;0.0
GRLLN6_0_615_2665_1127_3177;1280;-1;[491, 239, 505, 269];;191.5;0.0;0.0;1.0;0.0;0.0
GRLLN6_0_615_2665_1127_3177;1281;679;[347, 41, 410, 74];[348, 42, 409, 75];737.5;1059.0;0.6698194146156311;1.0;0.0269622802734375;0.9121495327102803
GRLLN6_0_615_2665_1127_3177;1282;678;[306, 272, 397, 329];[308, 274, 397, 329];2897.5;3253.0;0.8324815630912781;1.0;0.8115234375;0.9437054173896279
GRLLN6_0_820_2665_1332_3177;1283;-1;[351, 499, 371, 506];;100.5;0.0;0.0;1.0;0.0;0.0
GRLLN6_0_820_2665_1332_3177;1284;-1;[179, 485, 196, 501];;125.5;0.0;0.0;1.0;0.0;0.0
GRLLN6_0_820_2665_1332_3177;1285;-1;[508, 21, 512, 29];;21.5;0.0;0.0;1.0;0.0;0.0
GRLLN6_0_820_2665_1332_3177;1286;-1;[432, 214, 450, 244];;250.0;0.0;0.0;1.0;0.0;0.0
GRLLN6_0_820_2665_1332_3177;1287;-1;[286, 239, 300, 269];;191.5;0.0;0.0;1.0;0.0;0.0
GRLLN6_0_820_2665_1332_3177;1288;730;[142, 41, 205, 74];[142, 42, 203, 75];737.5;1031.0;0.6902654767036438;1.0;0.00981903076171875;0.9121495327102803
GRLLN6_0_820_2665_1332_3177;1289;729;[101, 272, 192, 329];[102, 274, 193, 331];2897.5;3295.0;0.827042281627655;1.0;0.82568359375;0.9126106194690266
GRLLN6_0_820_2665_1332_3177;1290;728;[347, 55, 440, 167];[348, 58, 439, 167];3395.5;4104.0;0.8090867400169373;1.0;0.9208984375;0.9522849462365591
GRLLN6_0_1025_2665_1537_3177;1291;-1;[146, 499, 166, 506];;100.5;0.0;0.0;1.0;0.0;0.0
GRLLN6_0_1025_2665_1537_3177;1292;-1;[303, 21, 313, 33];;67.5;0.0;0.0;1.0;0.0;0.0
GRLLN6_0_1025_2665_1537_3177;1293;-1;[498, 138, 511, 157];;113.5;0.0;0.0;1.0;0.0;0.0
GRLLN6_0_1025_2665_1537_3177;1294;-1;[227, 214, 245, 244];;250.0;0.0;0.0;1.0;0.0;0.0
GRLLN6_0_1025_2665_1537_3177;1295;-1;[81, 239, 95, 269];;191.5;0.0;0.0;1.0;0.0;0.0
GRLLN6_0_1025_2665_1537_3177;1296;-1;[450, 67, 467, 82];;156.5;0.0;0.0;1.0;0.0;0.0
GRLLN6_0_1025_2665_1537_3177;1297;47;[142, 55, 235, 167];[144, 58, 235, 167];3395.5;4052.0;0.8131079077720642;1.0;0.9267578125;0.9522849462365591
GRLLN6_0_1230_2665_1742_3177;1298;-1;[98, 21, 108, 33];;67.5;0.0;0.0;1.0;0.0;0.0
GRLLN6_0_1230_2665_1742_3177;1299;-1;[293, 138, 306, 157];;113.5;0.0;0.0;1.0;0.0;0.0
GRLLN6_0_1230_2665_1742_3177;1300;-1;[22, 214, 40, 244];;250.0;0.0;0.0;1.0;0.0;0.0
GRLLN6_0_1230_2665_1742_3177;1301;-1;[421, 72, 433, 86];;80.0;0.0;0.0;1.0;0.0;0.0
GRLLN6_0_1230_2665_1742_3177;1302;-1;[366, 93, 381, 113];;150.0;0.0;0.0;1.0;0.0;0.0
GRLLN6_0_1230_2665_1742_3177;1303;-1;[245, 67, 262, 82];;156.5;0.0;0.0;1.0;0.0;0.0
GRLLN6_0_1230_2665_1742_3177;1304;-1;[359, 332, 375, 358];;185.5;0.0;0.0;1.0;0.0;0.0
GRLLN6_0_1230_2665_1742_3177;1305;-1;[0, 104, 30, 128];;604.0;0.0;0.0;1.0;0.0;0.0
GRLLN6_0_1435_2665_1947_3177;1306;-1;[88, 138, 101, 157];;113.5;0.0;0.0;1.0;0.0;0.0
GRLLN6_0_1435_2665_1947_3177;1307;-1;[216, 72, 228, 86];;80.0;0.0;0.0;1.0;0.0;0.0
GRLLN6_0_1435_2665_1947_3177;1308;-1;[161, 93, 176, 113];;150.0;0.0;0.0;1.0;0.0;0.0
GRLLN6_0_1435_2665_1947_3177;1309;-1;[40, 67, 57, 82];;156.5;0.0;0.0;1.0;0.0;0.0
GRLLN6_0_1435_2665_1947_3177;1310;-1;[305, 306, 330, 316];;161.0;0.0;0.0;1.0;0.0;0.0
GRLLN6_0_1435_2665_1947_3177;1311;-1;[154, 332, 170, 358];;185.5;0.0;0.0;1.0;0.0;0.0
GRLLN6_0_1435_2665_1947_3177;1312;129;[311, 345, 447, 443];[314, 348, 447, 443];5916.0;6306.0;0.9021000266075134;1.0;0.8671875;0.9480042016806722
GRLLN6_0_1435_2665_1947_3177;1313;-1;[497, 210, 512, 242];;343.0;0.0;0.0;1.0;0.0;0.0
GRLLN6_0_1435_2665_1947_3177;1314;-1;[454, 0, 500, 73];;816.0;0.0;0.0;1.0;0.0;0.0
GRLLN6_0_1640_2665_2152_3177;1315;-1;[11, 72, 23, 86];;80.0;0.0;0.0;1.0;0.0;0.0
GRLLN6_0_1640_2665_2152_3177;1316;-1;[487, 21, 503, 31];;82.0;0.0;0.0;1.0;0.0;0.0
GRLLN6_0_1640_2665_2152_3177;1317;-1;[452, 296, 469, 311];;93.5;0.0;0.0;1.0;0.0;0.0
GRLLN6_0_1640_2665_2152_3177;1318;-1;[100, 306, 125, 316];;161.0;0.0;0.0;1.0;0.0;0.0
GRLLN6_0_1640_2665_2152_3177;1319;175;[365, 371, 472, 461];[366, 372, 473, 461];2623.0;3792.0;0.6950425505638123;1.0;0.5830078125;0.9706759954727853
GRLLN6_0_1640_2665_2152_3177;1320;173;[106, 345, 242, 443];[110, 346, 241, 445];5916.0;6409.0;0.8907926082611084;1.0;0.873046875;0.9350257542310523
GRLLN6_0_1640_2665_2152_3177;1321;-1;[459, 260, 512, 303];;588.5;0.0;0.0;1.0;0.0;0.0
GRLLN6_0_1640_2665_2152_3177;1322;174;[292, 173, 381, 242];[292, 174, 423, 243];2112.0;3175.0;0.6590571999549866;1.0;0.845703125;0.6630148992112183
GRLLN6_0_1640_2665_2152_3177;1323;-1;[249, 0, 295, 73];;816.0;0.0;0.0;1.0;0.0;0.0
GRLLN6_0_1845_2665_2357_3177;1324;-1;[369, 138, 379, 155];;103.5;0.0;0.0;1.0;0.0;0.0
GRLLN6_0_1845_2665_2357_3177;1325;-1;[358, 37, 375, 46];;88.5;0.0;0.0;1.0;0.0;0.0
GRLLN6_0_1845_2665_2357_3177;1326;-1;[381, 244, 395, 264];;139.5;0.0;0.0;1.0;0.0;0.0
GRLLN6_0_1845_2665_2357_3177;1327;-1;[485, 221, 498, 239];;134.5;0.0;0.0;1.0;0.0;0.0
GRLLN6_0_1845_2665_2357_3177;1328;225;[461, 308, 512, 335];[462, 308, 511, 335];504.0;660.0;0.7122015953063965;1.0;0.024139404296875;0.9607843137254902
GRLLN6_0_1845_2665_2357_3177;1329;224;[403, 10, 456, 39];[406, 8, 453, 35];651.5;902.0;0.6809999942779541;1.0;0.64404296875;0.7204169221336604
GRLLN6_0_1845_2665_2357_3177;1330;-1;[427, 201, 437, 216];;62.5;0.0;0.0;1.0;0.0;0.0
GRLLN6_0_1845_2665_2357_3177;1331;-1;[369, 138, 378, 154];;78.0;0.0;0.0;1.0;0.0;0.0
GRLLN6_0_1845_2665_2357_3177;1332;-1;[358, 37, 374, 46];;92.5;0.0;0.0;1.0;0.0;0.0
GRLLN6_0_1845_2665_2357_3177;1333;-1;[282, 21, 298, 31];;82.0;0.0;0.0;1.0;0.0;0.0
GRLLN6_0_1845_2665_2357_3177;1334;-1;[381, 245, 396, 264];;141.5;0.0;0.0;1.0;0.0;0.0
GRLLN6_0_1845_2665_2357_3177;1335;-1;[247, 296, 264, 311];;93.5;0.0;0.0;1.0;0.0;0.0
GRLLN6_0_1845_2665_2357_3177;1336;223;[160, 371, 267, 461];[160, 370, 269, 461];2623.0;3751.0;0.711670458316803;1.0;0.7841796875;0.9708639983869342
GRLLN6_0_1845_2665_2357_3177;1337;-1;[0, 372, 37, 443];;1743.5;0.0;0.0;1.0;0.0;0.0
GRLLN6_0_1845_2665_2357_3177;1338;222;[254, 260, 326, 315];[258, 260, 325, 315];939.5;1548.0;0.617401659488678;1.0;0.875;0.9305555555555556
GRLLN6_0_1845_2665_2357_3177;1339;221;[87, 173, 176, 242];[88, 174, 219, 243];2112.0;3231.0;0.6401394009590149;1.0;0.9091796875;0.6507177033492823
GRLLN6_0_1845_2665_2357_3177;1340;-1;[44, 0, 90, 73];;816.0;0.0;0.0;1.0;0.0;0.0
GRLLN6_0_2050_2665_2562_3177;1341;-1;[164, 138, 174, 155];;103.5;0.0;0.0;1.0;0.0;0.0
GRLLN6_0_2050_2665_2562_3177;1342;-1;[153, 37, 170, 46];;88.5;0.0;0.0;1.0;0.0;0.0
GRLLN6_0_2050_2665_2562_3177;1343;-1;[450, 126, 469, 138];;131.5;0.0;0.0;1.0;0.0;0.0
GRLLN6_0_2050_2665_2562_3177;1344;-1;[449, 109, 462, 128];;141.5;0.0;0.0;1.0;0.0;0.0
GRLLN6_0_2050_2665_2562_3177;1345;-1;[176, 244, 190, 264];;139.5;0.0;0.0;1.0;0.0;0.0
GRLLN6_0_2050_2665_2562_3177;1346;-1;[280, 221, 293, 239];;134.5;0.0;0.0;1.0;0.0;0.0
GRLLN6_0_2050_2665_2562_3177;1347;281;[310, 46, 335, 100];[310, 48, 337, 101];629.5;900.0;0.7183967232704163;1.0;0.00989532470703125;0.8777852802160703
GRLLN6_0_2050_2665_2562_3177;1348;277;[256, 308, 336, 335];[258, 308, 335, 333];937.0;1047.0;0.8151260614395142;1.0;0.78662109375;0.8912037037037037
GRLLN6_0_2050_2665_2562_3177;1349;278;[424, 175, 466, 206];[426, 176, 467, 205];706.0;942.0;0.7495088577270508;1.0;0.7216796875;0.8715251690458302
GRLLN6_0_2050_2665_2562_3177;1350;279;[198, 10, 251, 39];[202, 8, 249, 35];651.5;892.0;0.6804019808769226;1.0;0.67578125;0.7204169221336604
GRLLN6_0_2050_2665_2562_3177;1351;-1;[222, 201, 232, 216];;62.5;0.0;0.0;1.0;0.0;0.0
GRLLN6_0_2050_2665_2562_3177;1352;-1;[164, 138, 173, 154];;78.0;0.0;0.0;1.0;0.0;0.0
GRLLN6_0_2050_2665_2562_3177;1353;-1;[153, 37, 169, 46];;92.5;0.0;0.0;1.0;0.0;0.0
GRLLN6_0_2050_2665_2562_3177;1354;-1;[77, 21, 93, 31];;82.0;0.0;0.0;1.0;0.0;0.0
GRLLN6_0_2050_2665_2562_3177;1355;-1;[176, 245, 191, 264];;141.5;0.0;0.0;1.0;0.0;0.0
GRLLN6_0_2050_2665_2562_3177;1356;-1;[42, 296, 59, 311];;93.5;0.0;0.0;1.0;0.0;0.0
GRLLN6_0_2050_2665_2562_3177;1357;280;[0, 383, 62, 461];[0, 382, 63, 461];1757.0;2248.0;0.7802746295928955;1.0;0.1229248046875;0.97166968053044
GRLLN6_0_2050_2665_2562_3177;1358;276;[49, 260, 121, 315];[52, 260, 119, 315];939.5;1477.0;0.6368715167045593;1.0;0.875;0.9305555555555556
GRLLN6_0_2255_2665_2767_3177;1359;-1;[245, 126, 264, 138];;131.5;0.0;0.0;1.0;0.0;0.0
GRLLN6_0_2255_2665_2767_3177;1360;-1;[244, 109, 257, 128];;141.5;0.0;0.0;1.0;0.0;0.0
GRLLN6_0_2255_2665_2767_3177;1361;-1;[75, 221, 88, 239];;134.5;0.0;0.0;1.0;0.0;0.0
GRLLN6_0_2255_2665_2767_3177;1362;345;[105, 46, 130, 100];[104, 50, 133, 101];629.5;916.0;0.6994974613189697;1.0;0.0225372314453125;0.7916402786573781
GRLLN6_0_2255_2665_2767_3177;1363;340;[51, 308, 131, 335];[54, 308, 129, 333];937.0;1041.0;0.8116064071655273;1.0;0.75927734375;0.8680555555555556
GRLLN6_0_2255_2665_2767_3177;1364;341;[219, 175, 261, 206];[220, 176, 263, 207];706.0;950.0;0.7485380172729492;1.0;0.751953125;0.8754448398576512
GRLLN6_0_2255_2665_2767_3177;1365;342;[474, 81, 501, 117];[472, 80, 501, 121];385.5;688.0;0.5685752034187317;1.0;0.6669921875;0.8174936921783011
GRLLN6_0_2255_2665_2767_3177;1366;343;[0, 10, 46, 39];[2, 8, 43, 35];616.5;819.0;0.6796116232872009;1.0;0.5947265625;0.7238700564971752
GRLLN6_0_2255_2665_2767_3177;1367;344;[375, 0, 402, 18];[374, 0, 403, 21];366.5;425.0;0.781632661819458;1.0;0.0872802734375;0.7980295566502463
GRLLN6_0_2255_2665_2767_3177;1368;-1;[17, 201, 27, 216];;62.5;0.0;0.0;1.0;0.0;0.0
GRLLN6_0_2460_2665_2972_3177;1369;-1;[40, 126, 59, 138];;131.5;0.0;0.0;1.0;0.0;0.0
GRLLN6_0_2460_2665_2972_3177;1370;-1;[39, 109, 52, 128];;141.5;0.0;0.0;1.0;0.0;0.0
GRLLN6_0_2460_2665_2972_3177;1371;-1;[325, 0, 355, 69];;1013.0;0.0;0.0;1.0;0.0;0.0
GRLLN6_0_2460_2665_2972_3177;1372;385;[331, 308, 377, 339];[330, 308, 379, 341];583.5;921.0;0.6490872502326965;1.0;0.0287628173828125;0.8818800247371676
GRLLN6_0_2460_2665_2972_3177;1373;382;[14, 175, 56, 206];[16, 176, 57, 207];706.0;935.0;0.7539525628089905;1.0;0.75341796875;0.8739985433357611
GRLLN6_0_2460_2665_2972_3177;1374;381;[420, 141, 467, 187];[420, 142, 467, 187];1180.0;1489.0;0.8080554008483887;1.0;0.8818359375;0.9782608695652174
GRLLN6_0_2460_2665_2972_3177;1375;383;[269, 81, 296, 117];[268, 82, 295, 121];385.5;593.0;0.6403641700744629;1.0;0.34765625;0.8161434977578476
GRLLN6_0_2460_2665_2972_3177;1376;384;[170, 0, 197, 18];[170, 0, 199, 21];366.5;406.0;0.8265524506568909;1.0;0.09503173828125;0.7980295566502463
GRLLN6_0_2665_2665_3177_3177;1377;-1;[348, 25, 360, 44];;153.0;0.0;0.0;1.0;0.0;0.0
GRLLN6_0_2665_2665_3177_3177;1378;-1;[396, 181, 410, 194];;130.0;0.0;0.0;1.0;0.0;0.0
GRLLN6_0_2665_2665_3177_3177;1379;415;[395, 83, 438, 116];[396, 82, 439, 117];624.0;846.0;0.7472283840179443;1.0;0.1015625;0.9011703511053316
GRLLN6_0_2665_2665_3177_3177;1380;-1;[120, 0, 150, 69];;1013.0;0.0;0.0;1.0;0.0;0.0
GRLLN6_0_2665_2665_3177_3177;1381;416;[126, 308, 172, 339];[124, 310, 173, 341];583.5;879.0;0.6603773832321167;1.0;0.01090240478515625;0.8280571073867163
GRLLN6_0_2665_2665_3177_3177;1382;413;[215, 141, 262, 187];[216, 142, 261, 187];1180.0;1474.0;0.801261842250824;1.0;0.88330078125;0.9366327474560592
GRLLN6_0_2665_2665_3177_3177;1383;414;[64, 81, 91, 117];[62, 82, 89, 119];385.5;590.0;0.6523076891899109;1.0;0.548828125;0.7983576642335767
GRLLN6_0_2870_2665_3382_3177;1384;-1;[453, 496, 480, 512];;226.0;0.0;0.0;1.0;0.0;0.0
GRLLN6_0_2870_2665_3382_3177;1385;-1;[143, 25, 155, 44];;153.0;0.0;0.0;1.0;0.0;0.0
GRLLN6_0_2870_2665_3382_3177;1386;-1;[501, 6, 512, 19];;92.5;0.0;0.0;1.0;0.0;0.0
GRLLN6_0_2870_2665_3382_3177;1387;459;[347, 212, 373, 235];[348, 212, 369, 233];243.0;283.0;0.6666666865348816;1.0;0.0202484130859375;0.7374581939799331
GRLLN6_0_2870_2665_3382_3177;1388;-1;[396, 109, 416, 128];;135.0;0.0;0.0;1.0;0.0;0.0
GRLLN6_0_2870_2665_3382_3177;1389;-1;[377, 82, 398, 96];;186.0;0.0;0.0;1.0;0.0;0.0
GRLLN6_0_2870_2665_3382_3177;1390;-1;[382, 136, 392, 146];;59.5;0.0;0.0;1.0;0.0;0.0
GRLLN6_0_2870_2665_3382_3177;1391;-1;[191, 181, 205, 194];;130.0;0.0;0.0;1.0;0.0;0.0
GRLLN6_0_2870_2665_3382_3177;1392;458;[190, 83, 233, 116];[190, 82, 235, 117];624.0;842.0;0.7569988965988159;1.0;0.08209228515625;0.900952380952381
GRLLN6_0_2870_2665_3382_3177;1393;456;[384, 179, 421, 224];[384, 180, 421, 225];755.5;1042.0;0.7319034934043884;1.0;0.80908203125;0.9565217391304348
GRLLN6_0_2870_2665_3382_3177;1394;455;[10, 141, 57, 187];[12, 142, 57, 187];1180.0;1432.0;0.8084833025932312;1.0;0.8857421875;0.9366327474560592
GRLLN6_0_2870_2665_3382_3177;1395;457;[427, 90, 465, 127];[430, 90, 465, 129];658.0;841.0;0.7253446578979492;1.0;0.1566162109375;0.8773712737127372
GRLLN6_0_3075_2665_3587_3177;1396;-1;[501, 495, 512, 508];;118.0;0.0;0.0;1.0;0.0;0.0
GRLLN6_0_3075_2665_3587_3177;1397;-1;[439, 484, 460, 508];;395.5;0.0;0.0;1.0;0.0;0.0
GRLLN6_0_3075_2665_3587_3177;1398;-1;[248, 496, 275, 512];;226.0;0.0;0.0;1.0;0.0;0.0
GRLLN6_0_3075_2665_3587_3177;1399;-1;[296, 6, 310, 19];;117.5;0.0;0.0;1.0;0.0;0.0
GRLLN6_0_3075_2665_3587_3177;1400;-1;[336, 453, 355, 460];;106.0;0.0;0.0;1.0;0.0;0.0
GRLLN6_0_3075_2665_3587_3177;1401;508;[142, 212, 168, 235];[144, 212, 165, 233];243.0;294.0;0.6521739363670349;1.0;0.01078033447265625;0.7374581939799331
GRLLN6_0_3075_2665_3587_3177;1402;-1;[191, 109, 211, 128];;135.0;0.0;0.0;1.0;0.0;0.0
GRLLN6_0_3075_2665_3587_3177;1403;-1;[172, 82, 193, 96];;186.0;0.0;0.0;1.0;0.0;0.0
GRLLN6_0_3075_2665_3587_3177;1404;-1;[506, 6, 512, 15];;41.0;0.0;0.0;1.0;0.0;0.0
GRLLN6_0_3075_2665_3587_3177;1405;-1;[177, 136, 187, 146];;59.5;0.0;0.0;1.0;0.0;0.0
GRLLN6_0_3075_2665_3587_3177;1406;506;[0, 83, 28, 115];[2, 82, 29, 113];505.0;507.0;0.798690676689148;1.0;0.039947509765625;0.8184679958027282
GRLLN6_0_3075_2665_3587_3177;1407;-1;[323, 94, 353, 108];;250.5;0.0;0.0;1.0;0.0;0.0
GRLLN6_0_3075_2665_3587_3177;1408;507;[414, 35, 429, 60];[412, 36, 429, 61];245.0;278.0;0.8507936596870422;1.0;0.0218658447265625;0.8181818181818182
GRLLN6_0_3075_2665_3587_3177;1409;504;[179, 179, 216, 224];[178, 178, 217, 223];755.5;1143.0;0.6800656318664551;1.0;0.80078125;0.9084821428571429
GRLLN6_0_3075_2665_3587_3177;1410;505;[222, 90, 260, 127];[224, 90, 261, 129];658.0;863.0;0.7223381996154785;1.0;0.046905517578125;0.8780487804878049
GRLLN6_0_3075_2665_3587_3177;-1;509;;[316, 198, 349, 215];0.0;372.0;0.0;;0.00653839111328125;0.0
GRLLN6_0_3280_2665_3792_3177;1411;-1;[296, 495, 319, 508];;211.0;0.0;0.0;1.0;0.0;0.0
GRLLN6_0_3280_2665_3792_3177;1412;-1;[234, 484, 255, 508];;395.5;0.0;0.0;1.0;0.0;0.0
GRLLN6_0_3280_2665_3792_3177;1413;-1;[43, 496, 70, 512];;226.0;0.0;0.0;1.0;0.0;0.0
GRLLN6_0_3280_2665_3792_3177;1414;-1;[91, 6, 105, 19];;117.5;0.0;0.0;1.0;0.0;0.0
GRLLN6_0_3280_2665_3792_3177;1415;-1;[131, 453, 150, 460];;106.0;0.0;0.0;1.0;0.0;0.0
GRLLN6_0_3280_2665_3792_3177;1416;-1;[482, 310, 492, 326];;112.5;0.0;0.0;1.0;0.0;0.0
GRLLN6_0_3280_2665_3792_3177;1417;-1;[0, 121, 6, 128];;24.5;0.0;0.0;1.0;0.0;0.0
GRLLN6_0_3280_2665_3792_3177;1418;-1;[398, 91, 407, 107];;106.5;0.0;0.0;1.0;0.0;0.0
GRLLN6_0_3280_2665_3792_3177;1419;-1;[428, 0, 439, 13];;92.5;0.0;0.0;1.0;0.0;0.0
GRLLN6_0_3280_2665_3792_3177;1420;-1;[301, 5, 321, 16];;173.0;0.0;0.0;1.0;0.0;0.0
GRLLN6_0_3280_2665_3792_3177;1421;-1;[372, 49, 390, 73];;282.0;0.0;0.0;1.0;0.0;0.0
GRLLN6_0_3280_2665_3792_3177;1422;-1;[118, 94, 148, 108];;250.5;0.0;0.0;1.0;0.0;0.0
GRLLN6_0_3280_2665_3792_3177;1423;553;[209, 35, 224, 60];[208, 38, 225, 61];245.0;265.0;0.8222222328186035;1.0;0.04052734375;0.7568807339449541
GRLLN6_0_3280_2665_3792_3177;1424;-1;[0, 198, 11, 216];;111.0;0.0;0.0;1.0;0.0;0.0
GRLLN6_0_3280_2665_3792_3177;1425;552;[17, 90, 55, 127];[20, 90, 55, 127];658.0;838.0;0.7258235812187195;1.0;0.07080078125;0.9210526315789473
GRLLN6_0_3280_2665_3792_3177;1426;551;[454, 25, 495, 56];[454, 24, 497, 81];590.0;1449.0;0.42636656761169434;1.0;0.34326171875;0.518563851489188
GRLLN6_0_3280_2665_3792_3177;-1;554;;[110, 198, 145, 215];0.0;397.0;0.0;;0.02203369140625;0.0
GRLLN6_0_3485_2665_3997_3177;1427;-1;[91, 495, 114, 508];;211.0;0.0;0.0;1.0;0.0;0.0
GRLLN6_0_3485_2665_3997_3177;1428;-1;[29, 484, 50, 508];;395.5;0.0;0.0;1.0;0.0;0.0
GRLLN6_0_3485_2665_3997_3177;1429;-1;[394, 418, 401, 436];;73.0;0.0;0.0;1.0;0.0;0.0
GRLLN6_0_3485_2665_3997_3177;1430;-1;[361, 256, 374, 267];;71.5;0.0;0.0;1.0;0.0;0.0
GRLLN6_0_3485_2665_3997_3177;1431;-1;[277, 310, 287, 326];;112.5;0.0;0.0;1.0;0.0;0.0
GRLLN6_0_3485_2665_3997_3177;1432;-1;[193, 91, 202, 107];;106.5;0.0;0.0;1.0;0.0;0.0
GRLLN6_0_3485_2665_3997_3177;1433;-1;[223, 0, 234, 13];;92.5;0.0;0.0;1.0;0.0;0.0
GRLLN6_0_3485_2665_3997_3177;1434;-1;[96, 5, 116, 16];;173.0;0.0;0.0;1.0;0.0;0.0
GRLLN6_0_3485_2665_3997_3177;1435;-1;[488, 132, 506, 163];;317.0;0.0;0.0;1.0;0.0;0.0
GRLLN6_0_3485_2665_3997_3177;1436;-1;[167, 49, 185, 73];;282.0;0.0;0.0;1.0;0.0;0.0
GRLLN6_0_3485_2665_3997_3177;1437;585;[4, 35, 19, 60];[2, 38, 19, 61];245.0;266.0;0.8087774515151978;1.0;0.010650634765625;0.7568807339449541
GRLLN6_0_3485_2665_3997_3177;1438;584;[249, 25, 290, 56];[248, 24, 293, 81];590.0;1611.0;0.3864959180355072;1.0;0.57958984375;0.49551656920077974
GRLLN6_0_3690_2665_4202_3177;1439;-1;[189, 418, 196, 436];;73.0;0.0;0.0;1.0;0.0;0.0
GRLLN6_0_3690_2665_4202_3177;1440;-1;[156, 256, 169, 267];;71.5;0.0;0.0;1.0;0.0;0.0
GRLLN6_0_3690_2665_4202_3177;1441;-1;[72, 310, 82, 326];;112.5;0.0;0.0;1.0;0.0;0.0
GRLLN6_0_3690_2665_4202_3177;1442;-1;[18, 0, 29, 13];;92.5;0.0;0.0;1.0;0.0;0.0
GRLLN6_0_3690_2665_4202_3177;1443;-1;[283, 132, 301, 163];;317.0;0.0;0.0;1.0;0.0;0.0
GRLLN6_0_3690_2665_4202_3177;1444;595;[44, 25, 85, 56];[44, 24, 87, 81];590.0;1520.0;0.4085027873516083;1.0;0.537109375;0.518563851489188
GRLLN6_0_3751_2665_4263_3177;1445;-1;[128, 418, 135, 436];;73.0;0.0;0.0;1.0;0.0;0.0
GRLLN6_0_3751_2665_4263_3177;1446;-1;[95, 256, 108, 267];;71.5;0.0;0.0;1.0;0.0;0.0
GRLLN6_0_3751_2665_4263_3177;1447;-1;[11, 310, 21, 326];;112.5;0.0;0.0;1.0;0.0;0.0
GRLLN6_0_3751_2665_4263_3177;1448;-1;[222, 132, 240, 163];;317.0;0.0;0.0;1.0;0.0;0.0
GRLLN6_0_3751_2665_4263_3177;1449;602;[0, 25, 24, 56];[2, 24, 25, 57];340.5;508.0;0.5608552694320679;1.0;0.1412353515625;0.830694275274056
GRLLN6_0_0_2870_512_3382;1450;-1;[200, 409, 208, 420];;61.0;0.0;0.0;1.0;0.0;0.0
GRLLN6_0_0_2870_512_3382;1451;-1;[250, 367, 266, 379];;133.5;0.0;0.0;1.0;0.0;0.0
GRLLN6_0_205_2870_717_3382;1453;-1;[45, 367, 61, 379];;133.5;0.0;0.0;1.0;0.0;0.0
GRLLN6_0_410_2870_922_3382;1454;-1;[349, 450, 375, 463];;147.0;0.0;0.0;1.0;0.0;0.0
GRLLN6_0_410_2870_922_3382;1455;633;[392, 418, 427, 444];[394, 416, 427, 445];435.0;559.0;0.7625201940536499;1.0;0.0310211181640625;0.8503468780971258
GRLLN6_0_615_2870_1127_3382;1456;-1;[144, 450, 170, 463];;147.0;0.0;0.0;1.0;0.0;0.0
GRLLN6_0_615_2870_1127_3382;1457;-1;[384, 280, 401, 296];;125.5;0.0;0.0;1.0;0.0;0.0
GRLLN6_0_615_2870_1127_3382;1458;681;[187, 418, 222, 444];[188, 416, 223, 445];435.0;565.0;0.7552000284194946;1.0;0.036895751953125;0.8491834774255523
GRLLN6_0_615_2870_1127_3382;1459;-1;[491, 34, 505, 64];;191.5;0.0;0.0;1.0;0.0;0.0
GRLLN6_0_615_2870_1127_3382;1460;680;[306, 67, 397, 124];[308, 68, 397, 125];2897.5;3242.0;0.8408571481704712;1.0;0.79296875;0.9446550416982562
GRLLN6_0_820_2870_1332_3382;1461;-1;[351, 294, 371, 301];;100.5;0.0;0.0;1.0;0.0;0.0
GRLLN6_0_820_2870_1332_3382;1462;-1;[179, 280, 196, 296];;125.5;0.0;0.0;1.0;0.0;0.0
GRLLN6_0_820_2870_1332_3382;1463;-1;[0, 418, 17, 444];;335.0;0.0;0.0;1.0;0.0;0.0
GRLLN6_0_820_2870_1332_3382;1464;-1;[432, 9, 450, 39];;250.0;0.0;0.0;1.0;0.0;0.0
GRLLN6_0_820_2870_1332_3382;1465;-1;[286, 34, 300, 64];;191.5;0.0;0.0;1.0;0.0;0.0
GRLLN6_0_820_2870_1332_3382;1466;731;[101, 67, 192, 124];[102, 68, 193, 125];2897.5;3223.0;0.8407003283500671;1.0;0.810546875;0.9448818897637795
GRLLN6_0_1025_2870_1537_3382;1467;-1;[146, 294, 166, 301];;100.5;0.0;0.0;1.0;0.0;0.0
GRLLN6_0_1025_2870_1537_3382;1468;-1;[227, 9, 245, 39];;250.0;0.0;0.0;1.0;0.0;0.0
GRLLN6_0_1025_2870_1537_3382;1469;-1;[81, 34, 95, 64];;191.5;0.0;0.0;1.0;0.0;0.0
GRLLN6_0_1230_2870_1742_3382;1470;-1;[417, 399, 440, 416];;216.5;0.0;0.0;1.0;0.0;0.0
GRLLN6_0_1230_2870_1742_3382;1471;-1;[402, 404, 408, 416];;55.0;0.0;0.0;1.0;0.0;0.0
GRLLN6_0_1230_2870_1742_3382;1472;-1;[402, 372, 414, 390];;103.0;0.0;0.0;1.0;0.0;0.0
GRLLN6_0_1230_2870_1742_3382;1473;-1;[322, 383, 341, 403];;172.0;0.0;0.0;1.0;0.0;0.0
GRLLN6_0_1230_2870_1742_3382;1474;-1;[313, 506, 321, 512];;30.5;0.0;0.0;1.0;0.0;0.0
GRLLN6_0_1230_2870_1742_3382;1475;-1;[22, 9, 40, 39];;250.0;0.0;0.0;1.0;0.0;0.0
GRLLN6_0_1230_2870_1742_3382;1476;-1;[359, 127, 375, 153];;185.5;0.0;0.0;1.0;0.0;0.0
GRLLN6_0_1435_2870_1947_3382;1477;-1;[212, 399, 235, 416];;216.5;0.0;0.0;1.0;0.0;0.0
GRLLN6_0_1435_2870_1947_3382;1478;-1;[197, 404, 203, 416];;55.0;0.0;0.0;1.0;0.0;0.0
GRLLN6_0_1435_2870_1947_3382;1479;-1;[197, 372, 209, 390];;103.0;0.0;0.0;1.0;0.0;0.0
GRLLN6_0_1435_2870_1947_3382;1480;-1;[117, 383, 136, 403];;172.0;0.0;0.0;1.0;0.0;0.0
GRLLN6_0_1435_2870_1947_3382;1481;-1;[108, 506, 116, 512];;30.5;0.0;0.0;1.0;0.0;0.0
GRLLN6_0_1435_2870_1947_3382;1482;-1;[305, 101, 330, 111];;161.0;0.0;0.0;1.0;0.0;0.0
GRLLN6_0_1435_2870_1947_3382;1483;-1;[154, 127, 170, 153];;185.5;0.0;0.0;1.0;0.0;0.0
GRLLN6_0_1435_2870_1947_3382;1484;130;[311, 140, 447, 238];[316, 142, 447, 239];5916.0;6304.0;0.9006492495536804;1.0;0.88427734375;0.9343933427446318
GRLLN6_0_1435_2870_1947_3382;1485;-1;[497, 5, 512, 37];;343.0;0.0;0.0;1.0;0.0;0.0
GRLLN6_0_1640_2870_2152_3382;1486;-1;[459, 402, 476, 409];;75.0;0.0;0.0;1.0;0.0;0.0
GRLLN6_0_1640_2870_2152_3382;1487;-1;[483, 324, 506, 337];;119.5;0.0;0.0;1.0;0.0;0.0
GRLLN6_0_1640_2870_2152_3382;1488;-1;[7, 399, 30, 416];;216.5;0.0;0.0;1.0;0.0;0.0
GRLLN6_0_1640_2870_2152_3382;1489;-1;[0, 372, 4, 389];;48.0;0.0;0.0;1.0;0.0;0.0
GRLLN6_0_1640_2870_2152_3382;1490;-1;[452, 91, 469, 106];;93.5;0.0;0.0;1.0;0.0;0.0
GRLLN6_0_1640_2870_2152_3382;1491;-1;[100, 101, 125, 111];;161.0;0.0;0.0;1.0;0.0;0.0
GRLLN6_0_1640_2870_2152_3382;1492;177;[365, 166, 472, 256];[366, 166, 473, 257];2623.0;3768.0;0.7075209021568298;1.0;0.73876953125;0.9707947491604763
GRLLN6_0_1640_2870_2152_3382;1493;176;[106, 140, 242, 238];[110, 142, 241, 239];5916.0;6298.0;0.9058004021644592;1.0;0.8896484375;0.9343933427446318
GRLLN6_0_1640_2870_2152_3382;1494;-1;[459, 55, 512, 98];;588.5;0.0;0.0;1.0;0.0;0.0
GRLLN6_0_1640_2870_2152_3382;1495;-1;[292, 0, 347, 37];;1303.5;0.0;0.0;1.0;0.0;0.0
GRLLN6_0_1845_2870_2357_3382;1496;-1;[254, 402, 271, 409];;75.0;0.0;0.0;1.0;0.0;0.0
GRLLN6_0_1845_2870_2357_3382;1497;-1;[278, 324, 301, 337];;119.5;0.0;0.0;1.0;0.0;0.0
GRLLN6_0_1845_2870_2357_3382;1498;-1;[381, 39, 395, 59];;139.5;0.0;0.0;1.0;0.0;0.0
GRLLN6_0_1845_2870_2357_3382;1499;-1;[485, 16, 498, 34];;134.5;0.0;0.0;1.0;0.0;0.0
GRLLN6_0_1845_2870_2357_3382;1500;228;[461, 103, 512, 130];[462, 104, 511, 129];504.0;618.0;0.6906377077102661;1.0;0.055816650390625;0.8896151053013798
GRLLN6_0_1845_2870_2357_3382;1501;-1;[427, 0, 437, 11];;51.0;0.0;0.0;1.0;0.0;0.0
GRLLN6_0_1845_2870_2357_3382;1502;-1;[381, 40, 396, 59];;141.5;0.0;0.0;1.0;0.0;0.0
GRLLN6_0_1845_2870_2357_3382;1503;-1;[247, 91, 264, 106];;93.5;0.0;0.0;1.0;0.0;0.0
GRLLN6_0_1845_2870_2357_3382;1504;227;[160, 166, 267, 256];[160, 166, 269, 257];2623.0;3768.0;0.7053030133247375;1.0;0.73583984375;0.9708639983869342
GRLLN6_0_1845_2870_2357_3382;1505;-1;[0, 167, 37, 238];;1743.5;0.0;0.0;1.0;0.0;0.0
GRLLN6_0_1845_2870_2357_3382;1506;226;[254, 55, 326, 110];[258, 56, 325, 111];939.5;1546.0;0.6174895763397217;1.0;0.888671875;0.8984355599702012
GRLLN6_0_1845_2870_2357_3382;1507;-1;[87, 0, 142, 37];;1303.5;0.0;0.0;1.0;0.0;0.0
GRLLN6_0_2050_2870_2562_3382;1508;-1;[49, 402, 66, 409];;75.0;0.0;0.0;1.0;0.0;0.0
GRLLN6_0_2050_2870_2562_3382;1509;-1;[73, 324, 96, 337];;119.5;0.0;0.0;1.0;0.0;0.0
GRLLN6_0_2050_2870_2562_3382;1510;-1;[176, 39, 190, 59];;139.5;0.0;0.0;1.0;0.0;0.0
GRLLN6_0_2050_2870_2562_3382;1511;-1;[280, 16, 293, 34];;134.5;0.0;0.0;1.0;0.0;0.0
GRLLN6_0_2050_2870_2562_3382;1512;283;[256, 103, 336, 130];[258, 102, 335, 129];937.0;1077.0;0.7950819730758667;1.0;0.78271484375;0.8949485918641037
GRLLN6_0_2050_2870_2562_3382;1513;-1;[222, 0, 232, 11];;51.0;0.0;0.0;1.0;0.0;0.0
GRLLN6_0_2050_2870_2562_3382;1514;-1;[176, 40, 191, 59];;141.5;0.0;0.0;1.0;0.0;0.0
GRLLN6_0_2050_2870_2562_3382;1515;-1;[42, 91, 59, 106];;93.5;0.0;0.0;1.0;0.0;0.0
GRLLN6_0_2050_2870_2562_3382;1516;284;[0, 178, 62, 256];[2, 178, 63, 255];1757.0;2144.0;0.766652524471283;1.0;0.09844970703125;0.9403623040911866
GRLLN6_0_2050_2870_2562_3382;1517;282;[49, 55, 121, 110];[52, 56, 119, 111];939.5;1545.0;0.6206074953079224;1.0;0.89013671875;0.8984355599702012
GRLLN6_0_2255_2870_2767_3382;1518;-1;[490, 498, 499, 512];;73.5;0.0;0.0;1.0;0.0;0.0
GRLLN6_0_2255_2870_2767_3382;1519;-1;[75, 16, 88, 34];;134.5;0.0;0.0;1.0;0.0;0.0
GRLLN6_0_2255_2870_2767_3382;1520;346;[51, 103, 131, 130];[54, 102, 129, 129];937.0;1097.0;0.7830645442008972;1.0;0.72802734375;0.87248322147651
GRLLN6_0_2255_2870_2767_3382;1521;-1;[17, 0, 27, 11];;51.0;0.0;0.0;1.0;0.0;0.0
GRLLN6_0_2460_2870_2972_3382;1522;-1;[285, 498, 294, 512];;73.5;0.0;0.0;1.0;0.0;0.0
GRLLN6_0_2460_2870_2972_3382;1523;386;[331, 103, 377, 134];[330, 106, 379, 135];583.5;874.0;0.6624472737312317;1.0;0.0472412109375;0.826170622193714
GRLLN6_0_2665_2870_3177_3382;1524;-1;[80, 498, 89, 512];;73.5;0.0;0.0;1.0;0.0;0.0
GRLLN6_0_2665_2870_3177_3382;1525;417;[126, 103, 172, 134];[126, 106, 173, 135];583.5;815.0;0.6833333373069763;1.0;0.0196380615234375;0.8580946035976016
GRLLN6_0_2870_2870_3382_3382;1526;-1;[453, 291, 485, 334];;493.0;0.0;0.0;1.0;0.0;0.0
GRLLN6_0_2870_2870_3382_3382;1527;460;[347, 7, 373, 30];[348, 6, 369, 29];243.0;333.0;0.6044226288795471;1.0;0.021453857421875;0.7463651050080775
GRLLN6_0_2870_2870_3382_3382;1528;461;[390, 0, 418, 19];[394, 0, 417, 19];282.0;262.0;0.7655367255210876;1.0;0.0055999755859375;0.8214285714285714
GRLLN6_0_3075_2870_3587_3382;1529;-1;[501, 290, 512, 303];;118.0;0.0;0.0;1.0;0.0;0.0
GRLLN6_0_3075_2870_3587_3382;1530;-1;[439, 279, 460, 303];;395.5;0.0;0.0;1.0;0.0;0.0
GRLLN6_0_3075_2870_3587_3382;1531;-1;[314, 337, 334, 351];;178.5;0.0;0.0;1.0;0.0;0.0
GRLLN6_0_3075_2870_3587_3382;1532;-1;[248, 291, 280, 334];;493.0;0.0;0.0;1.0;0.0;0.0
GRLLN6_0_3075_2870_3587_3382;1533;-1;[336, 248, 355, 255];;106.0;0.0;0.0;1.0;0.0;0.0
GRLLN6_0_3075_2870_3587_3382;1534;510;[142, 7, 168, 30];[142, 6, 165, 29];243.0;353.0;0.6207729578018188;1.0;0.01934814453125;0.8148148148148148
GRLLN6_0_3075_2870_3587_3382;1535;511;[185, 0, 213, 19];[190, 0, 213, 17];282.0;241.0;0.7435158491134644;1.0;0.007755279541015625;0.7349624060150376
GRLLN6_0_3280_2870_3792_3382;1536;-1;[296, 290, 319, 303];;211.0;0.0;0.0;1.0;0.0;0.0
GRLLN6_0_3280_2870_3792_3382;1537;-1;[234, 279, 255, 303];;395.5;0.0;0.0;1.0;0.0;0.0
GRLLN6_0_3280_2870_3792_3382;1538;-1;[109, 337, 129, 351];;178.5;0.0;0.0;1.0;0.0;0.0
GRLLN6_0_3280_2870_3792_3382;1539;-1;[43, 291, 75, 334];;493.0;0.0;0.0;1.0;0.0;0.0
GRLLN6_0_3280_2870_3792_3382;1540;-1;[131, 248, 150, 255];;106.0;0.0;0.0;1.0;0.0;0.0
GRLLN6_0_3280_2870_3792_3382;1541;-1;[482, 105, 492, 121];;112.5;0.0;0.0;1.0;0.0;0.0
GRLLN6_0_3485_2870_3997_3382;1542;-1;[91, 290, 114, 303];;211.0;0.0;0.0;1.0;0.0;0.0
GRLLN6_0_3485_2870_3997_3382;1543;-1;[29, 279, 50, 303];;395.5;0.0;0.0;1.0;0.0;0.0
GRLLN6_0_3485_2870_3997_3382;1544;-1;[394, 213, 401, 231];;73.0;0.0;0.0;1.0;0.0;0.0
GRLLN6_0_3485_2870_3997_3382;1545;-1;[361, 51, 374, 62];;71.5;0.0;0.0;1.0;0.0;0.0
GRLLN6_0_3485_2870_3997_3382;1546;-1;[277, 105, 287, 121];;112.5;0.0;0.0;1.0;0.0;0.0
GRLLN6_0_3690_2870_4202_3382;1547;-1;[189, 213, 196, 231];;73.0;0.0;0.0;1.0;0.0;0.0
GRLLN6_0_3690_2870_4202_3382;1548;-1;[156, 51, 169, 62];;71.5;0.0;0.0;1.0;0.0;0.0
GRLLN6_0_3690_2870_4202_3382;1549;-1;[72, 105, 82, 121];;112.5;0.0;0.0;1.0;0.0;0.0
GRLLN6_0_3751_2870_4263_3382;1550;-1;[128, 213, 135, 231];;73.0;0.0;0.0;1.0;0.0;0.0
GRLLN6_0_3751_2870_4263_3382;1551;-1;[95, 51, 108, 62];;71.5;0.0;0.0;1.0;0.0;0.0
GRLLN6_0_3751_2870_4263_3382;1552;-1;[11, 105, 21, 121];;112.5;0.0;0.0;1.0;0.0;0.0
GRLLN6_0_0_3075_512_3587;1553;-1;[200, 204, 208, 215];;61.0;0.0;0.0;1.0;0.0;0.0
GRLLN6_0_0_3075_512_3587;1554;-1;[250, 162, 266, 174];;133.5;0.0;0.0;1.0;0.0;0.0
GRLLN6_0_0_3075_512_3587;-1;9;;[210, 350, 231, 405];0.0;848.0;0.0;;0.00803375244140625;0.0
GRLLN6_0_205_3075_717_3587;1556;-1;[45, 162, 61, 174];;133.5;0.0;0.0;1.0;0.0;0.0
GRLLN6_0_410_3075_922_3587;1557;-1;[349, 245, 375, 258];;147.0;0.0;0.0;1.0;0.0;0.0
GRLLN6_0_410_3075_922_3587;1558;-1;[356, 434, 378, 447];;182.5;0.0;0.0;1.0;0.0;0.0
GRLLN6_0_410_3075_922_3587;1559;634;[392, 213, 427, 239];[394, 212, 427, 239];435.0;530.0;0.7861952781677246;1.0;0.0526123046875;0.9098621420996819
GRLLN6_0_615_3075_1127_3587;1560;-1;[144, 245, 170, 258];;147.0;0.0;0.0;1.0;0.0;0.0
GRLLN6_0_615_3075_1127_3587;1561;-1;[384, 75, 401, 91];;125.5;0.0;0.0;1.0;0.0;0.0
GRLLN6_0_615_3075_1127_3587;1562;-1;[337, 451, 357, 469];;153.0;0.0;0.0;1.0;0.0;0.0
GRLLN6_0_615_3075_1127_3587;1563;-1;[151, 434, 173, 447];;182.5;0.0;0.0;1.0;0.0;0.0
GRLLN6_0_615_3075_1127_3587;1564;682;[187, 213, 222, 239];[188, 212, 223, 241];435.0;546.0;0.780889630317688;1.0;0.046539306640625;0.8491834774255523
GRLLN6_0_820_3075_1332_3587;1565;-1;[351, 89, 371, 96];;100.5;0.0;0.0;1.0;0.0;0.0
GRLLN6_0_820_3075_1332_3587;1566;-1;[179, 75, 196, 91];;125.5;0.0;0.0;1.0;0.0;0.0
GRLLN6_0_820_3075_1332_3587;1567;-1;[132, 451, 152, 469];;153.0;0.0;0.0;1.0;0.0;0.0
GRLLN6_0_820_3075_1332_3587;1568;-1;[0, 213, 17, 239];;335.0;0.0;0.0;1.0;0.0;0.0
GRLLN6_0_1025_3075_1537_3587;1569;-1;[146, 89, 166, 96];;100.5;0.0;0.0;1.0;0.0;0.0
GRLLN6_0_1230_3075_1742_3587;1570;-1;[417, 194, 440, 211];;216.5;0.0;0.0;1.0;0.0;0.0
GRLLN6_0_1230_3075_1742_3587;1571;-1;[402, 199, 408, 211];;55.0;0.0;0.0;1.0;0.0;0.0
GRLLN6_0_1230_3075_1742_3587;1572;-1;[402, 167, 414, 185];;103.0;0.0;0.0;1.0;0.0;0.0
GRLLN6_0_1230_3075_1742_3587;1573;-1;[322, 178, 341, 198];;172.0;0.0;0.0;1.0;0.0;0.0
GRLLN6_0_1230_3075_1742_3587;1574;-1;[396, 307, 410, 318];;71.5;0.0;0.0;1.0;0.0;0.0
GRLLN6_0_1230_3075_1742_3587;1575;-1;[313, 301, 325, 316];;73.0;0.0;0.0;1.0;0.0;0.0
GRLLN6_0_1230_3075_1742_3587;1576;-1;[356, 425, 365, 441];;113.0;0.0;0.0;1.0;0.0;0.0
GRLLN6_0_1230_3075_1742_3587;1577;-1;[312, 337, 321, 349];;63.0;0.0;0.0;1.0;0.0;0.0
GRLLN6_0_1435_3075_1947_3587;1578;-1;[212, 194, 235, 211];;216.5;0.0;0.0;1.0;0.0;0.0
GRLLN6_0_1435_3075_1947_3587;1579;-1;[197, 199, 203, 211];;55.0;0.0;0.0;1.0;0.0;0.0
GRLLN6_0_1435_3075_1947_3587;1580;-1;[197, 167, 209, 185];;103.0;0.0;0.0;1.0;0.0;0.0
GRLLN6_0_1435_3075_1947_3587;1581;-1;[117, 178, 136, 198];;172.0;0.0;0.0;1.0;0.0;0.0
GRLLN6_0_1435_3075_1947_3587;1582;-1;[191, 307, 205, 318];;71.5;0.0;0.0;1.0;0.0;0.0
GRLLN6_0_1435_3075_1947_3587;1583;-1;[108, 301, 120, 316];;73.0;0.0;0.0;1.0;0.0;0.0
GRLLN6_0_1435_3075_1947_3587;1584;-1;[151, 425, 160, 441];;113.0;0.0;0.0;1.0;0.0;0.0
GRLLN6_0_1435_3075_1947_3587;1585;-1;[107, 337, 116, 349];;63.0;0.0;0.0;1.0;0.0;0.0
GRLLN6_0_1435_3075_1947_3587;1586;-1;[495, 457, 512, 481];;272.5;0.0;0.0;1.0;0.0;0.0
GRLLN6_0_1435_3075_1947_3587;1587;-1;[363, 0, 445, 33];;1743.0;0.0;0.0;1.0;0.0;0.0
GRLLN6_0_1640_3075_2152_3587;1588;-1;[505, 322, 512, 336];;70.0;0.0;0.0;1.0;0.0;0.0
GRLLN6_0_1640_3075_2152_3587;1589;-1;[459, 197, 476, 204];;75.0;0.0;0.0;1.0;0.0;0.0
GRLLN6_0_1640_3075_2152_3587;1590;-1;[483, 119, 506, 132];;119.5;0.0;0.0;1.0;0.0;0.0
GRLLN6_0_1640_3075_2152_3587;1591;-1;[7, 194, 30, 211];;216.5;0.0;0.0;1.0;0.0;0.0
GRLLN6_0_1640_3075_2152_3587;1592;-1;[0, 167, 4, 184];;48.0;0.0;0.0;1.0;0.0;0.0
GRLLN6_0_1640_3075_2152_3587;1593;178;[290, 452, 329, 481];[290, 452, 329, 483];547.0;893.0;0.6266945004463196;1.0;0.26220703125;0.9354838709677419
GRLLN6_0_1640_3075_2152_3587;1594;-1;[441, 0, 462, 51];;739.5;0.0;0.0;1.0;0.0;0.0
GRLLN6_0_1640_3075_2152_3587;1595;-1;[158, 0, 240, 33];;1743.0;0.0;0.0;1.0;0.0;0.0
GRLLN6_0_1845_3075_2357_3587;1596;-1;[300, 322, 307, 336];;70.0;0.0;0.0;1.0;0.0;0.0
GRLLN6_0_1845_3075_2357_3587;1597;-1;[254, 197, 271, 204];;75.0;0.0;0.0;1.0;0.0;0.0
GRLLN6_0_1845_3075_2357_3587;1598;-1;[278, 119, 301, 132];;119.5;0.0;0.0;1.0;0.0;0.0
GRLLN6_0_1845_3075_2357_3587;1599;229;[85, 452, 124, 481];[86, 452, 125, 483];547.0;860.0;0.6458557844161987;1.0;0.26904296875;0.8901453957996769
GRLLN6_0_1845_3075_2357_3587;1600;-1;[236, 0, 257, 51];;739.5;0.0;0.0;1.0;0.0;0.0
GRLLN6_0_1845_3075_2357_3587;1601;-1;[0, 0, 35, 33];;769.0;0.0;0.0;1.0;0.0;0.0
GRLLN6_0_1845_3075_2357_3587;-1;230;;[460, 402, 489, 445];0.0;878.0;0.0;;0.20947265625;0.0
GRLLN6_0_2050_3075_2562_3587;1602;-1;[95, 322, 102, 336];;70.0;0.0;0.0;1.0;0.0;0.0
GRLLN6_0_2050_3075_2562_3587;1603;-1;[49, 197, 66, 204];;75.0;0.0;0.0;1.0;0.0;0.0
GRLLN6_0_2050_3075_2562_3587;1604;-1;[73, 119, 96, 132];;119.5;0.0;0.0;1.0;0.0;0.0
GRLLN6_0_2050_3075_2562_3587;1605;-1;[31, 0, 52, 51];;739.5;0.0;0.0;1.0;0.0;0.0
GRLLN6_0_2050_3075_2562_3587;-1;285;;[256, 402, 283, 445];0.0;837.0;0.0;;0.1937255859375;0.0
GRLLN6_0_2255_3075_2767_3587;1606;348;[490, 293, 512, 341];[486, 290, 511, 343];462.5;832.0;0.5557987093925476;1.0;0.029876708984375;0.7341587764020393
GRLLN6_0_2255_3075_2767_3587;-1;347;;[50, 402, 77, 445];0.0;838.0;0.0;;0.11163330078125;0.0
GRLLN6_0_2460_3075_2972_3587;1607;387;[285, 293, 320, 341];[282, 290, 319, 345];519.0;1067.0;0.5157342553138733;1.0;0.0616455078125;0.7834853576572252
GRLLN6_0_2665_3075_3177_3587;1608;418;[80, 293, 115, 341];[78, 292, 115, 345];519.0;998.0;0.5436803102493286;1.0;0.12548828125;0.8567057623661397
GRLLN6_0_2870_3075_3382_3587;1609;-1;[453, 86, 485, 129];;493.0;0.0;0.0;1.0;0.0;0.0
GRLLN6_0_3075_3075_3587_3587;1610;-1;[501, 85, 512, 98];;118.0;0.0;0.0;1.0;0.0;0.0
GRLLN6_0_3075_3075_3587_3587;1611;-1;[439, 74, 460, 98];;395.5;0.0;0.0;1.0;0.0;0.0
GRLLN6_0_3075_3075_3587_3587;1612;-1;[314, 132, 334, 146];;178.5;0.0;0.0;1.0;0.0;0.0
GRLLN6_0_3075_3075_3587_3587;1613;-1;[248, 86, 280, 129];;493.0;0.0;0.0;1.0;0.0;0.0
GRLLN6_0_3075_3075_3587_3587;1614;-1;[336, 43, 355, 50];;106.0;0.0;0.0;1.0;0.0;0.0
GRLLN6_0_3280_3075_3792_3587;1615;-1;[296, 85, 319, 98];;211.0;0.0;0.0;1.0;0.0;0.0
GRLLN6_0_3280_3075_3792_3587;1616;-1;[234, 74, 255, 98];;395.5;0.0;0.0;1.0;0.0;0.0
GRLLN6_0_3280_3075_3792_3587;1617;-1;[109, 132, 129, 146];;178.5;0.0;0.0;1.0;0.0;0.0
GRLLN6_0_3280_3075_3792_3587;1618;-1;[43, 86, 75, 129];;493.0;0.0;0.0;1.0;0.0;0.0
GRLLN6_0_3280_3075_3792_3587;1619;-1;[131, 43, 150, 50];;106.0;0.0;0.0;1.0;0.0;0.0
GRLLN6_0_3485_3075_3997_3587;1620;-1;[91, 85, 114, 98];;211.0;0.0;0.0;1.0;0.0;0.0
GRLLN6_0_3485_3075_3997_3587;1621;-1;[29, 74, 50, 98];;395.5;0.0;0.0;1.0;0.0;0.0
GRLLN6_0_3485_3075_3997_3587;1622;-1;[394, 8, 401, 26];;73.0;0.0;0.0;1.0;0.0;0.0
GRLLN6_0_3690_3075_4202_3587;1623;-1;[189, 8, 196, 26];;73.0;0.0;0.0;1.0;0.0;0.0
GRLLN6_0_3751_3075_4263_3587;1624;-1;[128, 8, 135, 26];;73.0;0.0;0.0;1.0;0.0;0.0
GRLLN6_0_0_3280_512_3792;1625;-1;[200, 0, 208, 10];;55.5;0.0;0.0;1.0;0.0;0.0
GRLLN6_0_205_3280_717_3792;1626;-1;[413, 441, 424, 460];;122.5;0.0;0.0;1.0;0.0;0.0
GRLLN6_0_410_3280_922_3792;1628;-1;[349, 40, 375, 53];;147.0;0.0;0.0;1.0;0.0;0.0
GRLLN6_0_410_3280_922_3792;1629;-1;[208, 441, 219, 460];;122.5;0.0;0.0;1.0;0.0;0.0
GRLLN6_0_410_3280_922_3792;1630;-1;[356, 229, 378, 242];;182.5;0.0;0.0;1.0;0.0;0.0
GRLLN6_0_410_3280_922_3792;1631;635;[392, 8, 427, 34];[392, 6, 427, 35];435.0;592.0;0.7511664032936096;1.0;0.033477783203125;0.896551724137931
GRLLN6_0_615_3280_1127_3792;1632;-1;[144, 40, 170, 53];;147.0;0.0;0.0;1.0;0.0;0.0
GRLLN6_0_615_3280_1127_3792;1633;-1;[3, 441, 14, 460];;122.5;0.0;0.0;1.0;0.0;0.0
GRLLN6_0_615_3280_1127_3792;1634;-1;[337, 246, 357, 264];;153.0;0.0;0.0;1.0;0.0;0.0
GRLLN6_0_615_3280_1127_3792;1635;-1;[151, 229, 173, 242];;182.5;0.0;0.0;1.0;0.0;0.0
GRLLN6_0_615_3280_1127_3792;1636;683;[187, 8, 222, 34];[188, 6, 223, 35];435.0;597.0;0.737730085849762;1.0;0.048675537109375;0.8491834774255523
GRLLN6_0_820_3280_1332_3792;1637;-1;[132, 246, 152, 264];;153.0;0.0;0.0;1.0;0.0;0.0
GRLLN6_0_820_3280_1332_3792;1638;-1;[0, 8, 17, 34];;335.0;0.0;0.0;1.0;0.0;0.0
GRLLN6_0_1230_3280_1742_3792;1639;-1;[432, 0, 440, 6];;29.5;0.0;0.0;1.0;0.0;0.0
GRLLN6_0_1230_3280_1742_3792;1640;-1;[402, 0, 408, 6];;26.5;0.0;0.0;1.0;0.0;0.0
GRLLN6_0_1230_3280_1742_3792;1641;-1;[396, 102, 410, 113];;71.5;0.0;0.0;1.0;0.0;0.0
GRLLN6_0_1230_3280_1742_3792;1642;-1;[313, 96, 325, 111];;73.0;0.0;0.0;1.0;0.0;0.0
GRLLN6_0_1230_3280_1742_3792;1643;-1;[451, 314, 466, 323];;76.5;0.0;0.0;1.0;0.0;0.0
GRLLN6_0_1230_3280_1742_3792;1644;-1;[356, 220, 365, 236];;113.0;0.0;0.0;1.0;0.0;0.0
GRLLN6_0_1230_3280_1742_3792;1645;-1;[312, 132, 321, 144];;63.0;0.0;0.0;1.0;0.0;0.0
GRLLN6_0_1435_3280_1947_3792;1646;-1;[227, 0, 235, 6];;29.5;0.0;0.0;1.0;0.0;0.0
GRLLN6_0_1435_3280_1947_3792;1647;-1;[197, 0, 203, 6];;26.5;0.0;0.0;1.0;0.0;0.0
GRLLN6_0_1435_3280_1947_3792;1648;-1;[191, 102, 205, 113];;71.5;0.0;0.0;1.0;0.0;0.0
GRLLN6_0_1435_3280_1947_3792;1649;-1;[108, 96, 120, 111];;73.0;0.0;0.0;1.0;0.0;0.0
GRLLN6_0_1435_3280_1947_3792;1650;-1;[246, 314, 261, 323];;76.5;0.0;0.0;1.0;0.0;0.0
GRLLN6_0_1435_3280_1947_3792;1651;-1;[151, 220, 160, 236];;113.0;0.0;0.0;1.0;0.0;0.0
GRLLN6_0_1435_3280_1947_3792;1652;-1;[107, 132, 116, 144];;63.0;0.0;0.0;1.0;0.0;0.0
GRLLN6_0_1435_3280_1947_3792;1653;-1;[495, 252, 512, 276];;272.5;0.0;0.0;1.0;0.0;0.0
GRLLN6_0_1640_3280_2152_3792;1654;-1;[505, 117, 512, 131];;70.0;0.0;0.0;1.0;0.0;0.0
GRLLN6_0_1640_3280_2152_3792;1655;-1;[22, 0, 30, 6];;29.5;0.0;0.0;1.0;0.0;0.0
GRLLN6_0_1640_3280_2152_3792;1656;-1;[41, 314, 56, 323];;76.5;0.0;0.0;1.0;0.0;0.0
GRLLN6_0_1640_3280_2152_3792;1657;179;[290, 247, 329, 276];[290, 246, 331, 277];547.0;946.0;0.6071784496307373;1.0;0.299072265625;0.8898505114083399
GRLLN6_0_1845_3280_2357_3792;1658;-1;[478, 305, 496, 324];;198.0;0.0;0.0;1.0;0.0;0.0
GRLLN6_0_1845_3280_2357_3792;1659;-1;[300, 117, 307, 131];;70.0;0.0;0.0;1.0;0.0;0.0
GRLLN6_0_1845_3280_2357_3792;1660;231;[85, 247, 124, 276];[84, 246, 125, 277];547.0;911.0;0.6265432238578796;1.0;0.2421875;0.8898505114083399
GRLLN6_0_1845_3280_2357_3792;-1;232;;[460, 196, 489, 239];0.0;914.0;0.0;;0.090087890625;0.0
GRLLN6_0_2050_3280_2562_3792;1661;-1;[273, 305, 291, 324];;198.0;0.0;0.0;1.0;0.0;0.0
GRLLN6_0_2050_3280_2562_3792;1662;-1;[95, 117, 102, 131];;70.0;0.0;0.0;1.0;0.0;0.0
GRLLN6_0_2050_3280_2562_3792;-1;286;;[256, 196, 283, 239];0.0;838.0;0.0;;0.06097412109375;0.0
GRLLN6_0_2255_3280_2767_3792;1663;-1;[68, 305, 86, 324];;198.0;0.0;0.0;1.0;0.0;0.0
GRLLN6_0_2255_3280_2767_3792;1664;350;[490, 88, 512, 136];[486, 86, 511, 139];462.5;824.0;0.5534729957580566;1.0;0.0078125;0.7341587764020393
GRLLN6_0_2255_3280_2767_3792;-1;349;;[50, 196, 77, 239];0.0;864.0;0.0;;0.08331298828125;0.0
GRLLN6_0_2460_3280_2972_3792;1665;388;[285, 88, 320, 136];[282, 86, 319, 139];519.0;1014.0;0.5379688739776611;1.0;0.115966796875;0.812344449975112
GRLLN6_0_2665_3280_3177_3792;1666;419;[80, 88, 115, 136];[78, 88, 115, 139];519.0;994.0;0.5434173941612244;1.0;0.216064453125;0.890302066772655
GRLLN6_0_2665_3280_3177_3792;-1;420;;[404, 116, 429, 151];0.0;457.0;0.0;;0.005512237548828125;0.0
GRLLN6_0_3280_3280_3792_3792;1667;-1;[346, 406, 368, 421];;199.0;0.0;0.0;1.0;0.0;0.0
GRLLN6_0_3280_3280_3792_3792;-1;555;;[124, 436, 173, 463];0.0;992.0;0.0;;0.0416259765625;0.0
GRLLN6_0_3280_3280_3792_3792;-1;556;;[488, 280, 511, 325];0.0;816.0;0.0;;0.026153564453125;0.0
GRLLN6_0_3485_3280_3997_3792;1668;-1;[141, 406, 163, 421];;199.0;0.0;0.0;1.0;0.0;0.0
GRLLN6_0_3485_3280_3997_3792;-1;586;;[282, 280, 309, 325];0.0;904.0;0.0;;0.30322265625;0.0
GRLLN6_0_3690_3280_4202_3792;1669;-1;[363, 420, 373, 441];;166.0;0.0;0.0;1.0;0.0;0.0
GRLLN6_0_3690_3280_4202_3792;-1;596;;[78, 280, 103, 325];0.0;871.0;0.0;;0.25390625;0.0
GRLLN6_0_3751_3280_4263_3792;1670;-1;[302, 420, 312, 441];;166.0;0.0;0.0;1.0;0.0;0.0
GRLLN6_0_3751_3280_4263_3792;-1;603;;[16, 280, 43, 325];0.0;911.0;0.0;;0.70068359375;0.0
GRLLN6_0_0_3485_512_3997;1671;-1;[347, 443, 357, 470];;170.5;0.0;0.0;1.0;0.0;0.0
GRLLN6_0_205_3485_717_3997;1672;-1;[142, 443, 152, 470];;170.5;0.0;0.0;1.0;0.0;0.0
GRLLN6_0_205_3485_717_3997;1673;-1;[413, 236, 424, 255];;122.5;0.0;0.0;1.0;0.0;0.0
GRLLN6_0_410_3485_922_3997;1674;-1;[412, 343, 436, 354];;204.0;0.0;0.0;1.0;0.0;0.0
GRLLN6_0_410_3485_922_3997;1675;-1;[208, 236, 219, 255];;122.5;0.0;0.0;1.0;0.0;0.0
GRLLN6_0_410_3485_922_3997;1676;-1;[356, 24, 378, 37];;182.5;0.0;0.0;1.0;0.0;0.0
GRLLN6_0_615_3485_1127_3997;1677;-1;[324, 377, 352, 389];;171.0;0.0;0.0;1.0;0.0;0.0
GRLLN6_0_615_3485_1127_3997;1678;-1;[207, 343, 231, 354];;204.0;0.0;0.0;1.0;0.0;0.0
GRLLN6_0_615_3485_1127_3997;1679;-1;[3, 236, 14, 255];;122.5;0.0;0.0;1.0;0.0;0.0
GRLLN6_0_615_3485_1127_3997;1680;-1;[337, 41, 357, 59];;153.0;0.0;0.0;1.0;0.0;0.0
GRLLN6_0_615_3485_1127_3997;1681;-1;[151, 24, 173, 37];;182.5;0.0;0.0;1.0;0.0;0.0
GRLLN6_0_820_3485_1332_3997;1682;-1;[119, 377, 147, 389];;171.0;0.0;0.0;1.0;0.0;0.0
GRLLN6_0_820_3485_1332_3997;1683;-1;[2, 343, 26, 354];;204.0;0.0;0.0;1.0;0.0;0.0
GRLLN6_0_820_3485_1332_3997;1684;-1;[132, 41, 152, 59];;153.0;0.0;0.0;1.0;0.0;0.0
GRLLN6_0_1230_3485_1742_3997;1685;-1;[451, 109, 466, 118];;76.5;0.0;0.0;1.0;0.0;0.0
GRLLN6_0_1230_3485_1742_3997;1686;-1;[356, 15, 365, 31];;113.0;0.0;0.0;1.0;0.0;0.0
GRLLN6_0_1435_3485_1947_3997;1687;-1;[246, 109, 261, 118];;76.5;0.0;0.0;1.0;0.0;0.0
GRLLN6_0_1435_3485_1947_3997;1688;-1;[151, 15, 160, 31];;113.0;0.0;0.0;1.0;0.0;0.0
GRLLN6_0_1435_3485_1947_3997;1689;-1;[495, 47, 512, 71];;272.5;0.0;0.0;1.0;0.0;0.0
GRLLN6_0_1640_3485_2152_3997;1690;-1;[325, 365, 338, 373];;54.0;0.0;0.0;1.0;0.0;0.0
GRLLN6_0_1640_3485_2152_3997;1691;-1;[334, 372, 349, 379];;72.0;0.0;0.0;1.0;0.0;0.0
GRLLN6_0_1640_3485_2152_3997;1692;-1;[41, 109, 56, 118];;76.5;0.0;0.0;1.0;0.0;0.0
GRLLN6_0_1640_3485_2152_3997;1693;180;[290, 42, 329, 71];[290, 42, 331, 73];547.0;956.0;0.596853494644165;1.0;0.494140625;0.8898505114083399
GRLLN6_0_1845_3485_2357_3997;1694;-1;[478, 100, 496, 119];;198.0;0.0;0.0;1.0;0.0;0.0
GRLLN6_0_1845_3485_2357_3997;1695;-1;[120, 365, 133, 373];;54.0;0.0;0.0;1.0;0.0;0.0
GRLLN6_0_1845_3485_2357_3997;1696;-1;[129, 372, 144, 379];;72.0;0.0;0.0;1.0;0.0;0.0
GRLLN6_0_1845_3485_2357_3997;1697;233;[85, 42, 124, 71];[84, 42, 125, 73];547.0;961.0;0.5869776606559753;1.0;0.490234375;0.8898505114083399
GRLLN6_0_2050_3485_2562_3997;1698;-1;[273, 100, 291, 119];;198.0;0.0;0.0;1.0;0.0;0.0
GRLLN6_0_2050_3485_2562_3997;1699;-1;[361, 420, 387, 437];;305.5;0.0;0.0;1.0;0.0;0.0
GRLLN6_0_2255_3485_2767_3997;1700;-1;[68, 100, 86, 119];;198.0;0.0;0.0;1.0;0.0;0.0
GRLLN6_0_2255_3485_2767_3997;1701;-1;[156, 420, 182, 437];;305.5;0.0;0.0;1.0;0.0;0.0
GRLLN6_0_2665_3485_3177_3997;1702;-1;[376, 331, 394, 343];;168.0;0.0;0.0;1.0;0.0;0.0
GRLLN6_0_2870_3485_3382_3997;1703;-1;[171, 331, 189, 343];;168.0;0.0;0.0;1.0;0.0;0.0
GRLLN6_0_2870_3485_3382_3997;1704;-1;[304, 366, 315, 385];;107.0;0.0;0.0;1.0;0.0;0.0
GRLLN6_0_3075_3485_3587_3997;1705;-1;[99, 366, 110, 385];;107.0;0.0;0.0;1.0;0.0;0.0
GRLLN6_0_3075_3485_3587_3997;1706;-1;[483, 350, 495, 371];;179.5;0.0;0.0;1.0;0.0;0.0
GRLLN6_0_3075_3485_3587_3997;-1;513;;[330, 230, 377, 259];0.0;1025.0;0.0;;0.06396484375;0.0
GRLLN6_0_3280_3485_3792_3997;1707;-1;[278, 350, 290, 371];;179.5;0.0;0.0;1.0;0.0;0.0
GRLLN6_0_3280_3485_3792_3997;1708;-1;[346, 201, 368, 216];;199.0;0.0;0.0;1.0;0.0;0.0
GRLLN6_0_3280_3485_3792_3997;-1;557;;[124, 230, 173, 259];0.0;1063.0;0.0;;0.17724609375;0.0
GRLLN6_0_3280_3485_3792_3997;-1;558;;[488, 76, 511, 119];0.0;786.0;0.0;;0.035675048828125;0.0
GRLLN6_0_3485_3485_3997_3997;1709;-1;[73, 350, 85, 371];;179.5;0.0;0.0;1.0;0.0;0.0
GRLLN6_0_3485_3485_3997_3997;1710;-1;[141, 201, 163, 216];;199.0;0.0;0.0;1.0;0.0;0.0
GRLLN6_0_3485_3485_3997_3997;1711;-1;[433, 366, 456, 386];;201.5;0.0;0.0;1.0;0.0;0.0
GRLLN6_0_3485_3485_3997_3997;1712;-1;[483, 353, 509, 371];;170.0;0.0;0.0;1.0;0.0;0.0
GRLLN6_0_3485_3485_3997_3997;-1;587;;[282, 76, 309, 121];0.0;905.0;0.0;;0.307373046875;0.0
GRLLN6_0_3690_3485_4202_3997;1713;-1;[363, 215, 373, 236];;166.0;0.0;0.0;1.0;0.0;0.0
GRLLN6_0_3690_3485_4202_3997;1714;-1;[228, 366, 251, 386];;201.5;0.0;0.0;1.0;0.0;0.0
GRLLN6_0_3690_3485_4202_3997;1715;-1;[278, 353, 304, 371];;170.0;0.0;0.0;1.0;0.0;0.0
GRLLN6_0_3690_3485_4202_3997;-1;597;;[78, 76, 103, 121];0.0;837.0;0.0;;0.281494140625;0.0
GRLLN6_0_3751_3485_4263_3997;1716;-1;[302, 215, 312, 236];;166.0;0.0;0.0;1.0;0.0;0.0
GRLLN6_0_3751_3485_4263_3997;1717;-1;[167, 366, 190, 386];;201.5;0.0;0.0;1.0;0.0;0.0
GRLLN6_0_3751_3485_4263_3997;1718;-1;[217, 353, 243, 371];;170.0;0.0;0.0;1.0;0.0;0.0
GRLLN6_0_3751_3485_4263_3997;-1;604;;[16, 76, 43, 119];0.0;880.0;0.0;;0.466796875;0.0
GRLLN6_0_0_3690_512_4202;1719;-1;[347, 238, 357, 265];;170.5;0.0;0.0;1.0;0.0;0.0
GRLLN6_0_205_3690_717_4202;1720;-1;[142, 238, 152, 265];;170.5;0.0;0.0;1.0;0.0;0.0
GRLLN6_0_205_3690_717_4202;1721;-1;[413, 31, 424, 50];;122.5;0.0;0.0;1.0;0.0;0.0
GRLLN6_0_410_3690_922_4202;1722;-1;[412, 138, 436, 149];;204.0;0.0;0.0;1.0;0.0;0.0
GRLLN6_0_410_3690_922_4202;1723;-1;[208, 31, 219, 50];;122.5;0.0;0.0;1.0;0.0;0.0
GRLLN6_0_615_3690_1127_4202;1724;-1;[324, 172, 352, 184];;171.0;0.0;0.0;1.0;0.0;0.0
GRLLN6_0_615_3690_1127_4202;1725;-1;[207, 138, 231, 149];;204.0;0.0;0.0;1.0;0.0;0.0
GRLLN6_0_615_3690_1127_4202;1726;-1;[3, 31, 14, 50];;122.5;0.0;0.0;1.0;0.0;0.0
GRLLN6_0_820_3690_1332_4202;1727;-1;[119, 172, 147, 184];;171.0;0.0;0.0;1.0;0.0;0.0
GRLLN6_0_820_3690_1332_4202;1728;-1;[2, 138, 26, 149];;204.0;0.0;0.0;1.0;0.0;0.0
GRLLN6_0_1640_3690_2152_4202;1729;-1;[325, 160, 338, 168];;54.0;0.0;0.0;1.0;0.0;0.0
GRLLN6_0_1640_3690_2152_4202;1730;-1;[334, 167, 349, 174];;72.0;0.0;0.0;1.0;0.0;0.0
GRLLN6_0_1845_3690_2357_4202;1731;-1;[120, 160, 133, 168];;54.0;0.0;0.0;1.0;0.0;0.0
GRLLN6_0_1845_3690_2357_4202;1732;-1;[129, 167, 144, 174];;72.0;0.0;0.0;1.0;0.0;0.0
GRLLN6_0_2050_3690_2562_4202;1733;-1;[338, 379, 353, 393];;116.0;0.0;0.0;1.0;0.0;0.0
GRLLN6_0_2050_3690_2562_4202;1734;-1;[361, 215, 387, 232];;305.5;0.0;0.0;1.0;0.0;0.0
GRLLN6_0_2255_3690_2767_4202;1735;-1;[133, 379, 148, 393];;116.0;0.0;0.0;1.0;0.0;0.0
GRLLN6_0_2255_3690_2767_4202;1736;-1;[156, 215, 182, 232];;305.5;0.0;0.0;1.0;0.0;0.0
GRLLN6_0_2460_3690_2972_4202;1737;-1;[386, 427, 396, 453];;150.0;0.0;0.0;1.0;0.0;0.0
GRLLN6_0_2665_3690_3177_4202;1738;-1;[376, 126, 394, 138];;168.0;0.0;0.0;1.0;0.0;0.0
GRLLN6_0_2665_3690_3177_4202;1739;-1;[181, 427, 191, 453];;150.0;0.0;0.0;1.0;0.0;0.0
GRLLN6_0_2870_3690_3382_4202;1740;-1;[171, 126, 189, 138];;168.0;0.0;0.0;1.0;0.0;0.0
GRLLN6_0_2870_3690_3382_4202;1741;-1;[304, 161, 315, 180];;107.0;0.0;0.0;1.0;0.0;0.0
GRLLN6_0_3075_3690_3587_4202;1742;-1;[99, 161, 110, 180];;107.0;0.0;0.0;1.0;0.0;0.0
GRLLN6_0_3075_3690_3587_4202;1743;-1;[483, 145, 495, 166];;179.5;0.0;0.0;1.0;0.0;0.0
GRLLN6_0_3075_3690_3587_4202;-1;514;;[328, 24, 377, 53];0.0;1091.0;0.0;;0.509765625;0.0
GRLLN6_0_3280_3690_3792_4202;1744;-1;[278, 145, 290, 166];;179.5;0.0;0.0;1.0;0.0;0.0
GRLLN6_0_3280_3690_3792_4202;1745;-1;[346, 0, 368, 11];;175.0;0.0;0.0;1.0;0.0;0.0
GRLLN6_0_3280_3690_3792_4202;1746;560;[361, 360, 377, 380];[360, 358, 377, 381];251.5;310.0;0.8126801252365112;1.0;0.0616455078125;0.8184143222506394
GRLLN6_0_3280_3690_3792_4202;-1;559;;[124, 24, 173, 53];0.0;1070.0;0.0;;0.35400390625;0.0
GRLLN6_0_3485_3690_3997_4202;1747;-1;[73, 145, 85, 166];;179.5;0.0;0.0;1.0;0.0;0.0
GRLLN6_0_3485_3690_3997_4202;1748;-1;[141, 0, 163, 11];;175.0;0.0;0.0;1.0;0.0;0.0
GRLLN6_0_3485_3690_3997_4202;1749;-1;[433, 161, 456, 181];;201.5;0.0;0.0;1.0;0.0;0.0
GRLLN6_0_3485_3690_3997_4202;1750;-1;[483, 148, 509, 166];;170.0;0.0;0.0;1.0;0.0;0.0
GRLLN6_0_3485_3690_3997_4202;1751;588;[156, 360, 172, 380];[154, 358, 173, 381];251.5;323.0;0.7932960987091064;1.0;0.045867919921875;0.7322654462242563
GRLLN6_0_3690_3690_4202_4202;1752;-1;[363, 10, 373, 31];;166.0;0.0;0.0;1.0;0.0;0.0
GRLLN6_0_3690_3690_4202_4202;1753;-1;[228, 161, 251, 181];;201.5;0.0;0.0;1.0;0.0;0.0
GRLLN6_0_3690_3690_4202_4202;1754;-1;[278, 148, 304, 166];;170.0;0.0;0.0;1.0;0.0;0.0
GRLLN6_0_3751_3690_4263_4202;1755;-1;[302, 10, 312, 31];;166.0;0.0;0.0;1.0;0.0;0.0
GRLLN6_0_3751_3690_4263_4202;1756;-1;[167, 161, 190, 181];;201.5;0.0;0.0;1.0;0.0;0.0
GRLLN6_0_3751_3690_4263_4202;1757;-1;[217, 148, 243, 166];;170.0;0.0;0.0;1.0;0.0;0.0
GRLLN6_0_0_3895_512_4407;1758;-1;[347, 33, 357, 60];;170.5;0.0;0.0;1.0;0.0;0.0
GRLLN6_0_205_3895_717_4407;1759;-1;[142, 33, 152, 60];;170.5;0.0;0.0;1.0;0.0;0.0
GRLLN6_0_615_3895_1127_4407;1760;-1;[413, 358, 426, 376];;137.0;0.0;0.0;1.0;0.0;0.0
GRLLN6_0_615_3895_1127_4407;1761;-1;[407, 391, 425, 400];;97.0;0.0;0.0;1.0;0.0;0.0
GRLLN6_0_820_3895_1332_4407;1762;-1;[208, 358, 221, 376];;137.0;0.0;0.0;1.0;0.0;0.0
GRLLN6_0_820_3895_1332_4407;1763;-1;[202, 391, 220, 400];;97.0;0.0;0.0;1.0;0.0;0.0
GRLLN6_0_1025_3895_1537_4407;1764;-1;[3, 358, 16, 376];;137.0;0.0;0.0;1.0;0.0;0.0
GRLLN6_0_1025_3895_1537_4407;1765;-1;[0, 391, 15, 400];;89.5;0.0;0.0;1.0;0.0;0.0
GRLLN6_0_1025_3895_1537_4407;1766;-1;[370, 374, 387, 384];;95.5;0.0;0.0;1.0;0.0;0.0
GRLLN6_0_1230_3895_1742_4407;1767;-1;[165, 374, 182, 384];;95.5;0.0;0.0;1.0;0.0;0.0
GRLLN6_0_2050_3895_2562_4407;1768;-1;[338, 174, 353, 188];;116.0;0.0;0.0;1.0;0.0;0.0
GRLLN6_0_2050_3895_2562_4407;1769;-1;[361, 10, 387, 27];;305.5;0.0;0.0;1.0;0.0;0.0
GRLLN6_0_2255_3895_2767_4407;1770;-1;[133, 174, 148, 188];;116.0;0.0;0.0;1.0;0.0;0.0
GRLLN6_0_2255_3895_2767_4407;1771;-1;[156, 10, 182, 27];;305.5;0.0;0.0;1.0;0.0;0.0
GRLLN6_0_2460_3895_2972_4407;1772;-1;[386, 222, 396, 248];;150.0;0.0;0.0;1.0;0.0;0.0
GRLLN6_0_2460_3895_2972_4407;1773;-1;[438, 503, 451, 512];;73.0;0.0;0.0;1.0;0.0;0.0
GRLLN6_0_2665_3895_3177_4407;1774;-1;[181, 222, 191, 248];;150.0;0.0;0.0;1.0;0.0;0.0
GRLLN6_0_2665_3895_3177_4407;1775;-1;[233, 503, 246, 512];;73.0;0.0;0.0;1.0;0.0;0.0
GRLLN6_0_2870_3895_3382_4407;1776;-1;[28, 503, 41, 512];;73.0;0.0;0.0;1.0;0.0;0.0
GRLLN6_0_3280_3895_3792_4407;1777;561;[361, 155, 377, 175];[360, 154, 379, 177];251.5;303.0;0.8502994179725647;1.0;0.04132080078125;0.7322654462242563
GRLLN6_0_3485_3895_3997_4407;1778;589;[156, 155, 172, 175];[154, 154, 173, 175];251.5;313.0;0.8208092451095581;1.0;0.040679931640625;0.8020050125313283
GRLLN6_0_615_3993_1127_4505;1779;-1;[413, 260, 426, 278];;137.0;0.0;0.0;1.0;0.0;0.0
GRLLN6_0_615_3993_1127_4505;1780;-1;[407, 293, 425, 302];;97.0;0.0;0.0;1.0;0.0;0.0
GRLLN6_0_820_3993_1332_4505;1781;-1;[208, 260, 221, 278];;137.0;0.0;0.0;1.0;0.0;0.0
GRLLN6_0_820_3993_1332_4505;1782;-1;[202, 293, 220, 302];;97.0;0.0;0.0;1.0;0.0;0.0
GRLLN6_0_1025_3993_1537_4505;1783;-1;[3, 260, 16, 278];;137.0;0.0;0.0;1.0;0.0;0.0
GRLLN6_0_1025_3993_1537_4505;1784;-1;[0, 293, 15, 302];;89.5;0.0;0.0;1.0;0.0;0.0
GRLLN6_0_1025_3993_1537_4505;1785;-1;[370, 276, 387, 286];;95.5;0.0;0.0;1.0;0.0;0.0
GRLLN6_0_1230_3993_1742_4505;1786;-1;[165, 276, 182, 286];;95.5;0.0;0.0;1.0;0.0;0.0
GRLLN6_0_2050_3993_2562_4505;1787;-1;[338, 76, 353, 90];;116.0;0.0;0.0;1.0;0.0;0.0
GRLLN6_0_2255_3993_2767_4505;1788;-1;[133, 76, 148, 90];;116.0;0.0;0.0;1.0;0.0;0.0
GRLLN6_0_2460_3993_2972_4505;1789;-1;[386, 124, 396, 150];;150.0;0.0;0.0;1.0;0.0;0.0
GRLLN6_0_2460_3993_2972_4505;1790;-1;[437, 405, 459, 424];;248.5;0.0;0.0;1.0;0.0;0.0
GRLLN6_0_2665_3993_3177_4505;1791;-1;[181, 124, 191, 150];;150.0;0.0;0.0;1.0;0.0;0.0
GRLLN6_0_2665_3993_3177_4505;1792;-1;[232, 405, 254, 424];;248.5;0.0;0.0;1.0;0.0;0.0
GRLLN6_0_2870_3993_3382_4505;1793;-1;[27, 405, 49, 424];;248.5;0.0;0.0;1.0;0.0;0.0
GRLLN6_0_3280_3993_3792_4505;1794;562;[361, 57, 377, 77];[360, 56, 377, 77];251.5;290.0;0.8847352266311646;1.0;0.12939453125;0.896358543417367
GRLLN6_0_3485_3993_3997_4505;1795;590;[156, 57, 172, 77];[154, 56, 173, 77];251.5;313.0;0.8208092451095581;1.0;0.08538818359375;0.8020050125313283
GUSA7Z_1_205_0_717_512;1796;-1;[474, 397, 496, 414];;192.0;0.0;0.0;1.0;0.0;0.0
GUSA7Z_1_410_0_922_512;1797;2317;[269, 397, 291, 414];[270, 396, 291, 413];192.0;252.0;0.7333333492279053;1.0;0.006145477294921875;0.850632911392405
GUSA7Z_1_615_0_1127_512;1798;-1;[64, 397, 86, 414];;192.0;0.0;0.0;1.0;0.0;0.0
GUSA7Z_1_1025_0_1537_512;1799;758;[414, 248, 512, 343];[414, 252, 511, 341];2681.0;2659.0;0.8412390947341919;1.0;0.8115234375;0.927282491944146
GUSA7Z_1_1230_0_1742_512;1800;875;[428, 386, 512, 495];[430, 386, 511, 497];4541.5;4901.0;0.8815357685089111;1.0;0.73095703125;0.9475209272376046
GUSA7Z_1_1230_0_1742_512;1801;874;[209, 248, 385, 343];[210, 250, 393, 343];4141.5;4371.0;0.8714817762374878;1.0;0.92578125;0.9319170865781036
GUSA7Z_1_1435_0_1947_512;1802;1008;[435, 408, 448, 427];[434, 410, 453, 433];99.0;248.0;0.4000000059604645;1.0;0.0162200927734375;0.4773218142548596
GUSA7Z_1_1435_0_1947_512;1803;1006;[223, 385, 324, 495];[224, 386, 325, 497];4984.0;5585.0;0.8786675930023193;1.0;0.94775390625;0.9543822782593469
GUSA7Z_1_1435_0_1947_512;1804;1007;[4, 248, 180, 343];[6, 250, 189, 343];4141.5;4375.0;0.8746893405914307;1.0;0.82421875;0.9216836589394544
GUSA7Z_1_1640_0_2152_512;1805;-1;[367, 257, 384, 281];;200.0;0.0;0.0;1.0;0.0;0.0
GUSA7Z_1_1640_0_2152_512;1806;-1;[382, 438, 397, 454];;111.5;0.0;0.0;1.0;0.0;0.0
GUSA7Z_1_1640_0_2152_512;1807;-1;[368, 264, 383, 279];;114.5;0.0;0.0;1.0;0.0;0.0
GUSA7Z_1_1640_0_2152_512;1808;-1;[399, 382, 404, 391];;27.0;0.0;0.0;1.0;0.0;0.0
GUSA7Z_1_1640_0_2152_512;1809;1128;[230, 408, 243, 427];[230, 410, 247, 433];99.0;226.0;0.40441176295280457;1.0;0.027587890625;0.5299760191846523
GUSA7Z_1_1640_0_2152_512;1810;1127;[18, 385, 119, 495];[18, 386, 121, 497];4984.0;5765.0;0.8657673001289368;1.0;0.94482421875;0.9544823998612797
GUSA7Z_1_1845_0_2357_512;1811;-1;[162, 257, 179, 281];;200.0;0.0;0.0;1.0;0.0;0.0
GUSA7Z_1_1845_0_2357_512;1812;-1;[177, 438, 192, 454];;111.5;0.0;0.0;1.0;0.0;0.0
GUSA7Z_1_1845_0_2357_512;1813;1231;[459, 478, 505, 512];[460, 480, 483, 511];700.0;492.0;0.6143386960029602;1.0;0.0118255615234375;0.45588235294117646
GUSA7Z_1_1845_0_2357_512;1814;-1;[163, 264, 178, 279];;114.5;0.0;0.0;1.0;0.0;0.0
GUSA7Z_1_1845_0_2357_512;1815;-1;[194, 382, 199, 391];;27.0;0.0;0.0;1.0;0.0;0.0
GUSA7Z_1_1845_0_2357_512;1816;1230;[25, 408, 38, 427];[26, 410, 43, 433];99.0;230.0;0.38351255655288696;1.0;0.02685546875;0.4700460829493088
GUSA7Z_1_2050_0_2562_512;1817;-1;[348, 200, 361, 214];;93.0;0.0;0.0;1.0;0.0;0.0
GUSA7Z_1_2050_0_2562_512;1818;-1;[493, 315, 509, 329];;103.0;0.0;0.0;1.0;0.0;0.0
GUSA7Z_1_2050_0_2562_512;1819;1355;[254, 478, 300, 512];[254, 478, 297, 511];700.0;755.0;0.785393238067627;1.0;0.0196380615234375;0.9072890025575447
GUSA7Z_1_2050_0_2562_512;-1;1356;;[112, 8, 145, 23];0.0;313.0;0.0;;0.011871337890625;0.0
GUSA7Z_1_2255_0_2767_512;1820;-1;[143, 200, 156, 214];;93.0;0.0;0.0;1.0;0.0;0.0
GUSA7Z_1_2255_0_2767_512;1821;-1;[288, 315, 304, 329];;103.0;0.0;0.0;1.0;0.0;0.0
GUSA7Z_1_2255_0_2767_512;1822;1534;[49, 478, 95, 512];[50, 480, 73, 511];700.0;496.0;0.6192830801010132;1.0;0.07501220703125;0.45588235294117646
GUSA7Z_1_2460_0_2972_512;1823;-1;[322, 473, 333, 484];;73.0;0.0;0.0;1.0;0.0;0.0
GUSA7Z_1_2460_0_2972_512;1824;-1;[83, 315, 99, 329];;103.0;0.0;0.0;1.0;0.0;0.0
GUSA7Z_1_2665_0_3177_512;1825;-1;[394, 364, 410, 385];;233.5;0.0;0.0;1.0;0.0;0.0
GUSA7Z_1_2665_0_3177_512;1826;-1;[468, 233, 477, 256];;114.5;0.0;0.0;1.0;0.0;0.0
GUSA7Z_1_2665_0_3177_512;1827;-1;[117, 473, 128, 484];;73.0;0.0;0.0;1.0;0.0;0.0
GUSA7Z_1_2870_0_3382_512;1828;-1;[189, 364, 205, 385];;233.5;0.0;0.0;1.0;0.0;0.0
GUSA7Z_1_2870_0_3382_512;1829;-1;[263, 233, 272, 256];;114.5;0.0;0.0;1.0;0.0;0.0
GUSA7Z_1_2870_0_3382_512;1830;-1;[402, 461, 419, 474];;100.0;0.0;0.0;1.0;0.0;0.0
GUSA7Z_1_2870_0_3382_512;1831;-1;[426, 464, 442, 476];;107.0;0.0;0.0;1.0;0.0;0.0
GUSA7Z_1_2870_0_3382_512;1832;-1;[398, 309, 420, 322];;117.5;0.0;0.0;1.0;0.0;0.0
GUSA7Z_1_2870_0_3382_512;1833;-1;[500, 212, 512, 230];;148.5;0.0;0.0;1.0;0.0;0.0
GUSA7Z_1_3075_0_3587_512;1834;-1;[58, 233, 67, 256];;114.5;0.0;0.0;1.0;0.0;0.0
GUSA7Z_1_3075_0_3587_512;1835;-1;[197, 461, 214, 474];;100.0;0.0;0.0;1.0;0.0;0.0
GUSA7Z_1_3075_0_3587_512;1836;-1;[221, 464, 237, 476];;107.0;0.0;0.0;1.0;0.0;0.0
GUSA7Z_1_3075_0_3587_512;1837;-1;[324, 426, 336, 440];;81.5;0.0;0.0;1.0;0.0;0.0
GUSA7Z_1_3075_0_3587_512;1838;-1;[193, 309, 215, 322];;117.5;0.0;0.0;1.0;0.0;0.0
GUSA7Z_1_3075_0_3587_512;1839;-1;[295, 212, 308, 230];;157.5;0.0;0.0;1.0;0.0;0.0
GUSA7Z_1_3075_0_3587_512;1840;2000;[385, 338, 410, 369];[386, 338, 415, 373];405.0;702.0;0.5931307673454285;1.0;0.7890625;0.7112810707456979
GUSA7Z_1_3280_0_3792_512;1841;-1;[0, 461, 9, 474];;66.5;0.0;0.0;1.0;0.0;0.0
GUSA7Z_1_3280_0_3792_512;1842;-1;[16, 464, 32, 476];;107.0;0.0;0.0;1.0;0.0;0.0
GUSA7Z_1_3280_0_3792_512;1843;-1;[119, 426, 131, 440];;81.5;0.0;0.0;1.0;0.0;0.0
GUSA7Z_1_3280_0_3792_512;1844;-1;[0, 309, 10, 318];;71.0;0.0;0.0;1.0;0.0;0.0
GUSA7Z_1_3280_0_3792_512;1845;-1;[90, 212, 103, 230];;157.5;0.0;0.0;1.0;0.0;0.0
GUSA7Z_1_3280_0_3792_512;1846;-1;[471, 413, 490, 428];;173.0;0.0;0.0;1.0;0.0;0.0
GUSA7Z_1_3280_0_3792_512;1847;2104;[180, 338, 205, 369];[180, 338, 211, 373];405.0;714.0;0.5853976607322693;1.0;0.7607421875;0.7142857142857143
GUSA7Z_1_3485_0_3997_512;1848;-1;[306, 360, 319, 389];;198.5;0.0;0.0;1.0;0.0;0.0
GUSA7Z_1_3485_0_3997_512;1849;-1;[266, 413, 285, 428];;173.0;0.0;0.0;1.0;0.0;0.0
GUSA7Z_1_3485_0_3997_512;1850;-1;[422, 433, 438, 441];;86.5;0.0;0.0;1.0;0.0;0.0
GUSA7Z_1_3485_0_3997_512;1851;-1;[394, 469, 407, 480];;82.5;0.0;0.0;1.0;0.0;0.0
GUSA7Z_1_3485_0_3997_512;-1;2188;;[232, 160, 267, 207];0.0;1071.0;0.0;;0.00572967529296875;0.0
GUSA7Z_1_3690_0_4202_512;1852;-1;[101, 360, 114, 389];;198.5;0.0;0.0;1.0;0.0;0.0
GUSA7Z_1_3690_0_4202_512;1853;-1;[61, 413, 80, 428];;173.0;0.0;0.0;1.0;0.0;0.0
GUSA7Z_1_3690_0_4202_512;1854;-1;[217, 433, 233, 441];;86.5;0.0;0.0;1.0;0.0;0.0
GUSA7Z_1_3690_0_4202_512;1855;-1;[189, 469, 202, 480];;82.5;0.0;0.0;1.0;0.0;0.0
GUSA7Z_1_3690_0_4202_512;-1;2244;;[28, 160, 63, 207];0.0;1178.0;0.0;;0.006511688232421875;0.0
GUSA7Z_1_3895_0_4407_512;1856;-1;[422, 436, 433, 451];;66.5;0.0;0.0;1.0;0.0;0.0
GUSA7Z_1_3895_0_4407_512;1857;-1;[12, 433, 28, 441];;86.5;0.0;0.0;1.0;0.0;0.0
GUSA7Z_1_4017_0_4529_512;1858;-1;[300, 436, 311, 451];;66.5;0.0;0.0;1.0;0.0;0.0
GUSA7Z_1_205_205_717_717;1859;1494;[474, 192, 496, 209];[474, 192, 497, 209];192.0;272.0;0.7105262875556946;1.0;0.01009368896484375;0.9565217391304348
GUSA7Z_1_410_205_922_717;1860;2334;[269, 192, 291, 209];[270, 192, 291, 209];192.0;237.0;0.7888888716697693;1.0;0.00806427001953125;0.9545454545454546
GUSA7Z_1_615_205_1127_717;1861;-1;[64, 192, 86, 209];;192.0;0.0;0.0;1.0;0.0;0.0
GUSA7Z_1_1025_205_1537_717;1862;-1;[366, 493, 372, 512];;102.5;0.0;0.0;1.0;0.0;0.0
GUSA7Z_1_1025_205_1537_717;1863;794;[443, 409, 512, 489];[444, 414, 511, 487];3979.5;3799.0;0.8413824439048767;1.0;0.2822265625;0.8860507246376812
GUSA7Z_1_1025_205_1537_717;1864;793;[414, 43, 512, 138];[414, 46, 511, 137];2681.0;2718.0;0.8337571620941162;1.0;0.7646484375;0.9481203007518797
GUSA7Z_1_1230_205_1742_717;1865;-1;[161, 493, 167, 512];;102.5;0.0;0.0;1.0;0.0;0.0
GUSA7Z_1_1230_205_1742_717;1866;910;[238, 388, 384, 492];[240, 390, 383, 493];8044.0;8765.0;0.8947426080703735;1.0;0.96728515625;0.9516539440203562
GUSA7Z_1_1230_205_1742_717;1867;912;[428, 181, 512, 290];[430, 182, 511, 291];4541.5;4817.0;0.8782575130462646;1.0;0.69921875;0.9470607340045469
GUSA7Z_1_1230_205_1742_717;1868;911;[209, 43, 385, 138];[210, 44, 393, 137];4141.5;4347.0;0.8748700618743896;1.0;0.86962890625;0.9319170865781036
GUSA7Z_1_1435_205_1947_717;1869;1049;[435, 203, 448, 222];[434, 204, 453, 231];99.0;266.0;0.40460526943206787;1.0;0.0244293212890625;0.4448669201520912
GUSA7Z_1_1435_205_1947_717;1870;1046;[33, 388, 179, 492];[34, 390, 179, 491];8044.0;8779.0;0.8972167372703552;1.0;0.96630859375;0.9645021074815595
GUSA7Z_1_1435_205_1947_717;1871;1047;[223, 180, 324, 290];[224, 180, 325, 291];4984.0;5545.0;0.880242645740509;1.0;0.951171875;0.9716456143450225
GUSA7Z_1_1435_205_1947_717;1872;1048;[4, 43, 180, 138];[6, 46, 187, 137];4141.5;4378.0;0.8670520186424255;1.0;0.716796875;0.9122544218470934
GUSA7Z_1_1640_205_2152_717;1873;-1;[367, 52, 384, 76];;200.0;0.0;0.0;1.0;0.0;0.0
GUSA7Z_1_1640_205_2152_717;1874;-1;[382, 233, 397, 249];;111.5;0.0;0.0;1.0;0.0;0.0
GUSA7Z_1_1640_205_2152_717;1875;-1;[368, 59, 383, 74];;114.5;0.0;0.0;1.0;0.0;0.0
GUSA7Z_1_1640_205_2152_717;1876;-1;[399, 177, 404, 186];;27.0;0.0;0.0;1.0;0.0;0.0
GUSA7Z_1_1640_205_2152_717;1877;1165;[230, 203, 243, 222];[230, 204, 247, 227];99.0;232.0;0.46212121844291687;1.0;0.022796630859375;0.5792079207920792
GUSA7Z_1_1640_205_2152_717;1878;1164;[18, 180, 119, 290];[18, 182, 121, 291];4984.0;5537.0;0.8856595754623413;1.0;0.9599609375;0.954414209467145
GUSA7Z_1_1845_205_2357_717;1879;-1;[162, 52, 179, 76];;200.0;0.0;0.0;1.0;0.0;0.0
GUSA7Z_1_1845_205_2357_717;1880;-1;[177, 233, 192, 249];;111.5;0.0;0.0;1.0;0.0;0.0
GUSA7Z_1_1845_205_2357_717;1881;-1;[329, 321, 346, 336];;111.5;0.0;0.0;1.0;0.0;0.0
GUSA7Z_1_1845_205_2357_717;1882;-1;[506, 459, 512, 465];;27.5;0.0;0.0;1.0;0.0;0.0
GUSA7Z_1_1845_205_2357_717;1883;1284;[457, 273, 512, 358];[460, 274, 511, 359];1432.0;1482.0;0.796839714050293;1.0;0.451416015625;0.9064748201438849
GUSA7Z_1_1845_205_2357_717;1884;-1;[163, 59, 178, 74];;114.5;0.0;0.0;1.0;0.0;0.0
GUSA7Z_1_1845_205_2357_717;1885;-1;[194, 177, 199, 186];;27.0;0.0;0.0;1.0;0.0;0.0
GUSA7Z_1_1845_205_2357_717;1886;1285;[25, 203, 38, 222];[24, 204, 43, 229];99.0;240.0;0.4489051103591919;1.0;0.02386474609375;0.47950819672131145
GUSA7Z_1_2050_205_2562_717;1887;-1;[348, 0, 361, 9];;66.5;0.0;0.0;1.0;0.0;0.0
GUSA7Z_1_2050_205_2562_717;1888;-1;[493, 110, 509, 124];;103.0;0.0;0.0;1.0;0.0;0.0
GUSA7Z_1_2050_205_2562_717;1889;-1;[124, 321, 141, 336];;111.5;0.0;0.0;1.0;0.0;0.0
GUSA7Z_1_2050_205_2562_717;1890;-1;[301, 459, 323, 475];;165.5;0.0;0.0;1.0;0.0;0.0
GUSA7Z_1_2050_205_2562_717;1891;1403;[368, 484, 397, 510];[372, 484, 397, 509];273.0;400.0;0.607594907283783;1.0;0.275146484375;0.8289124668435013
GUSA7Z_1_2050_205_2562_717;1892;1402;[252, 273, 329, 358];[254, 274, 329, 357];1850.0;1989.0;0.8729081749916077;1.0;0.615234375;0.9511077158135982
GUSA7Z_1_2050_205_2562_717;-1;1404;;[136, 432, 153, 457];0.0;310.0;0.0;;0.0078125;0.0
GUSA7Z_1_2255_205_2767_717;1893;-1;[143, 0, 156, 9];;66.5;0.0;0.0;1.0;0.0;0.0
GUSA7Z_1_2255_205_2767_717;1894;-1;[412, 336, 426, 347];;120.5;0.0;0.0;1.0;0.0;0.0
GUSA7Z_1_2255_205_2767_717;1895;-1;[288, 110, 304, 124];;103.0;0.0;0.0;1.0;0.0;0.0
GUSA7Z_1_2255_205_2767_717;1896;-1;[96, 459, 118, 475];;165.5;0.0;0.0;1.0;0.0;0.0
GUSA7Z_1_2255_205_2767_717;1897;1573;[163, 484, 192, 510];[166, 486, 193, 509];273.0;403.0;0.6092436909675598;1.0;0.2239990234375;0.7696267696267697
GUSA7Z_1_2255_205_2767_717;1898;1571;[422, 317, 446, 344];[416, 318, 453, 349];277.5;724.0;0.40460947155952454;1.0;0.716796875;0.5328778821520068
GUSA7Z_1_2255_205_2767_717;1899;1572;[47, 273, 124, 358];[50, 274, 125, 357];1850.0;1991.0;0.8491321802139282;1.0;0.69287109375;0.9266747133373566
GUSA7Z_1_2460_205_2972_717;1900;-1;[322, 268, 333, 279];;73.0;0.0;0.0;1.0;0.0;0.0
GUSA7Z_1_2460_205_2972_717;1901;-1;[207, 336, 221, 347];;120.5;0.0;0.0;1.0;0.0;0.0
GUSA7Z_1_2460_205_2972_717;1902;-1;[83, 110, 99, 124];;103.0;0.0;0.0;1.0;0.0;0.0
GUSA7Z_1_2460_205_2972_717;1903;1712;[336, 361, 366, 393];[336, 360, 369, 395];416.0;667.0;0.6464924216270447;1.0;0.42822265625;0.8311688311688312
GUSA7Z_1_2460_205_2972_717;1904;1711;[217, 317, 241, 344];[210, 318, 247, 349];277.5;773.0;0.3866666555404663;1.0;0.73388671875;0.5328778821520068
GUSA7Z_1_2665_205_3177_717;1905;-1;[394, 159, 410, 180];;233.5;0.0;0.0;1.0;0.0;0.0
GUSA7Z_1_2665_205_3177_717;1906;-1;[468, 28, 477, 51];;114.5;0.0;0.0;1.0;0.0;0.0
GUSA7Z_1_2665_205_3177_717;1907;-1;[391, 435, 406, 452];;190.5;0.0;0.0;1.0;0.0;0.0
GUSA7Z_1_2665_205_3177_717;1908;-1;[490, 305, 505, 323];;153.5;0.0;0.0;1.0;0.0;0.0
GUSA7Z_1_2665_205_3177_717;1909;-1;[117, 268, 128, 279];;73.0;0.0;0.0;1.0;0.0;0.0
GUSA7Z_1_2665_205_3177_717;1910;-1;[2, 336, 16, 347];;120.5;0.0;0.0;1.0;0.0;0.0
GUSA7Z_1_2665_205_3177_717;1911;1840;[382, 374, 396, 405];[382, 374, 399, 407];344.5;446.0;0.7616161704063416;1.0;0.56005859375;0.7736185383244206
GUSA7Z_1_2665_205_3177_717;1912;1841;[131, 361, 161, 393];[132, 360, 163, 395];416.0;667.0;0.6214382648468018;1.0;0.333740234375;0.8307967770814683
GUSA7Z_1_2665_205_3177_717;1913;1839;[12, 317, 36, 344];[6, 318, 43, 349];277.5;727.0;0.4038216471672058;1.0;0.68603515625;0.5328778821520068
GUSA7Z_1_2870_205_3382_717;1914;-1;[189, 159, 205, 180];;233.5;0.0;0.0;1.0;0.0;0.0
GUSA7Z_1_2870_205_3382_717;1915;-1;[263, 28, 272, 51];;114.5;0.0;0.0;1.0;0.0;0.0
GUSA7Z_1_2870_205_3382_717;1916;-1;[186, 435, 201, 452];;190.5;0.0;0.0;1.0;0.0;0.0
GUSA7Z_1_2870_205_3382_717;1917;-1;[340, 365, 359, 386];;254.0;0.0;0.0;1.0;0.0;0.0
GUSA7Z_1_2870_205_3382_717;1918;-1;[285, 305, 300, 323];;153.5;0.0;0.0;1.0;0.0;0.0
GUSA7Z_1_2870_205_3382_717;1919;-1;[402, 256, 419, 269];;100.0;0.0;0.0;1.0;0.0;0.0
GUSA7Z_1_2870_205_3382_717;1920;-1;[426, 259, 442, 271];;107.0;0.0;0.0;1.0;0.0;0.0
GUSA7Z_1_2870_205_3382_717;1921;-1;[398, 104, 420, 117];;117.5;0.0;0.0;1.0;0.0;0.0
GUSA7Z_1_2870_205_3382_717;1922;-1;[500, 7, 512, 25];;148.5;0.0;0.0;1.0;0.0;0.0
GUSA7Z_1_2870_205_3382_717;1923;1946;[177, 374, 191, 405];[178, 374, 195, 407];344.5;421.0;0.7672955989837646;1.0;0.57177734375;0.6807432432432432
GUSA7Z_1_2870_205_3382_717;1924;1945;[387, 300, 419, 363];[390, 302, 419, 363];1084.0;1114.0;0.8597464561462402;1.0;0.8310546875;0.8774801587301587
GUSA7Z_1_3075_205_3587_717;1925;-1;[58, 28, 67, 51];;114.5;0.0;0.0;1.0;0.0;0.0
GUSA7Z_1_3075_205_3587_717;1926;-1;[135, 365, 154, 386];;254.0;0.0;0.0;1.0;0.0;0.0
GUSA7Z_1_3075_205_3587_717;1927;-1;[80, 305, 95, 323];;153.5;0.0;0.0;1.0;0.0;0.0
GUSA7Z_1_3075_205_3587_717;1928;-1;[197, 256, 214, 269];;100.0;0.0;0.0;1.0;0.0;0.0
GUSA7Z_1_3075_205_3587_717;1929;-1;[221, 259, 237, 271];;107.0;0.0;0.0;1.0;0.0;0.0
GUSA7Z_1_3075_205_3587_717;1930;-1;[324, 221, 336, 235];;81.5;0.0;0.0;1.0;0.0;0.0
GUSA7Z_1_3075_205_3587_717;1931;-1;[193, 104, 215, 117];;117.5;0.0;0.0;1.0;0.0;0.0
GUSA7Z_1_3075_205_3587_717;1932;-1;[295, 7, 308, 25];;157.5;0.0;0.0;1.0;0.0;0.0
GUSA7Z_1_3075_205_3587_717;1933;2033;[353, 462, 417, 512];[362, 464, 419, 511];1237.5;1752.0;0.6694473624229431;1.0;0.012237548828125;0.7847601700060717
GUSA7Z_1_3075_205_3587_717;1934;2031;[182, 300, 214, 363];[186, 302, 215, 363];1084.0;1133.0;0.8606299161911011;1.0;0.82666015625;0.8223399133365431
GUSA7Z_1_3075_205_3587_717;1935;2032;[385, 133, 410, 164];[386, 134, 415, 169];405.0;671.0;0.6068493127822876;1.0;0.75634765625;0.6728971962616822
GUSA7Z_1_3280_205_3792_717;1936;-1;[0, 256, 9, 269];;66.5;0.0;0.0;1.0;0.0;0.0
GUSA7Z_1_3280_205_3792_717;1937;-1;[16, 259, 32, 271];;107.0;0.0;0.0;1.0;0.0;0.0
GUSA7Z_1_3280_205_3792_717;1938;-1;[119, 221, 131, 235];;81.5;0.0;0.0;1.0;0.0;0.0
GUSA7Z_1_3280_205_3792_717;1939;-1;[0, 104, 10, 113];;71.0;0.0;0.0;1.0;0.0;0.0
GUSA7Z_1_3280_205_3792_717;1940;-1;[90, 7, 103, 25];;157.5;0.0;0.0;1.0;0.0;0.0
GUSA7Z_1_3280_205_3792_717;1941;-1;[471, 208, 490, 223];;173.0;0.0;0.0;1.0;0.0;0.0
GUSA7Z_1_3280_205_3792_717;1942;-1;[365, 479, 376, 493];;91.5;0.0;0.0;1.0;0.0;0.0
GUSA7Z_1_3280_205_3792_717;1943;2129;[148, 462, 212, 512];[158, 464, 215, 511];1237.5;1824.0;0.6495209336280823;1.0;0.0313720703125;0.7596527985633044
GUSA7Z_1_3280_205_3792_717;1944;-1;[0, 319, 9, 363];;280.5;0.0;0.0;1.0;0.0;0.0
GUSA7Z_1_3280_205_3792_717;1945;2128;[180, 133, 205, 164];[180, 134, 211, 169];405.0;704.0;0.5847569108009338;1.0;0.76220703125;0.6756756756756757
GUSA7Z_1_3280_205_3792_717;-1;2130;;[182, 494, 211, 511];0.0;314.0;0.0;;0.01214599609375;0.0
GUSA7Z_1_3485_205_3997_717;1946;-1;[306, 155, 319, 184];;198.5;0.0;0.0;1.0;0.0;0.0
GUSA7Z_1_3485_205_3997_717;1947;-1;[266, 208, 285, 223];;173.0;0.0;0.0;1.0;0.0;0.0
GUSA7Z_1_3485_205_3997_717;1948;-1;[422, 228, 438, 236];;86.5;0.0;0.0;1.0;0.0;0.0
GUSA7Z_1_3485_205_3997_717;1949;-1;[394, 264, 407, 275];;82.5;0.0;0.0;1.0;0.0;0.0
GUSA7Z_1_3485_205_3997_717;1950;-1;[160, 479, 171, 493];;91.5;0.0;0.0;1.0;0.0;0.0
GUSA7Z_1_3485_205_3997_717;1951;-1;[0, 470, 7, 504];;129.5;0.0;0.0;1.0;0.0;0.0
GUSA7Z_1_3690_205_4202_717;1952;-1;[456, 364, 474, 375];;103.0;0.0;0.0;1.0;0.0;0.0
GUSA7Z_1_3690_205_4202_717;1953;-1;[101, 155, 114, 184];;198.5;0.0;0.0;1.0;0.0;0.0
GUSA7Z_1_3690_205_4202_717;1954;-1;[457, 364, 474, 376];;133.5;0.0;0.0;1.0;0.0;0.0
GUSA7Z_1_3690_205_4202_717;1955;-1;[328, 372, 342, 385];;95.0;0.0;0.0;1.0;0.0;0.0
GUSA7Z_1_3690_205_4202_717;1956;-1;[61, 208, 80, 223];;173.0;0.0;0.0;1.0;0.0;0.0
GUSA7Z_1_3690_205_4202_717;1957;-1;[217, 228, 233, 236];;86.5;0.0;0.0;1.0;0.0;0.0
GUSA7Z_1_3690_205_4202_717;1958;-1;[189, 264, 202, 275];;82.5;0.0;0.0;1.0;0.0;0.0
GUSA7Z_1_3895_205_4407_717;1959;-1;[422, 231, 433, 246];;66.5;0.0;0.0;1.0;0.0;0.0
GUSA7Z_1_3895_205_4407_717;1960;-1;[251, 364, 269, 375];;103.0;0.0;0.0;1.0;0.0;0.0
GUSA7Z_1_3895_205_4407_717;1961;-1;[252, 364, 269, 376];;133.5;0.0;0.0;1.0;0.0;0.0
GUSA7Z_1_3895_205_4407_717;1962;-1;[123, 372, 137, 385];;95.0;0.0;0.0;1.0;0.0;0.0
GUSA7Z_1_3895_205_4407_717;1963;-1;[12, 228, 28, 236];;86.5;0.0;0.0;1.0;0.0;0.0
GUSA7Z_1_4017_205_4529_717;1964;-1;[300, 231, 311, 246];;66.5;0.0;0.0;1.0;0.0;0.0
GUSA7Z_1_4017_205_4529_717;1965;-1;[129, 364, 147, 375];;103.0;0.0;0.0;1.0;0.0;0.0
GUSA7Z_1_4017_205_4529_717;1966;-1;[130, 364, 147, 376];;133.5;0.0;0.0;1.0;0.0;0.0
GUSA7Z_1_4017_205_4529_717;1967;-1;[1, 372, 15, 385];;95.0;0.0;0.0;1.0;0.0;0.0
GUSA7Z_1_205_410_717_922;1968;-1;[322, 320, 339, 331];;81.0;0.0;0.0;1.0;0.0;0.0
GUSA7Z_1_205_410_717_922;1969;-1;[481, 0, 496, 4];;43.0;0.0;0.0;1.0;0.0;0.0
GUSA7Z_1_410_410_922_922;1970;-1;[117, 320, 134, 331];;81.0;0.0;0.0;1.0;0.0;0.0
GUSA7Z_1_410_410_922_922;1971;-1;[276, 0, 291, 4];;43.0;0.0;0.0;1.0;0.0;0.0
GUSA7Z_1_615_410_1127_922;1972;-1;[71, 0, 86, 4];;43.0;0.0;0.0;1.0;0.0;0.0
GUSA7Z_1_1025_410_1537_922;1973;-1;[366, 288, 373, 311];;116.0;0.0;0.0;1.0;0.0;0.0
GUSA7Z_1_1025_410_1537_922;1974;861;[443, 204, 512, 284];[444, 210, 511, 283];3979.5;3795.0;0.8464891910552979;1.0;0.46484375;0.8860507246376812
GUSA7Z_1_1230_410_1742_922;1975;-1;[161, 288, 168, 311];;116.0;0.0;0.0;1.0;0.0;0.0
GUSA7Z_1_1230_410_1742_922;1976;984;[440, 286, 512, 372];[444, 288, 511, 373];2619.0;2924.0;0.850047767162323;1.0;0.90478515625;0.8991851733503755
GUSA7Z_1_1230_410_1742_922;1977;983;[238, 183, 384, 287];[240, 184, 385, 287];8044.0;8892.0;0.8882626891136169;1.0;0.97021484375;0.9702361483613527
GUSA7Z_1_1230_410_1742_922;1978;985;[428, 0, 512, 85];[428, 2, 511, 85];4035.0;4035.0;0.8400176167488098;1.0;0.039794921875;0.9648459383753502
GUSA7Z_1_1435_410_1947_922;1979;-1;[454, 395, 461, 401];;34.5;0.0;0.0;1.0;0.0;0.0
GUSA7Z_1_1435_410_1947_922;1980;-1;[493, 337, 499, 344];;28.0;0.0;0.0;1.0;0.0;0.0
GUSA7Z_1_1435_410_1947_922;1981;-1;[435, 0, 448, 17];;93.5;0.0;0.0;1.0;0.0;0.0
GUSA7Z_1_1435_410_1947_922;1982;1107;[235, 286, 330, 372];[238, 288, 331, 373];2955.5;3475.0;0.834967315196991;1.0;0.92822265625;0.9258416197436204
GUSA7Z_1_1435_410_1947_922;1983;1106;[33, 183, 179, 287];[34, 184, 179, 287];8044.0;8855.0;0.894748330116272;1.0;0.970703125;0.9836011591148578
GUSA7Z_1_1435_410_1947_922;1984;1108;[223, 0, 318, 85];[224, 2, 317, 85];4140.0;4342.0;0.8673469424247742;1.0;0.26806640625;0.9559133126934984
GUSA7Z_1_1640_410_2152_922;1985;-1;[382, 28, 397, 44];;111.5;0.0;0.0;1.0;0.0;0.0
GUSA7Z_1_1640_410_2152_922;1986;-1;[307, 476, 314, 496];;105.0;0.0;0.0;1.0;0.0;0.0
GUSA7Z_1_1640_410_2152_922;1987;-1;[249, 395, 256, 401];;34.5;0.0;0.0;1.0;0.0;0.0
GUSA7Z_1_1640_410_2152_922;1988;-1;[288, 337, 294, 344];;28.0;0.0;0.0;1.0;0.0;0.0
GUSA7Z_1_1640_410_2152_922;1989;1220;[230, 0, 243, 17];[230, 2, 247, 23];93.5;198.0;0.3888888955116272;1.0;0.01056671142578125;0.5091383812010444
GUSA7Z_1_1640_410_2152_922;1990;-1;[326, 324, 339, 338];;127.5;0.0;0.0;1.0;0.0;0.0
GUSA7Z_1_1640_410_2152_922;1991;1218;[30, 286, 125, 372];[34, 288, 125, 371];2955.5;3252.0;0.8765822649002075;1.0;0.9365234375;0.9244798041615667
GUSA7Z_1_1640_410_2152_922;1992;1219;[18, 0, 113, 85];[20, 2, 113, 85];4140.0;4429.0;0.8553788065910339;1.0;0.356689453125;0.9559133126934984
GUSA7Z_1_1845_410_2357_922;1993;-1;[476, 457, 494, 470];;119.5;0.0;0.0;1.0;0.0;0.0
GUSA7Z_1_1845_410_2357_922;1994;-1;[177, 28, 192, 44];;111.5;0.0;0.0;1.0;0.0;0.0
GUSA7Z_1_1845_410_2357_922;1995;-1;[329, 116, 346, 131];;111.5;0.0;0.0;1.0;0.0;0.0
GUSA7Z_1_1845_410_2357_922;1996;-1;[506, 254, 512, 260];;27.5;0.0;0.0;1.0;0.0;0.0
GUSA7Z_1_1845_410_2357_922;1997;1340;[457, 68, 512, 153];[460, 70, 511, 153];1432.0;1496.0;0.7960674166679382;1.0;0.494140625;0.9054545454545454
GUSA7Z_1_1845_410_2357_922;1998;-1;[102, 476, 109, 496];;105.0;0.0;0.0;1.0;0.0;0.0
GUSA7Z_1_1845_410_2357_922;1999;-1;[44, 395, 51, 401];;34.5;0.0;0.0;1.0;0.0;0.0
GUSA7Z_1_1845_410_2357_922;2000;-1;[83, 337, 89, 344];;28.0;0.0;0.0;1.0;0.0;0.0
GUSA7Z_1_1845_410_2357_922;2001;-1;[25, 0, 38, 17];;93.5;0.0;0.0;1.0;0.0;0.0
GUSA7Z_1_1845_410_2357_922;2002;-1;[121, 324, 134, 338];;127.5;0.0;0.0;1.0;0.0;0.0
GUSA7Z_1_2050_410_2562_922;2003;-1;[271, 457, 289, 470];;119.5;0.0;0.0;1.0;0.0;0.0
GUSA7Z_1_2050_410_2562_922;2004;-1;[124, 116, 141, 131];;111.5;0.0;0.0;1.0;0.0;0.0
GUSA7Z_1_2050_410_2562_922;2005;-1;[301, 254, 323, 270];;165.5;0.0;0.0;1.0;0.0;0.0
GUSA7Z_1_2050_410_2562_922;2006;-1;[439, 332, 452, 350];;172.5;0.0;0.0;1.0;0.0;0.0
GUSA7Z_1_2050_410_2562_922;2007;-1;[377, 425, 401, 446];;235.0;0.0;0.0;1.0;0.0;0.0
GUSA7Z_1_2050_410_2562_922;2008;-1;[381, 503, 391, 512];;61.5;0.0;0.0;1.0;0.0;0.0
GUSA7Z_1_2050_410_2562_922;2009;1459;[433, 457, 451, 475];[434, 458, 451, 477];210.5;227.0;0.7971014380455017;1.0;0.048126220703125;0.8072625698324022
GUSA7Z_1_2050_410_2562_922;2010;1458;[368, 279, 397, 305];[370, 280, 397, 305];273.0;407.0;0.6313559412956238;1.0;0.3701171875;0.8952254641909815
GUSA7Z_1_2050_410_2562_922;2011;1457;[252, 68, 329, 153];[254, 70, 329, 153];1850.0;1907.0;0.8770151734352112;1.0;0.64599609375;0.9511077158135982
GUSA7Z_1_2050_410_2562_922;-1;1460;;[136, 228, 153, 253];0.0;283.0;0.0;;0.007694244384765625;0.0
GUSA7Z_1_2255_410_2767_922;2012;-1;[66, 457, 84, 470];;119.5;0.0;0.0;1.0;0.0;0.0
GUSA7Z_1_2255_410_2767_922;2013;-1;[412, 131, 426, 142];;120.5;0.0;0.0;1.0;0.0;0.0
GUSA7Z_1_2255_410_2767_922;2014;-1;[96, 254, 118, 270];;165.5;0.0;0.0;1.0;0.0;0.0
GUSA7Z_1_2255_410_2767_922;2015;-1;[234, 332, 247, 350];;172.5;0.0;0.0;1.0;0.0;0.0
GUSA7Z_1_2255_410_2767_922;2016;-1;[172, 425, 196, 446];;235.0;0.0;0.0;1.0;0.0;0.0
GUSA7Z_1_2255_410_2767_922;2017;-1;[176, 503, 186, 512];;61.5;0.0;0.0;1.0;0.0;0.0
GUSA7Z_1_2255_410_2767_922;2018;1637;[228, 457, 246, 475];[228, 458, 247, 475];210.5;230.0;0.798561155796051;1.0;0.09844970703125;0.8973607038123167
GUSA7Z_1_2255_410_2767_922;2019;1633;[451, 354, 512, 465];[454, 356, 511, 463];3168.0;3090.0;0.8976218104362488;1.0;0.880859375;0.900753212228622
GUSA7Z_1_2255_410_2767_922;2020;1636;[163, 279, 192, 305];[166, 280, 193, 305];273.0;419.0;0.6123711466789246;1.0;0.388671875;0.834403080872914
GUSA7Z_1_2255_410_2767_922;2021;1635;[422, 112, 446, 139];[414, 112, 451, 143];277.5;754.0;0.3958076536655426;1.0;0.74755859375;0.5649520488230165
GUSA7Z_1_2255_410_2767_922;2022;1634;[47, 68, 124, 153];[50, 70, 125, 153];1850.0;1889.0;0.8607536554336548;1.0;0.80322265625;0.9266747133373566
GUSA7Z_1_2460_410_2972_922;2023;-1;[476, 375, 483, 386];;41.5;0.0;0.0;1.0;0.0;0.0
GUSA7Z_1_2460_410_2972_922;2024;-1;[322, 63, 333, 74];;73.0;0.0;0.0;1.0;0.0;0.0
GUSA7Z_1_2460_410_2972_922;2025;-1;[207, 131, 221, 142];;120.5;0.0;0.0;1.0;0.0;0.0
GUSA7Z_1_2460_410_2972_922;2026;-1;[29, 332, 42, 350];;172.5;0.0;0.0;1.0;0.0;0.0
GUSA7Z_1_2460_410_2972_922;2027;1766;[23, 457, 41, 475];[24, 460, 41, 475];210.5;206.0;0.7372262477874756;1.0;0.1859130859375;0.7870370370370371
GUSA7Z_1_2460_410_2972_922;2028;1763;[428, 373, 448, 407];[430, 374, 451, 411];457.5;563.0;0.7344720363616943;1.0;0.7705078125;0.6882966396292005
GUSA7Z_1_2460_410_2972_922;2029;1762;[246, 354, 325, 465];[250, 356, 325, 463];3486.5;3476.0;0.8967574834823608;1.0;0.94482421875;0.915155661991105
GUSA7Z_1_2460_410_2972_922;2030;1765;[336, 156, 366, 188];[336, 156, 369, 189];416.0;651.0;0.6615168452262878;1.0;0.3583984375;0.8815426997245179
GUSA7Z_1_2460_410_2972_922;2031;1764;[217, 112, 241, 139];[210, 112, 247, 143];277.5;744.0;0.4010024964809418;1.0;0.73876953125;0.5649520488230165
GUSA7Z_1_2665_410_3177_922;2032;-1;[391, 230, 406, 247];;190.5;0.0;0.0;1.0;0.0;0.0
GUSA7Z_1_2665_410_3177_922;2033;-1;[494, 367, 512, 380];;77.5;0.0;0.0;1.0;0.0;0.0
GUSA7Z_1_2665_410_3177_922;2034;-1;[490, 100, 505, 118];;153.5;0.0;0.0;1.0;0.0;0.0
GUSA7Z_1_2665_410_3177_922;2035;-1;[338, 341, 350, 358];;93.0;0.0;0.0;1.0;0.0;0.0
GUSA7Z_1_2665_410_3177_922;2036;-1;[271, 375, 278, 386];;41.5;0.0;0.0;1.0;0.0;0.0
GUSA7Z_1_2665_410_3177_922;2037;-1;[117, 63, 128, 74];;73.0;0.0;0.0;1.0;0.0;0.0
GUSA7Z_1_2665_410_3177_922;2038;-1;[2, 131, 16, 142];;120.5;0.0;0.0;1.0;0.0;0.0
GUSA7Z_1_2665_410_3177_922;2039;1886;[223, 373, 243, 407];[224, 374, 245, 411];457.5;588.0;0.7446483373641968;1.0;0.75341796875;0.755421686746988
GUSA7Z_1_2665_410_3177_922;2040;1884;[41, 354, 120, 465];[44, 356, 119, 463];3486.5;3442.0;0.9046621322631836;1.0;0.9521484375;0.915155661991105
GUSA7Z_1_2665_410_3177_922;2041;1887;[382, 169, 396, 200];[382, 168, 399, 203];344.5;442.0;0.7766393423080444;1.0;0.60595703125;0.7294117647058823
GUSA7Z_1_2665_410_3177_922;2042;1888;[131, 156, 161, 188];[132, 156, 163, 189];416.0;630.0;0.640625;1.0;0.244384765625;0.8796208530805687
GUSA7Z_1_2665_410_3177_922;2043;1885;[12, 112, 36, 139];[6, 112, 41, 143];277.5;722.0;0.41472867131233215;1.0;0.78515625;0.5972350230414747
GUSA7Z_1_2870_410_3382_922;2044;-1;[186, 230, 201, 247];;190.5;0.0;0.0;1.0;0.0;0.0
GUSA7Z_1_2870_410_3382_922;2045;-1;[289, 367, 309, 380];;87.0;0.0;0.0;1.0;0.0;0.0
GUSA7Z_1_2870_410_3382_922;2046;-1;[340, 160, 359, 181];;254.0;0.0;0.0;1.0;0.0;0.0
GUSA7Z_1_2870_410_3382_922;2047;-1;[285, 100, 300, 118];;153.5;0.0;0.0;1.0;0.0;0.0
GUSA7Z_1_2870_410_3382_922;2048;-1;[402, 51, 419, 64];;100.0;0.0;0.0;1.0;0.0;0.0
GUSA7Z_1_2870_410_3382_922;2049;-1;[426, 54, 442, 66];;107.0;0.0;0.0;1.0;0.0;0.0
GUSA7Z_1_2870_410_3382_922;2050;-1;[473, 335, 489, 350];;146.0;0.0;0.0;1.0;0.0;0.0
GUSA7Z_1_2870_410_3382_922;2051;-1;[133, 341, 145, 358];;93.0;0.0;0.0;1.0;0.0;0.0
GUSA7Z_1_2870_410_3382_922;2052;-1;[66, 375, 73, 386];;41.5;0.0;0.0;1.0;0.0;0.0
GUSA7Z_1_2870_410_3382_922;2053;1982;[314, 416, 333, 447];[314, 424, 333, 449];253.5;287.0;0.6399999856948853;1.0;0.0838623046875;0.696969696969697
GUSA7Z_1_2870_410_3382_922;2054;1980;[18, 373, 38, 407];[18, 374, 41, 411];457.5;634.0;0.7274052500724792;1.0;0.75341796875;0.7577497129735936
GUSA7Z_1_2870_410_3382_922;2055;1981;[177, 169, 191, 200];[178, 168, 195, 201];344.5;418.0;0.7770700454711914;1.0;0.52734375;0.6807432432432432
GUSA7Z_1_2870_410_3382_922;2056;1979;[387, 95, 419, 158];[390, 98, 419, 157];1084.0;1098.0;0.8565737009048462;1.0;0.84375;0.8487103174603174
GUSA7Z_1_3075_410_3587_922;2057;-1;[84, 367, 104, 380];;87.0;0.0;0.0;1.0;0.0;0.0
GUSA7Z_1_3075_410_3587_922;2058;-1;[135, 160, 154, 181];;254.0;0.0;0.0;1.0;0.0;0.0
GUSA7Z_1_3075_410_3587_922;2059;-1;[80, 100, 95, 118];;153.5;0.0;0.0;1.0;0.0;0.0
GUSA7Z_1_3075_410_3587_922;2060;-1;[197, 51, 214, 64];;100.0;0.0;0.0;1.0;0.0;0.0
GUSA7Z_1_3075_410_3587_922;2061;-1;[221, 54, 237, 66];;107.0;0.0;0.0;1.0;0.0;0.0
GUSA7Z_1_3075_410_3587_922;2062;-1;[324, 16, 336, 30];;81.5;0.0;0.0;1.0;0.0;0.0
GUSA7Z_1_3075_410_3587_922;2063;-1;[435, 440, 448, 462];;169.5;0.0;0.0;1.0;0.0;0.0
GUSA7Z_1_3075_410_3587_922;2064;-1;[322, 435, 336, 448];;86.5;0.0;0.0;1.0;0.0;0.0
GUSA7Z_1_3075_410_3587_922;2065;-1;[319, 417, 340, 438];;277.5;0.0;0.0;1.0;0.0;0.0
GUSA7Z_1_3075_410_3587_922;2066;-1;[268, 335, 284, 350];;146.0;0.0;0.0;1.0;0.0;0.0
GUSA7Z_1_3075_410_3587_922;2067;2083;[109, 416, 128, 447];[110, 422, 129, 449];253.5;306.0;0.6701570749282837;1.0;0.08270263671875;0.6901840490797546
GUSA7Z_1_3075_410_3587_922;2068;2082;[340, 257, 417, 312];[348, 260, 419, 313];1273.5;1891.0;0.649394690990448;1.0;0.1842041015625;0.8136054421768707
GUSA7Z_1_3075_410_3587_922;2069;2081;[182, 95, 214, 158];[186, 98, 215, 157];1084.0;1084.0;0.8738884329795837;1.0;0.81640625;0.796144578313253
GUSA7Z_1_3280_410_3792_922;2070;-1;[0, 51, 9, 64];;66.5;0.0;0.0;1.0;0.0;0.0
GUSA7Z_1_3280_410_3792_922;2071;-1;[16, 54, 32, 66];;107.0;0.0;0.0;1.0;0.0;0.0
GUSA7Z_1_3280_410_3792_922;2072;-1;[119, 16, 131, 30];;81.5;0.0;0.0;1.0;0.0;0.0
GUSA7Z_1_3280_410_3792_922;2073;-1;[230, 440, 243, 462];;169.5;0.0;0.0;1.0;0.0;0.0
GUSA7Z_1_3280_410_3792_922;2074;-1;[117, 435, 131, 448];;86.5;0.0;0.0;1.0;0.0;0.0
GUSA7Z_1_3280_410_3792_922;2075;-1;[114, 417, 135, 438];;277.5;0.0;0.0;1.0;0.0;0.0
GUSA7Z_1_3280_410_3792_922;2076;-1;[63, 335, 79, 350];;146.0;0.0;0.0;1.0;0.0;0.0
GUSA7Z_1_3280_410_3792_922;2077;-1;[471, 3, 490, 18];;173.0;0.0;0.0;1.0;0.0;0.0
GUSA7Z_1_3280_410_3792_922;2078;-1;[365, 274, 376, 288];;91.5;0.0;0.0;1.0;0.0;0.0
GUSA7Z_1_3280_410_3792_922;2079;-1;[405, 319, 422, 330];;139.5;0.0;0.0;1.0;0.0;0.0
GUSA7Z_1_3280_410_3792_922;2080;2174;[135, 257, 212, 312];[142, 258, 215, 313];1273.5;2078.0;0.6137589812278748;1.0;0.2281494140625;0.8456375838926175
GUSA7Z_1_3280_410_3792_922;2081;-1;[0, 114, 9, 158];;280.5;0.0;0.0;1.0;0.0;0.0
GUSA7Z_1_3485_410_3997_922;2082;-1;[25, 440, 38, 462];;169.5;0.0;0.0;1.0;0.0;0.0
GUSA7Z_1_3485_410_3997_922;2083;-1;[266, 3, 285, 18];;173.0;0.0;0.0;1.0;0.0;0.0
GUSA7Z_1_3485_410_3997_922;2084;-1;[422, 23, 438, 31];;86.5;0.0;0.0;1.0;0.0;0.0
GUSA7Z_1_3485_410_3997_922;2085;-1;[394, 59, 407, 70];;82.5;0.0;0.0;1.0;0.0;0.0
GUSA7Z_1_3485_410_3997_922;2086;-1;[160, 274, 171, 288];;91.5;0.0;0.0;1.0;0.0;0.0
GUSA7Z_1_3485_410_3997_922;2087;-1;[200, 319, 217, 330];;139.5;0.0;0.0;1.0;0.0;0.0
GUSA7Z_1_3485_410_3997_922;2088;-1;[0, 265, 7, 299];;129.5;0.0;0.0;1.0;0.0;0.0
GUSA7Z_1_3690_410_4202_922;2089;-1;[456, 159, 474, 170];;103.0;0.0;0.0;1.0;0.0;0.0
GUSA7Z_1_3690_410_4202_922;2090;-1;[457, 159, 474, 171];;133.5;0.0;0.0;1.0;0.0;0.0
GUSA7Z_1_3690_410_4202_922;2091;-1;[328, 167, 342, 180];;95.0;0.0;0.0;1.0;0.0;0.0
GUSA7Z_1_3690_410_4202_922;2092;-1;[61, 3, 80, 18];;173.0;0.0;0.0;1.0;0.0;0.0
GUSA7Z_1_3690_410_4202_922;2093;-1;[217, 23, 233, 31];;86.5;0.0;0.0;1.0;0.0;0.0
GUSA7Z_1_3690_410_4202_922;2094;-1;[189, 59, 202, 70];;82.5;0.0;0.0;1.0;0.0;0.0
GUSA7Z_1_3690_410_4202_922;2095;2278;[313, 373, 340, 389];[314, 372, 343, 391];247.0;382.0;0.6611374616622925;1.0;0.435791015625;0.7336860670194003
GUSA7Z_1_3690_410_4202_922;2096;-1;[0, 319, 12, 330];;107.0;0.0;0.0;1.0;0.0;0.0
GUSA7Z_1_3895_410_4407_922;2097;-1;[422, 26, 433, 41];;66.5;0.0;0.0;1.0;0.0;0.0
GUSA7Z_1_3895_410_4407_922;2098;-1;[251, 159, 269, 170];;103.0;0.0;0.0;1.0;0.0;0.0
GUSA7Z_1_3895_410_4407_922;2099;-1;[252, 159, 269, 171];;133.5;0.0;0.0;1.0;0.0;0.0
GUSA7Z_1_3895_410_4407_922;2100;-1;[123, 167, 137, 180];;95.0;0.0;0.0;1.0;0.0;0.0
GUSA7Z_1_3895_410_4407_922;2101;-1;[12, 23, 28, 31];;86.5;0.0;0.0;1.0;0.0;0.0
GUSA7Z_1_3895_410_4407_922;2102;2302;[108, 373, 135, 389];[108, 372, 139, 391];247.0;395.0;0.6474654674530029;1.0;0.470703125;0.733446519524618
GUSA7Z_1_4017_410_4529_922;2103;-1;[300, 26, 311, 41];;66.5;0.0;0.0;1.0;0.0;0.0
GUSA7Z_1_4017_410_4529_922;2104;-1;[129, 159, 147, 170];;103.0;0.0;0.0;1.0;0.0;0.0
GUSA7Z_1_4017_410_4529_922;2105;-1;[130, 159, 147, 171];;133.5;0.0;0.0;1.0;0.0;0.0
GUSA7Z_1_4017_410_4529_922;2106;-1;[1, 167, 15, 180];;95.0;0.0;0.0;1.0;0.0;0.0
GUSA7Z_1_4017_410_4529_922;2107;-1;[0, 373, 13, 389];;129.5;0.0;0.0;1.0;0.0;0.0
GUSA7Z_1_205_615_717_1127;2108;-1;[322, 115, 339, 126];;81.0;0.0;0.0;1.0;0.0;0.0
GUSA7Z_1_410_615_922_1127;2109;-1;[117, 115, 134, 126];;81.0;0.0;0.0;1.0;0.0;0.0
GUSA7Z_1_410_615_922_1127;2110;-1;[429, 494, 451, 512];;199.5;0.0;0.0;1.0;0.0;0.0
GUSA7Z_1_615_615_1127_1127;2111;-1;[224, 494, 246, 512];;199.5;0.0;0.0;1.0;0.0;0.0
GUSA7Z_1_615_615_1127_1127;2112;2479;[461, 371, 503, 391];[460, 370, 507, 395];473.0;831.0;0.5450597405433655;1.0;0.7958984375;0.7148936170212766
GUSA7Z_1_820_615_1332_1127;2113;-1;[397, 308, 416, 318];;80.0;0.0;0.0;1.0;0.0;0.0
GUSA7Z_1_820_615_1332_1127;2114;-1;[19, 494, 41, 512];;199.5;0.0;0.0;1.0;0.0;0.0
GUSA7Z_1_820_615_1332_1127;2115;2588;[256, 371, 298, 391];[256, 370, 301, 395];473.0;786.0;0.571753978729248;1.0;0.77880859375;0.7466666666666667
GUSA7Z_1_1025_615_1537_1127;2116;-1;[192, 308, 211, 318];;80.0;0.0;0.0;1.0;0.0;0.0
GUSA7Z_1_1025_615_1537_1127;2117;-1;[366, 83, 373, 106];;116.0;0.0;0.0;1.0;0.0;0.0
GUSA7Z_1_1025_615_1537_1127;2118;867;[339, 450, 434, 512];[338, 450, 447, 511];2505.0;3623.0;0.6724048256874084;1.0;0.7607421875;0.859282325029656
GUSA7Z_1_1025_615_1537_1127;2119;866;[51, 371, 93, 391];[50, 370, 97, 395];473.0;816.0;0.5559247136116028;1.0;0.81884765625;0.7148936170212766
GUSA7Z_1_1025_615_1537_1127;2120;-1;[491, 366, 512, 399];;309.0;0.0;0.0;1.0;0.0;0.0
GUSA7Z_1_1025_615_1537_1127;2121;868;[443, 0, 512, 79];[444, 4, 511, 77];3977.5;3749.0;0.8358209133148193;1.0;0.482421875;0.8972665565951201
GUSA7Z_1_1230_615_1742_1127;2122;-1;[0, 308, 6, 314];;23.0;0.0;0.0;1.0;0.0;0.0
GUSA7Z_1_1230_615_1742_1127;2123;-1;[161, 83, 168, 106];;116.0;0.0;0.0;1.0;0.0;0.0
GUSA7Z_1_1230_615_1742_1127;2124;1001;[134, 450, 229, 512];[134, 450, 241, 511];2505.0;3662.0;0.6616851091384888;1.0;0.75634765625;0.8751132588341891
GUSA7Z_1_1230_615_1742_1127;2125;1002;[286, 365, 337, 399];[300, 364, 341, 385];900.5;612.0;0.4913557767868042;1.0;0.310791015625;0.39892183288409705
GUSA7Z_1_1230_615_1742_1127;2126;1000;[440, 81, 512, 167];[444, 84, 511, 167];2619.0;2835.0;0.8552929759025574;1.0;0.90283203125;0.898094315245478
GUSA7Z_1_1230_615_1742_1127;2127;999;[238, 0, 372, 82];[240, 2, 375, 81];7410.0;7883.0;0.8785347938537598;1.0;0.92529296875;0.9289977728285078
GUSA7Z_1_1435_615_1947_1127;2128;-1;[454, 190, 461, 196];;34.5;0.0;0.0;1.0;0.0;0.0
GUSA7Z_1_1435_615_1947_1127;2129;-1;[493, 132, 499, 139];;28.0;0.0;0.0;1.0;0.0;0.0
GUSA7Z_1_1435_615_1947_1127;2130;-1;[0, 480, 24, 512];;332.5;0.0;0.0;1.0;0.0;0.0
GUSA7Z_1_1435_615_1947_1127;2131;1122;[81, 365, 132, 399];[96, 364, 135, 385];900.5;584.0;0.4884152114391327;1.0;0.363037109375;0.39279869067103107
GUSA7Z_1_1435_615_1947_1127;2132;1121;[364, 314, 512, 494];[366, 318, 511, 495];4902.0;6649.0;0.7490407824516296;1.0;0.9208984375;0.9527720739219713
GUSA7Z_1_1435_615_1947_1127;2133;1120;[235, 81, 330, 167];[238, 84, 331, 167];2955.5;3411.0;0.84918212890625;1.0;0.94140625;0.9252393069186963
GUSA7Z_1_1435_615_1947_1127;2134;1119;[33, 0, 167, 82];[34, 2, 169, 81];7410.0;7917.0;0.884918749332428;1.0;0.94482421875;0.9426700161492912
GUSA7Z_1_1640_615_2152_1127;2135;-1;[390, 355, 403, 371];;89.0;0.0;0.0;1.0;0.0;0.0
GUSA7Z_1_1640_615_2152_1127;2136;-1;[307, 271, 314, 291];;105.0;0.0;0.0;1.0;0.0;0.0
GUSA7Z_1_1640_615_2152_1127;2137;-1;[249, 190, 256, 196];;34.5;0.0;0.0;1.0;0.0;0.0
GUSA7Z_1_1640_615_2152_1127;2138;-1;[288, 132, 294, 139];;28.0;0.0;0.0;1.0;0.0;0.0
GUSA7Z_1_1640_615_2152_1127;2139;1226;[159, 314, 316, 494];[162, 318, 317, 495];5027.5;6495.0;0.7837485671043396;1.0;0.9482421875;0.9479906264209017
GUSA7Z_1_1640_615_2152_1127;2140;-1;[326, 119, 339, 133];;127.5;0.0;0.0;1.0;0.0;0.0
GUSA7Z_1_1640_615_2152_1127;2141;1227;[30, 81, 125, 167];[34, 84, 125, 167];2955.5;3198.0;0.8785589933395386;1.0;0.93798828125;0.9244798041615667
GUSA7Z_1_1845_615_2357_1127;2142;-1;[476, 252, 494, 265];;119.5;0.0;0.0;1.0;0.0;0.0
GUSA7Z_1_1845_615_2357_1127;2143;-1;[457, 312, 479, 332];;146.0;0.0;0.0;1.0;0.0;0.0
GUSA7Z_1_1845_615_2357_1127;2144;-1;[306, 411, 327, 426];;202.5;0.0;0.0;1.0;0.0;0.0
GUSA7Z_1_1845_615_2357_1127;2145;-1;[506, 49, 512, 55];;27.5;0.0;0.0;1.0;0.0;0.0
GUSA7Z_1_1845_615_2357_1127;2146;-1;[185, 355, 198, 371];;89.0;0.0;0.0;1.0;0.0;0.0
GUSA7Z_1_1845_615_2357_1127;2147;-1;[102, 271, 109, 291];;105.0;0.0;0.0;1.0;0.0;0.0
GUSA7Z_1_1845_615_2357_1127;2148;-1;[44, 190, 51, 196];;34.5;0.0;0.0;1.0;0.0;0.0
GUSA7Z_1_1845_615_2357_1127;2149;-1;[83, 132, 89, 139];;28.0;0.0;0.0;1.0;0.0;0.0
GUSA7Z_1_1845_615_2357_1127;2150;1350;[0, 314, 111, 494];[0, 396, 111, 493];4715.0;4988.0;0.8476070761680603;1.0;0.63330078125;0.5388888888888889
GUSA7Z_1_1845_615_2357_1127;2151;-1;[121, 119, 134, 133];;127.5;0.0;0.0;1.0;0.0;0.0
GUSA7Z_1_1845_615_2357_1127;-1;1351;;[340, 24, 357, 47];0.0;290.0;0.0;;0.005039215087890625;0.0
GUSA7Z_1_2050_615_2562_1127;2152;-1;[271, 252, 289, 265];;119.5;0.0;0.0;1.0;0.0;0.0
GUSA7Z_1_2050_615_2562_1127;2153;-1;[252, 312, 274, 332];;146.0;0.0;0.0;1.0;0.0;0.0
GUSA7Z_1_2050_615_2562_1127;2154;-1;[101, 411, 122, 426];;202.5;0.0;0.0;1.0;0.0;0.0
GUSA7Z_1_2050_615_2562_1127;2155;-1;[301, 49, 323, 65];;165.5;0.0;0.0;1.0;0.0;0.0
GUSA7Z_1_2050_615_2562_1127;2156;-1;[439, 127, 452, 145];;172.5;0.0;0.0;1.0;0.0;0.0
GUSA7Z_1_2050_615_2562_1127;2157;-1;[377, 220, 401, 241];;235.0;0.0;0.0;1.0;0.0;0.0
GUSA7Z_1_2050_615_2562_1127;2158;-1;[330, 334, 347, 348];;124.0;0.0;0.0;1.0;0.0;0.0
GUSA7Z_1_2050_615_2562_1127;2159;-1;[380, 298, 395, 315];;144.5;0.0;0.0;1.0;0.0;0.0
GUSA7Z_1_2050_615_2562_1127;2160;1473;[331, 430, 504, 512];[334, 432, 505, 511];8719.0;8605.0;0.9377584457397461;1.0;0.767578125;0.9414651244304241
GUSA7Z_1_2050_615_2562_1127;2161;1475;[433, 252, 451, 270];[434, 254, 451, 271];210.5;219.0;0.759856641292572;1.0;0.031982421875;0.7976539589442815
GUSA7Z_1_2050_615_2562_1127;2162;1474;[368, 74, 397, 100];[370, 74, 397, 101];273.0;409.0;0.6495726704597473;1.0;0.29248046875;0.8988476312419974
GUSA7Z_1_2255_615_2767_1127;2163;-1;[66, 252, 84, 265];;119.5;0.0;0.0;1.0;0.0;0.0
GUSA7Z_1_2255_615_2767_1127;2164;-1;[47, 312, 69, 332];;146.0;0.0;0.0;1.0;0.0;0.0
GUSA7Z_1_2255_615_2767_1127;2165;-1;[96, 49, 118, 65];;165.5;0.0;0.0;1.0;0.0;0.0
GUSA7Z_1_2255_615_2767_1127;2166;-1;[234, 127, 247, 145];;172.5;0.0;0.0;1.0;0.0;0.0
GUSA7Z_1_2255_615_2767_1127;2167;-1;[172, 220, 196, 241];;235.0;0.0;0.0;1.0;0.0;0.0
GUSA7Z_1_2255_615_2767_1127;2168;-1;[125, 334, 142, 348];;124.0;0.0;0.0;1.0;0.0;0.0
GUSA7Z_1_2255_615_2767_1127;2169;-1;[175, 298, 190, 315];;144.5;0.0;0.0;1.0;0.0;0.0
GUSA7Z_1_2255_615_2767_1127;2170;-1;[301, 408, 333, 418];;203.5;0.0;0.0;1.0;0.0;0.0
GUSA7Z_1_2255_615_2767_1127;2171;1657;[126, 430, 299, 512];[130, 432, 299, 511];8719.0;8587.0;0.9405476450920105;1.0;0.5498046875;0.9411391512759059
GUSA7Z_1_2255_615_2767_1127;2172;1659;[228, 252, 246, 270];[228, 254, 247, 271];210.5;226.0;0.7769784331321716;1.0;0.026153564453125;0.8022284122562674
GUSA7Z_1_2255_615_2767_1127;2173;1656;[451, 149, 512, 260];[454, 152, 511, 257];3168.0;3012.0;0.8845144510269165;1.0;0.82568359375;0.8839167035888348
GUSA7Z_1_2255_615_2767_1127;2174;1658;[163, 74, 192, 100];[166, 74, 193, 101];273.0;396.0;0.5991561412811279;1.0;0.341552734375;0.8376703841387856
GUSA7Z_1_2460_615_2972_1127;2175;-1;[476, 170, 483, 181];;41.5;0.0;0.0;1.0;0.0;0.0
GUSA7Z_1_2460_615_2972_1127;2176;-1;[29, 127, 42, 145];;172.5;0.0;0.0;1.0;0.0;0.0
GUSA7Z_1_2460_615_2972_1127;2177;-1;[96, 408, 128, 418];;203.5;0.0;0.0;1.0;0.0;0.0
GUSA7Z_1_2460_615_2972_1127;2178;-1;[0, 441, 94, 512];;5616.0;0.0;0.0;1.0;0.0;0.0
GUSA7Z_1_2460_615_2972_1127;2179;1781;[372, 342, 444, 420];[374, 344, 443, 419];2475.0;2722.0;0.8641806244850159;1.0;0.91845703125;0.9214743589743589
GUSA7Z_1_2460_615_2972_1127;2180;1783;[23, 252, 41, 270];[24, 254, 41, 271];210.5;219.0;0.759856641292572;1.0;0.1143798828125;0.7976539589442815
GUSA7Z_1_2460_615_2972_1127;2181;1782;[428, 168, 448, 202];[430, 168, 451, 205];457.5;572.0;0.7457098364830017;1.0;0.7646484375;0.7242603550295857
GUSA7Z_1_2460_615_2972_1127;2182;1780;[246, 149, 325, 260];[250, 152, 325, 257];3486.5;3398.0;0.9008155465126038;1.0;0.93603515625;0.89804994868286
GUSA7Z_1_2665_615_3177_1127;2183;-1;[391, 25, 406, 42];;190.5;0.0;0.0;1.0;0.0;0.0
GUSA7Z_1_2665_615_3177_1127;2184;-1;[494, 162, 512, 175];;77.5;0.0;0.0;1.0;0.0;0.0
GUSA7Z_1_2665_615_3177_1127;2185;-1;[338, 136, 350, 153];;93.0;0.0;0.0;1.0;0.0;0.0
GUSA7Z_1_2665_615_3177_1127;2186;-1;[271, 170, 278, 181];;41.5;0.0;0.0;1.0;0.0;0.0
GUSA7Z_1_2665_615_3177_1127;2187;1892;[167, 342, 239, 420];[170, 344, 239, 419];2475.0;2746.0;0.8451939225196838;1.0;0.888671875;0.9214743589743589
GUSA7Z_1_2665_615_3177_1127;2188;1893;[223, 168, 243, 202];[224, 168, 245, 207];457.5;594.0;0.7507645487785339;1.0;0.75634765625;0.757327080890973
GUSA7Z_1_2665_615_3177_1127;2189;1891;[41, 149, 120, 260];[44, 152, 119, 257];3486.5;3455.0;0.9005481600761414;1.0;0.9482421875;0.89804994868286
GUSA7Z_1_2665_615_3177_1127;-1;1894;;[336, 376, 355, 413];0.0;492.0;0.0;;0.023956298828125;0.0
GUSA7Z_1_2870_615_3382_1127;2190;-1;[186, 25, 201, 42];;190.5;0.0;0.0;1.0;0.0;0.0
GUSA7Z_1_2870_615_3382_1127;2191;-1;[289, 162, 309, 175];;87.0;0.0;0.0;1.0;0.0;0.0
GUSA7Z_1_2870_615_3382_1127;2192;-1;[473, 130, 489, 145];;146.0;0.0;0.0;1.0;0.0;0.0
GUSA7Z_1_2870_615_3382_1127;2193;-1;[133, 136, 145, 153];;93.0;0.0;0.0;1.0;0.0;0.0
GUSA7Z_1_2870_615_3382_1127;2194;-1;[66, 170, 73, 181];;41.5;0.0;0.0;1.0;0.0;0.0
GUSA7Z_1_2870_615_3382_1127;2195;1991;[417, 439, 439, 450];[416, 436, 443, 453];105.5;295.0;0.41033434867858887;1.0;0.00812530517578125;0.5272331154684096
GUSA7Z_1_2870_615_3382_1127;2196;1988;[468, 399, 501, 434];[468, 400, 505, 437];389.0;855.0;0.49508196115493774;1.0;0.69921875;0.8002853067047075
GUSA7Z_1_2870_615_3382_1127;2197;1990;[0, 368, 34, 410];[2, 370, 35, 409];806.5;854.0;0.7374030947685242;1.0;0.008544921875;0.8507157464212679
GUSA7Z_1_2870_615_3382_1127;2198;1989;[314, 211, 333, 242];[314, 218, 335, 245];253.5;305.0;0.6790450811386108;1.0;0.049774169921875;0.6514285714285715
GUSA7Z_1_2870_615_3382_1127;2199;1987;[18, 168, 38, 202];[18, 168, 41, 207];457.5;639.0;0.7311046719551086;1.0;0.7578125;0.758082497212932
GUSA7Z_1_2870_615_3382_1127;-1;1992;;[130, 376, 151, 413];0.0;525.0;0.0;;0.007122039794921875;0.0
GUSA7Z_1_3075_615_3587_1127;2200;-1;[84, 162, 104, 175];;87.0;0.0;0.0;1.0;0.0;0.0
GUSA7Z_1_3075_615_3587_1127;2201;-1;[435, 235, 448, 257];;169.5;0.0;0.0;1.0;0.0;0.0
GUSA7Z_1_3075_615_3587_1127;2202;-1;[322, 230, 336, 243];;86.5;0.0;0.0;1.0;0.0;0.0
GUSA7Z_1_3075_615_3587_1127;2203;2093;[319, 212, 340, 233];[320, 214, 339, 245];277.5;387.0;0.46918490529060364;1.0;0.00582122802734375;0.5396113602391629
GUSA7Z_1_3075_615_3587_1127;2204;2088;[463, 375, 482, 402];[464, 376, 485, 401];313.0;335.0;0.8055555820465088;1.0;0.2861328125;0.7653061224489796
GUSA7Z_1_3075_615_3587_1127;2205;-1;[268, 130, 284, 145];;146.0;0.0;0.0;1.0;0.0;0.0
GUSA7Z_1_3075_615_3587_1127;2206;2092;[212, 439, 234, 450];[212, 436, 237, 453];105.5;273.0;0.43225806951522827;1.0;0.0177154541015625;0.5694117647058824
GUSA7Z_1_3075_615_3587_1127;2207;2087;[263, 399, 296, 434];[262, 400, 299, 437];389.0;822.0;0.5107102394104004;1.0;0.7041015625;0.8002853067047075
GUSA7Z_1_3075_615_3587_1127;2208;2090;[332, 318, 351, 339];[332, 320, 353, 347];217.5;310.0;0.5306122303009033;1.0;0.1859130859375;0.596694214876033
GUSA7Z_1_3075_615_3587_1127;2209;2091;[109, 211, 128, 242];[110, 216, 129, 245];253.5;317.0;0.6726804375648499;1.0;0.0305633544921875;0.6964285714285714
GUSA7Z_1_3075_615_3587_1127;2210;2089;[340, 52, 417, 107];[348, 54, 419, 107];1273.5;1844.0;0.6706526875495911;1.0;0.2288818359375;0.8424326192121631
GUSA7Z_1_3280_615_3792_1127;2211;-1;[230, 235, 243, 257];;169.5;0.0;0.0;1.0;0.0;0.0
GUSA7Z_1_3280_615_3792_1127;2212;-1;[117, 230, 131, 243];;86.5;0.0;0.0;1.0;0.0;0.0
GUSA7Z_1_3280_615_3792_1127;2213;2180;[114, 212, 135, 233];[116, 214, 133, 245];277.5;386.0;0.4769538938999176;1.0;0.01302337646484375;0.5007751937984496
GUSA7Z_1_3280_615_3792_1127;2214;2177;[258, 375, 277, 402];[258, 376, 279, 401];313.0;344.0;0.7846534848213196;1.0;0.247314453125;0.8436944937833037
GUSA7Z_1_3280_615_3792_1127;2215;-1;[63, 130, 79, 145];;146.0;0.0;0.0;1.0;0.0;0.0
GUSA7Z_1_3280_615_3792_1127;2216;-1;[365, 69, 376, 83];;91.5;0.0;0.0;1.0;0.0;0.0
GUSA7Z_1_3280_615_3792_1127;2217;2179;[7, 439, 29, 450];[6, 436, 31, 453];105.5;287.0;0.421875;1.0;0.023773193359375;0.5694117647058824
GUSA7Z_1_3280_615_3792_1127;2218;2175;[58, 399, 91, 434];[58, 402, 95, 435];389.0;766.0;0.5354141592979431;1.0;0.70263671875;0.8
GUSA7Z_1_3280_615_3792_1127;2219;-1;[471, 393, 512, 435];;1375.5;0.0;0.0;1.0;0.0;0.0
GUSA7Z_1_3280_615_3792_1127;2220;2178;[127, 318, 146, 339];[128, 320, 147, 347];217.5;297.0;0.5653333067893982;1.0;0.12939453125;0.6
GUSA7Z_1_3280_615_3792_1127;2221;-1;[405, 114, 422, 125];;139.5;0.0;0.0;1.0;0.0;0.0
GUSA7Z_1_3280_615_3792_1127;2222;2176;[135, 52, 212, 107];[144, 54, 213, 107];1273.5;1916.0;0.6425490975379944;1.0;0.253173828125;0.8404850746268657
GUSA7Z_1_3485_615_3997_1127;2223;-1;[25, 235, 38, 257];;169.5;0.0;0.0;1.0;0.0;0.0
GUSA7Z_1_3485_615_3997_1127;2224;2240;[53, 375, 72, 402];[54, 376, 73, 401];313.0;323.0;0.8328981995582581;1.0;0.294189453125;0.8364312267657993
GUSA7Z_1_3485_615_3997_1127;2225;-1;[160, 69, 171, 83];;91.5;0.0;0.0;1.0;0.0;0.0
GUSA7Z_1_3485_615_3997_1127;2226;2239;[266, 393, 356, 453];[268, 394, 357, 455];3255.5;3505.0;0.89284747838974;1.0;0.9267578125;0.92105729998226
GUSA7Z_1_3485_615_3997_1127;2227;-1;[200, 114, 217, 125];;139.5;0.0;0.0;1.0;0.0;0.0
GUSA7Z_1_3485_615_3997_1127;2228;-1;[0, 60, 7, 94];;129.5;0.0;0.0;1.0;0.0;0.0
GUSA7Z_1_3690_615_4202_1127;2229;2279;[61, 393, 151, 453];[62, 394, 151, 455];3255.5;3469.0;0.9049440026283264;1.0;0.9267578125;0.9413768375761922
GUSA7Z_1_3690_615_4202_1127;2230;2280;[313, 168, 340, 184];[314, 168, 343, 187];247.0;377.0;0.6579572558403015;1.0;0.49609375;0.7336860670194003
GUSA7Z_1_3690_615_4202_1127;2231;-1;[0, 114, 12, 125];;107.0;0.0;0.0;1.0;0.0;0.0
GUSA7Z_1_3895_615_4407_1127;2232;2303;[108, 168, 135, 184];[110, 168, 139, 187];247.0;380.0;0.6401869058609009;1.0;0.48828125;0.6861063464837049
GUSA7Z_1_4017_615_4529_1127;2233;-1;[0, 168, 13, 184];;129.5;0.0;0.0;1.0;0.0;0.0
GUSA7Z_1_0_820_512_1332;2234;-1;[347, 345, 359, 366];;166.0;0.0;0.0;1.0;0.0;0.0
GUSA7Z_1_205_820_717_1332;2235;-1;[393, 457, 431, 479];;396.0;0.0;0.0;1.0;0.0;0.0
GUSA7Z_1_205_820_717_1332;2236;-1;[142, 345, 154, 366];;166.0;0.0;0.0;1.0;0.0;0.0
GUSA7Z_1_205_820_717_1332;2237;1533;[392, 455, 431, 479];[394, 454, 429, 481];410.5;603.0;0.6499999761581421;1.0;0.2274169921875;0.8069164265129684
GUSA7Z_1_410_820_922_1332;2238;2387;[188, 457, 226, 479];[188, 454, 225, 481];396.0;622.0;0.6262626051902771;1.0;0.09075927734375;0.7972575905974535
GUSA7Z_1_410_820_922_1332;2239;-1;[187, 455, 226, 479];;410.5;0.0;0.0;1.0;0.0;0.0
GUSA7Z_1_410_820_922_1332;2240;-1;[481, 451, 490, 462];;55.0;0.0;0.0;1.0;0.0;0.0
GUSA7Z_1_410_820_922_1332;2241;2386;[429, 289, 451, 312];[430, 292, 455, 313];231.5;336.0;0.6340206265449524;1.0;0.2239990234375;0.6873977086743044
GUSA7Z_1_615_820_1127_1332;2242;-1;[0, 457, 21, 479];;221.0;0.0;0.0;1.0;0.0;0.0
GUSA7Z_1_615_820_1127_1332;2243;-1;[0, 457, 21, 478];;206.5;0.0;0.0;1.0;0.0;0.0
GUSA7Z_1_615_820_1127_1332;2244;-1;[276, 451, 285, 462];;55.0;0.0;0.0;1.0;0.0;0.0
GUSA7Z_1_615_820_1127_1332;2245;-1;[374, 366, 386, 379];;70.0;0.0;0.0;1.0;0.0;0.0
GUSA7Z_1_615_820_1127_1332;2246;-1;[493, 355, 512, 388];;199.5;0.0;0.0;1.0;0.0;0.0
GUSA7Z_1_615_820_1127_1332;2247;2481;[224, 289, 246, 312];[226, 292, 249, 313];231.5;329.0;0.622107982635498;1.0;0.1285400390625;0.6791171477079796
GUSA7Z_1_615_820_1127_1332;2248;2480;[461, 166, 503, 186];[460, 164, 507, 191];473.0;920.0;0.5412003993988037;1.0;0.76904296875;0.6619385342789598
GUSA7Z_1_820_820_1332_1332;2249;-1;[397, 103, 416, 113];;80.0;0.0;0.0;1.0;0.0;0.0
GUSA7Z_1_820_820_1332_1332;2250;-1;[460, 413, 482, 429];;196.0;0.0;0.0;1.0;0.0;0.0
GUSA7Z_1_820_820_1332_1332;2251;-1;[71, 451, 80, 462];;55.0;0.0;0.0;1.0;0.0;0.0
GUSA7Z_1_820_820_1332_1332;2252;-1;[169, 366, 181, 379];;70.0;0.0;0.0;1.0;0.0;0.0
GUSA7Z_1_820_820_1332_1332;2253;2590;[288, 355, 319, 388];[288, 356, 321, 393];302.0;722.0;0.4510800540447235;1.0;0.615234375;0.792332268370607
GUSA7Z_1_820_820_1332_1332;2254;2591;[19, 289, 41, 312];[20, 292, 43, 313];231.5;322.0;0.656000018119812;1.0;0.29736328125;0.7381370826010545
GUSA7Z_1_820_820_1332_1332;2255;2589;[256, 166, 298, 186];[256, 164, 301, 191];473.0;870.0;0.5691318511962891;1.0;0.80419921875;0.691358024691358
GUSA7Z_1_1025_820_1537_1332;2256;870;[420, 450, 455, 497];[422, 454, 457, 499];826.5;1062.0;0.7773882746696472;1.0;0.81396484375;0.7878956135480288
GUSA7Z_1_1025_820_1537_1332;2257;-1;[192, 103, 211, 113];;80.0;0.0;0.0;1.0;0.0;0.0
GUSA7Z_1_1025_820_1537_1332;2258;-1;[255, 413, 277, 429];;196.0;0.0;0.0;1.0;0.0;0.0
GUSA7Z_1_1025_820_1537_1332;2259;872;[83, 355, 114, 388];[84, 356, 115, 393];302.0;716.0;0.45431146025657654;1.0;0.60595703125;0.7933884297520661
GUSA7Z_1_1025_820_1537_1332;2260;869;[339, 245, 440, 343];[338, 244, 463, 345];3087.0;4436.0;0.6871685981750488;1.0;0.970703125;0.784
GUSA7Z_1_1025_820_1537_1332;2261;871;[51, 166, 93, 186];[50, 164, 97, 191];473.0;898.0;0.5541666746139526;1.0;0.80908203125;0.6619385342789598
GUSA7Z_1_1025_820_1537_1332;2262;-1;[491, 161, 512, 194];;309.0;0.0;0.0;1.0;0.0;0.0
GUSA7Z_1_1025_820_1537_1332;-1;873;;[142, 152, 229, 227];0.0;3214.0;0.0;;0.0173797607421875;0.0
GUSA7Z_1_1230_820_1742_1332;2263;-1;[484, 482, 499, 489];;70.5;0.0;0.0;1.0;0.0;0.0
GUSA7Z_1_1230_820_1742_1332;2264;1004;[215, 450, 250, 497];[216, 456, 251, 501];826.5;1046.0;0.7888198494911194;1.0;0.8017578125;0.7634173055859803
GUSA7Z_1_1230_820_1742_1332;2265;-1;[0, 103, 6, 109];;23.0;0.0;0.0;1.0;0.0;0.0
GUSA7Z_1_1230_820_1742_1332;2266;-1;[50, 413, 72, 429];;196.0;0.0;0.0;1.0;0.0;0.0
GUSA7Z_1_1230_820_1742_1332;2267;1003;[134, 245, 235, 343];[132, 244, 259, 345];3087.0;4410.0;0.6858416199684143;1.0;0.97802734375;0.7716535433070866
GUSA7Z_1_1230_820_1742_1332;2268;1005;[286, 160, 337, 194];[300, 160, 341, 179];900.5;565.0;0.4703703820705414;1.0;0.31396484375;0.3883977900552486
GUSA7Z_1_1435_820_1947_1332;2269;-1;[279, 482, 294, 489];;70.5;0.0;0.0;1.0;0.0;0.0
GUSA7Z_1_1435_820_1947_1332;2270;1124;[10, 450, 45, 497];[12, 454, 45, 499];826.5;999.0;0.808647632598877;1.0;0.79931640625;0.8293395675043834
GUSA7Z_1_1435_820_1947_1332;2271;1126;[0, 275, 30, 328];[0, 262, 53, 335];600.0;1820.0;0.32903558015823364;1.0;0.005260467529296875;0.410958904109589
GUSA7Z_1_1435_820_1947_1332;2272;1125;[81, 160, 132, 194];[98, 160, 135, 179];900.5;509.0;0.4382658004760742;1.0;0.392333984375;0.36069235064209937
GUSA7Z_1_1435_820_1947_1332;2273;1123;[364, 109, 512, 289];[366, 114, 511, 289];4902.0;6496.0;0.7572563290596008;1.0;0.93408203125;0.952515015015015
GUSA7Z_1_1640_820_2152_1332;2274;-1;[74, 482, 89, 489];;70.5;0.0;0.0;1.0;0.0;0.0
GUSA7Z_1_1640_820_2152_1332;2275;-1;[491, 310, 503, 315];;47.5;0.0;0.0;1.0;0.0;0.0
GUSA7Z_1_1640_820_2152_1332;2276;1229;[458, 364, 512, 426];[462, 366, 511, 427];2146.0;2132.0;0.8705636858940125;1.0;0.6875;0.865469531939947
GUSA7Z_1_1640_820_2152_1332;2277;-1;[390, 150, 403, 166];;89.0;0.0;0.0;1.0;0.0;0.0
GUSA7Z_1_1640_820_2152_1332;2278;-1;[307, 66, 314, 86];;105.0;0.0;0.0;1.0;0.0;0.0
GUSA7Z_1_1640_820_2152_1332;2279;1228;[159, 109, 316, 289];[162, 112, 317, 289];5027.5;6625.0;0.7689571976661682;1.0;0.95947265625;0.9585399303724021
GUSA7Z_1_1845_820_2357_1332;2280;-1;[503, 399, 512, 411];;56.5;0.0;0.0;1.0;0.0;0.0
GUSA7Z_1_1845_820_2357_1332;2281;1354;[308, 432, 328, 452];[310, 434, 325, 453];183.5;189.0;0.5663082599639893;1.0;0.517578125;0.6506024096385542
GUSA7Z_1_1845_820_2357_1332;2282;-1;[476, 47, 494, 60];;119.5;0.0;0.0;1.0;0.0;0.0
GUSA7Z_1_1845_820_2357_1332;2283;-1;[457, 107, 479, 127];;146.0;0.0;0.0;1.0;0.0;0.0
GUSA7Z_1_1845_820_2357_1332;2284;-1;[444, 322, 454, 328];;36.0;0.0;0.0;1.0;0.0;0.0
GUSA7Z_1_1845_820_2357_1332;2285;-1;[286, 310, 298, 315];;47.5;0.0;0.0;1.0;0.0;0.0
GUSA7Z_1_1845_820_2357_1332;2286;-1;[306, 206, 327, 221];;202.5;0.0;0.0;1.0;0.0;0.0
GUSA7Z_1_1845_820_2357_1332;2287;-1;[503, 400, 512, 412];;68.5;0.0;0.0;1.0;0.0;0.0
GUSA7Z_1_1845_820_2357_1332;2288;1352;[253, 358, 319, 426];[256, 360, 319, 427];2433.5;2446.0;0.8953229188919067;1.0;0.9033203125;0.9136453526697429
GUSA7Z_1_1845_820_2357_1332;2289;-1;[185, 150, 198, 166];;89.0;0.0;0.0;1.0;0.0;0.0
GUSA7Z_1_1845_820_2357_1332;2290;-1;[102, 66, 109, 86];;105.0;0.0;0.0;1.0;0.0;0.0
GUSA7Z_1_1845_820_2357_1332;2291;1353;[0, 109, 111, 289];[0, 114, 111, 289];4715.0;5718.0;0.8287274241447449;1.0;0.61865234375;0.9722222222222222
GUSA7Z_1_2050_820_2562_1332;2292;-1;[505, 390, 512, 402];;62.0;0.0;0.0;1.0;0.0;0.0
GUSA7Z_1_2050_820_2562_1332;2293;-1;[419, 480, 430, 486];;38.0;0.0;0.0;1.0;0.0;0.0
GUSA7Z_1_2050_820_2562_1332;2294;-1;[298, 399, 311, 411];;69.5;0.0;0.0;1.0;0.0;0.0
GUSA7Z_1_2050_820_2562_1332;2295;-1;[316, 481, 335, 494];;156.5;0.0;0.0;1.0;0.0;0.0
GUSA7Z_1_2050_820_2562_1332;2296;1478;[103, 432, 123, 452];[104, 432, 121, 453];183.5;241.0;0.7394366264343262;1.0;0.329345703125;0.815347721822542
GUSA7Z_1_2050_820_2562_1332;2297;-1;[271, 47, 289, 60];;119.5;0.0;0.0;1.0;0.0;0.0
GUSA7Z_1_2050_820_2562_1332;2298;-1;[252, 107, 274, 127];;146.0;0.0;0.0;1.0;0.0;0.0
GUSA7Z_1_2050_820_2562_1332;2299;-1;[239, 322, 249, 328];;36.0;0.0;0.0;1.0;0.0;0.0
GUSA7Z_1_2050_820_2562_1332;2300;-1;[81, 310, 93, 315];;47.5;0.0;0.0;1.0;0.0;0.0
GUSA7Z_1_2050_820_2562_1332;2301;-1;[101, 206, 122, 221];;202.5;0.0;0.0;1.0;0.0;0.0
GUSA7Z_1_2050_820_2562_1332;2302;-1;[298, 400, 311, 412];;89.0;0.0;0.0;1.0;0.0;0.0
GUSA7Z_1_2050_820_2562_1332;2303;-1;[377, 15, 401, 36];;235.0;0.0;0.0;1.0;0.0;0.0
GUSA7Z_1_2050_820_2562_1332;2304;-1;[330, 129, 347, 143];;124.0;0.0;0.0;1.0;0.0;0.0
GUSA7Z_1_2050_820_2562_1332;2305;1480;[380, 93, 395, 110];[380, 94, 397, 111];144.5;197.0;0.7400881052017212;1.0;0.005512237548828125;0.7894736842105263
GUSA7Z_1_2050_820_2562_1332;2306;-1;[503, 391, 512, 404];;87.0;0.0;0.0;1.0;0.0;0.0
GUSA7Z_1_2050_820_2562_1332;2307;1477;[48, 358, 114, 426];[52, 360, 115, 427];2433.5;2446.0;0.8721143007278442;1.0;0.9091796875;0.8862897985705003
GUSA7Z_1_2050_820_2562_1332;2308;1476;[331, 225, 504, 363];[334, 226, 505, 363];11693.0;12105.0;0.9448111057281494;1.0;0.962890625;0.9699720961226105
GUSA7Z_1_2050_820_2562_1332;2309;1479;[433, 47, 451, 65];[434, 50, 451, 67];210.5;218.0;0.707317054271698;1.0;0.040985107421875;0.7122905027932961
GUSA7Z_1_2255_820_2767_1332;2310;-1;[300, 390, 309, 402];;70.0;0.0;0.0;1.0;0.0;0.0
GUSA7Z_1_2255_820_2767_1332;2311;-1;[214, 480, 225, 486];;38.0;0.0;0.0;1.0;0.0;0.0
GUSA7Z_1_2255_820_2767_1332;2312;-1;[93, 399, 106, 411];;69.5;0.0;0.0;1.0;0.0;0.0
GUSA7Z_1_2255_820_2767_1332;2313;-1;[382, 500, 399, 512];;121.5;0.0;0.0;1.0;0.0;0.0
GUSA7Z_1_2255_820_2767_1332;2314;-1;[111, 481, 130, 494];;156.5;0.0;0.0;1.0;0.0;0.0
GUSA7Z_1_2255_820_2767_1332;2315;-1;[66, 47, 84, 60];;119.5;0.0;0.0;1.0;0.0;0.0
GUSA7Z_1_2255_820_2767_1332;2316;-1;[47, 107, 69, 127];;146.0;0.0;0.0;1.0;0.0;0.0
GUSA7Z_1_2255_820_2767_1332;2317;-1;[34, 322, 44, 328];;36.0;0.0;0.0;1.0;0.0;0.0
GUSA7Z_1_2255_820_2767_1332;2318;-1;[93, 400, 106, 412];;89.0;0.0;0.0;1.0;0.0;0.0
GUSA7Z_1_2255_820_2767_1332;2319;-1;[172, 15, 196, 36];;235.0;0.0;0.0;1.0;0.0;0.0
GUSA7Z_1_2255_820_2767_1332;2320;-1;[125, 129, 142, 143];;124.0;0.0;0.0;1.0;0.0;0.0
GUSA7Z_1_2255_820_2767_1332;2321;-1;[175, 93, 190, 110];;144.5;0.0;0.0;1.0;0.0;0.0
GUSA7Z_1_2255_820_2767_1332;2322;-1;[301, 203, 333, 213];;203.5;0.0;0.0;1.0;0.0;0.0
GUSA7Z_1_2255_820_2767_1332;2323;1664;[298, 391, 309, 404];[300, 382, 321, 425];102.0;440.0;0.23185484111309052;1.0;0.0191192626953125;0.12594187298170076
GUSA7Z_1_2255_820_2767_1332;2324;-1;[382, 498, 399, 512];;164.5;0.0;0.0;1.0;0.0;0.0
GUSA7Z_1_2255_820_2767_1332;2325;1661;[453, 350, 478, 391];[452, 350, 481, 395];613.0;908.0;0.6897621750831604;1.0;0.64794921875;0.7854406130268199
GUSA7Z_1_2255_820_2767_1332;2326;1660;[126, 225, 299, 363];[128, 226, 299, 363];11693.0;12077.0;0.9466932415962219;1.0;0.96533203125;0.9812767026891178
GUSA7Z_1_2255_820_2767_1332;2327;1663;[228, 47, 246, 65];[228, 50, 247, 67];210.5;221.0;0.7142857313156128;1.0;0.08123779296875;0.7161803713527851
GUSA7Z_1_2255_820_2767_1332;2328;1662;[468, 0, 512, 55];[472, 2, 511, 53];1462.0;1262.0;0.8333333134651184;1.0;0.2379150390625;0.821900826446281
GUSA7Z_1_2460_820_2972_1332;2329;-1;[95, 390, 104, 402];;70.0;0.0;0.0;1.0;0.0;0.0
GUSA7Z_1_2460_820_2972_1332;2330;-1;[9, 480, 20, 486];;38.0;0.0;0.0;1.0;0.0;0.0
GUSA7Z_1_2460_820_2972_1332;2331;-1;[177, 500, 194, 512];;121.5;0.0;0.0;1.0;0.0;0.0
GUSA7Z_1_2460_820_2972_1332;2332;1789;[351, 426, 361, 444];[346, 424, 365, 453];122.5;398.0;0.3348623812198639;1.0;0.03515625;0.32667876588021777
GUSA7Z_1_2460_820_2972_1332;2333;-1;[96, 203, 128, 213];;203.5;0.0;0.0;1.0;0.0;0.0
GUSA7Z_1_2460_820_2972_1332;2334;1790;[93, 391, 104, 404];[94, 382, 115, 425];102.0;452.0;0.2342519611120224;1.0;0.018768310546875;0.14192139737991266
GUSA7Z_1_2460_820_2972_1332;2335;-1;[177, 498, 194, 512];;164.5;0.0;0.0;1.0;0.0;0.0
GUSA7Z_1_2460_820_2972_1332;2336;1786;[248, 350, 273, 391];[248, 350, 275, 395];613.0;885.0;0.7077577114105225;1.0;0.63525390625;0.8436213991769548
GUSA7Z_1_2460_820_2972_1332;2337;1787;[0, 236, 94, 363];[2, 238, 95, 363];7060.0;7243.0;0.8720121383666992;1.0;0.5537109375;0.9533283594462406
GUSA7Z_1_2460_820_2972_1332;2338;1784;[372, 137, 444, 215];[374, 138, 443, 213];2475.0;2736.0;0.8676922917366028;1.0;0.89990234375;0.9214743589743589
GUSA7Z_1_2460_820_2972_1332;2339;1788;[23, 47, 41, 65];[24, 50, 41, 67];210.5;212.0;0.7275985479354858;1.0;0.11962890625;0.7122905027932961
GUSA7Z_1_2460_820_2972_1332;2340;1785;[263, 0, 321, 55];[266, 0, 321, 53];1662.0;1663.0;0.8976844549179077;1.0;0.7607421875;0.9137931034482759
GUSA7Z_1_2665_820_3177_1332;2341;-1;[441, 394, 457, 413];;147.5;0.0;0.0;1.0;0.0;0.0
GUSA7Z_1_2665_820_3177_1332;2342;-1;[503, 442, 512, 460];;114.5;0.0;0.0;1.0;0.0;0.0
GUSA7Z_1_2665_820_3177_1332;2343;1899;[146, 426, 156, 444];[142, 424, 159, 453];122.5;366.0;0.36049383878707886;1.0;0.01358795166015625;0.36511156186612576
GUSA7Z_1_2665_820_3177_1332;2344;-1;[454, 398, 470, 417];;140.0;0.0;0.0;1.0;0.0;0.0
GUSA7Z_1_2665_820_3177_1332;2345;-1;[441, 395, 456, 412];;120.0;0.0;0.0;1.0;0.0;0.0
GUSA7Z_1_2665_820_3177_1332;2346;1897;[43, 350, 68, 391];[44, 350, 71, 393];613.0;757.0;0.7364705801010132;1.0;0.57568359375;0.8186356073211315
GUSA7Z_1_2665_820_3177_1332;2347;1895;[167, 137, 239, 215];[170, 138, 239, 213];2475.0;2707.0;0.8551417589187622;1.0;0.90869140625;0.9214743589743589
GUSA7Z_1_2665_820_3177_1332;2348;1896;[58, 0, 116, 55];[60, 0, 115, 53];1662.0;1651.0;0.9069640636444092;1.0;0.71875;0.9137931034482759
GUSA7Z_1_2665_820_3177_1332;-1;1898;;[336, 172, 355, 207];0.0;471.0;0.0;;0.0192718505859375;0.0
GUSA7Z_1_2870_820_3382_1332;2349;-1;[236, 394, 252, 413];;147.5;0.0;0.0;1.0;0.0;0.0
GUSA7Z_1_2870_820_3382_1332;2350;1996;[298, 435, 329, 460];[298, 434, 323, 461];303.0;379.0;0.7603686451911926;1.0;0.67041015625;0.7575757575757576
GUSA7Z_1_2870_820_3382_1332;2351;1993;[418, 419, 454, 453];[420, 420, 453, 453];626.0;792.0;0.7176079750061035;1.0;0.7607421875;0.8897058823529411
GUSA7Z_1_2870_820_3382_1332;2352;-1;[405, 418, 424, 429];;134.5;0.0;0.0;1.0;0.0;0.0
GUSA7Z_1_2870_820_3382_1332;2353;-1;[249, 398, 265, 417];;140.0;0.0;0.0;1.0;0.0;0.0
GUSA7Z_1_2870_820_3382_1332;2354;-1;[236, 395, 251, 412];;120.0;0.0;0.0;1.0;0.0;0.0
GUSA7Z_1_2870_820_3382_1332;2355;1994;[376, 377, 398, 404];[376, 376, 399, 407];308.5;457.0;0.6375969052314758;1.0;0.732421875;0.8330995792426368
GUSA7Z_1_2870_820_3382_1332;2356;1999;[417, 234, 439, 245];[416, 232, 443, 249];105.5;274.0;0.43130990862846375;1.0;0.01422882080078125;0.5272331154684096
GUSA7Z_1_2870_820_3382_1332;2357;1995;[468, 194, 501, 229];[468, 196, 505, 231];389.0;819.0;0.5096262693405151;1.0;0.689453125;0.8001469507714916
GUSA7Z_1_2870_820_3382_1332;2358;1998;[0, 163, 34, 205];[2, 166, 35, 203];806.5;832.0;0.7148399353027344;1.0;0.0189056396484375;0.8081911262798634
GUSA7Z_1_2870_820_3382_1332;2359;1997;[314, 6, 333, 37];[314, 14, 335, 39];253.5;296.0;0.6747311949729919;1.0;0.09808349609375;0.6454948301329394
GUSA7Z_1_3075_820_3587_1332;2360;-1;[31, 394, 47, 413];;147.5;0.0;0.0;1.0;0.0;0.0
GUSA7Z_1_3075_820_3587_1332;2361;2096;[93, 435, 124, 460];[94, 434, 119, 461];303.0;367.0;0.7453271150588989;1.0;0.7265625;0.7575757575757576
GUSA7Z_1_3075_820_3587_1332;2362;2094;[213, 419, 249, 453];[216, 420, 249, 453];626.0;791.0;0.6989011168479919;1.0;0.77734375;0.8897058823529411
GUSA7Z_1_3075_820_3587_1332;2363;-1;[435, 30, 448, 52];;169.5;0.0;0.0;1.0;0.0;0.0
GUSA7Z_1_3075_820_3587_1332;2364;-1;[322, 25, 336, 38];;86.5;0.0;0.0;1.0;0.0;0.0
GUSA7Z_1_3075_820_3587_1332;2365;2103;[319, 7, 340, 28];[320, 10, 339, 41];277.5;394.0;0.44100579619407654;1.0;0.0099334716796875;0.49709302325581395
GUSA7Z_1_3075_820_3587_1332;2366;2098;[463, 170, 482, 197];[464, 172, 483, 195];313.0;311.0;0.8015666007995605;1.0;0.282958984375;0.7723880597014925
GUSA7Z_1_3075_820_3587_1332;2367;-1;[200, 418, 219, 429];;134.5;0.0;0.0;1.0;0.0;0.0
GUSA7Z_1_3075_820_3587_1332;2368;-1;[44, 398, 60, 417];;140.0;0.0;0.0;1.0;0.0;0.0
GUSA7Z_1_3075_820_3587_1332;2369;-1;[31, 395, 46, 412];;120.0;0.0;0.0;1.0;0.0;0.0
GUSA7Z_1_3075_820_3587_1332;2370;2095;[171, 377, 193, 404];[172, 376, 195, 407];308.5;447.0;0.6345776319503784;1.0;0.74755859375;0.7662162162162162
GUSA7Z_1_3075_820_3587_1332;2371;2101;[443, 322, 458, 334];[444, 322, 461, 337];129.5;196.0;0.5696202516555786;1.0;0.029083251953125;0.6292134831460674
GUSA7Z_1_3075_820_3587_1332;2372;2102;[212, 234, 234, 245];[212, 232, 237, 247];105.5;255.0;0.44863012433052063;1.0;0.0202484130859375;0.6453333333333333
GUSA7Z_1_3075_820_3587_1332;2373;2097;[263, 194, 296, 229];[262, 196, 299, 231];389.0;838.0;0.49501660466194153;1.0;0.716796875;0.8001469507714916
GUSA7Z_1_3075_820_3587_1332;2374;2099;[332, 113, 351, 134];[332, 114, 353, 143];217.5;339.0;0.5291262269020081;1.0;0.24658203125;0.6050955414012739
GUSA7Z_1_3075_820_3587_1332;2375;2100;[109, 6, 128, 37];[110, 14, 129, 39];253.5;278.0;0.6777777671813965;1.0;0.048309326171875;0.6369230769230769
GUSA7Z_1_3280_820_3792_1332;2376;-1;[434, 442, 457, 457];;157.0;0.0;0.0;1.0;0.0;0.0
GUSA7Z_1_3280_820_3792_1332;2377;-1;[329, 411, 347, 441];;271.5;0.0;0.0;1.0;0.0;0.0
GUSA7Z_1_3280_820_3792_1332;2378;2181;[8, 419, 44, 453];[12, 422, 43, 453];626.0;705.0;0.7044392228126526;1.0;0.76904296875;0.7851307189542484
GUSA7Z_1_3280_820_3792_1332;2379;-1;[440, 444, 457, 457];;145.5;0.0;0.0;1.0;0.0;0.0
GUSA7Z_1_3280_820_3792_1332;2380;-1;[329, 409, 344, 439];;220.0;0.0;0.0;1.0;0.0;0.0
GUSA7Z_1_3280_820_3792_1332;2381;-1;[230, 30, 243, 52];;169.5;0.0;0.0;1.0;0.0;0.0
GUSA7Z_1_3280_820_3792_1332;2382;-1;[117, 25, 131, 38];;86.5;0.0;0.0;1.0;0.0;0.0
GUSA7Z_1_3280_820_3792_1332;2383;2187;[114, 7, 135, 28];[116, 10, 133, 39];277.5;347.0;0.44513458013534546;1.0;0.0153045654296875;0.4872611464968153
GUSA7Z_1_3280_820_3792_1332;2384;2184;[258, 170, 277, 197];[258, 172, 279, 197];313.0;335.0;0.8025316596031189;1.0;0.2322998046875;0.8436944937833037
GUSA7Z_1_3280_820_3792_1332;2385;-1;[0, 418, 14, 429];;106.0;0.0;0.0;1.0;0.0;0.0
GUSA7Z_1_3280_820_3792_1332;2386;2186;[238, 322, 253, 334];[238, 322, 257, 339];129.5;204.0;0.563265323638916;1.0;0.01971435546875;0.5572755417956656
GUSA7Z_1_3280_820_3792_1332;2387;2185;[7, 234, 29, 245];[6, 232, 33, 247];105.5;258.0;0.4493243098258972;1.0;0.0263519287109375;0.5975308641975309
GUSA7Z_1_3280_820_3792_1332;2388;2182;[58, 194, 91, 229];[58, 196, 95, 231];389.0;822.0;0.5067567825317383;1.0;0.73095703125;0.8001469507714916
GUSA7Z_1_3280_820_3792_1332;2389;-1;[471, 188, 512, 230];;1375.5;0.0;0.0;1.0;0.0;0.0
GUSA7Z_1_3280_820_3792_1332;2390;2183;[127, 113, 146, 134];[128, 114, 147, 143];217.5;326.0;0.525798499584198;1.0;0.29248046875;0.6101694915254238
GUSA7Z_1_3485_820_3997_1332;2391;-1;[229, 442, 252, 457];;157.0;0.0;0.0;1.0;0.0;0.0
GUSA7Z_1_3485_820_3997_1332;2392;-1;[124, 411, 142, 441];;271.5;0.0;0.0;1.0;0.0;0.0
GUSA7Z_1_3485_820_3997_1332;2393;-1;[235, 444, 252, 457];;145.5;0.0;0.0;1.0;0.0;0.0
GUSA7Z_1_3485_820_3997_1332;2394;-1;[124, 409, 139, 439];;220.0;0.0;0.0;1.0;0.0;0.0
GUSA7Z_1_3485_820_3997_1332;2395;-1;[25, 30, 38, 52];;169.5;0.0;0.0;1.0;0.0;0.0
GUSA7Z_1_3485_820_3997_1332;2396;2242;[53, 170, 72, 197];[54, 172, 73, 195];313.0;311.0;0.8015666007995605;1.0;0.226806640625;0.7723880597014925
GUSA7Z_1_3485_820_3997_1332;2397;2243;[33, 322, 48, 334];[34, 322, 51, 339];129.5;200.0;0.557851254940033;1.0;0.046722412109375;0.5581395348837209
GUSA7Z_1_3485_820_3997_1332;2398;2241;[266, 188, 356, 248];[268, 188, 357, 249];3255.5;3509.0;0.8893078565597534;1.0;0.921875;0.9515227969003424
GUSA7Z_1_3690_820_4202_1332;2399;-1;[24, 442, 47, 457];;157.0;0.0;0.0;1.0;0.0;0.0
GUSA7Z_1_3690_820_4202_1332;2400;-1;[30, 444, 47, 457];;145.5;0.0;0.0;1.0;0.0;0.0
GUSA7Z_1_3690_820_4202_1332;2401;2281;[61, 188, 151, 248];[62, 190, 151, 249];3255.5;3421.0;0.8939021229743958;1.0;0.92529296875;0.940426307159774
GUSA7Z_1_0_1025_512_1537;2402;-1;[347, 140, 359, 161];;166.0;0.0;0.0;1.0;0.0;0.0
GUSA7Z_1_205_1025_717_1537;2403;1481;[393, 252, 431, 274];[394, 250, 431, 277];396.0;557.0;0.6661417484283447;1.0;0.1329345703125;0.7972575905974535
GUSA7Z_1_205_1025_717_1537;2404;-1;[142, 140, 154, 161];;166.0;0.0;0.0;1.0;0.0;0.0
GUSA7Z_1_205_1025_717_1537;2405;-1;[392, 250, 431, 274];;410.5;0.0;0.0;1.0;0.0;0.0
GUSA7Z_1_410_1025_922_1537;2406;-1;[345, 489, 366, 510];;202.5;0.0;0.0;1.0;0.0;0.0
GUSA7Z_1_410_1025_922_1537;2407;2319;[188, 252, 226, 274];[188, 250, 225, 277];396.0;575.0;0.6453576683998108;1.0;0.0869140625;0.7972575905974535
GUSA7Z_1_410_1025_922_1537;2408;-1;[187, 250, 226, 274];;410.5;0.0;0.0;1.0;0.0;0.0
GUSA7Z_1_410_1025_922_1537;2409;-1;[481, 246, 490, 257];;55.0;0.0;0.0;1.0;0.0;0.0
GUSA7Z_1_410_1025_922_1537;2410;2318;[429, 84, 451, 107];[430, 86, 453, 109];231.5;339.0;0.6545454263687134;1.0;0.097412109375;0.7424242424242424
GUSA7Z_1_615_1025_1127_1537;2411;-1;[140, 489, 161, 510];;202.5;0.0;0.0;1.0;0.0;0.0
GUSA7Z_1_615_1025_1127_1537;2412;-1;[0, 252, 21, 274];;221.0;0.0;0.0;1.0;0.0;0.0
GUSA7Z_1_615_1025_1127_1537;2413;-1;[0, 252, 21, 273];;206.5;0.0;0.0;1.0;0.0;0.0
GUSA7Z_1_615_1025_1127_1537;2414;-1;[276, 246, 285, 257];;55.0;0.0;0.0;1.0;0.0;0.0
GUSA7Z_1_615_1025_1127_1537;2415;-1;[374, 161, 386, 174];;70.0;0.0;0.0;1.0;0.0;0.0
GUSA7Z_1_615_1025_1127_1537;2416;-1;[493, 150, 512, 183];;199.5;0.0;0.0;1.0;0.0;0.0
GUSA7Z_1_615_1025_1127_1537;2417;2388;[224, 84, 246, 107];[226, 86, 249, 109];231.5;326.0;0.6439790725708008;1.0;0.1812744140625;0.6829268292682927
GUSA7Z_1_820_1025_1332_1537;2418;-1;[460, 208, 482, 224];;196.0;0.0;0.0;1.0;0.0;0.0
GUSA7Z_1_820_1025_1332_1537;2419;-1;[71, 246, 80, 257];;55.0;0.0;0.0;1.0;0.0;0.0
GUSA7Z_1_820_1025_1332_1537;2420;-1;[169, 161, 181, 174];;70.0;0.0;0.0;1.0;0.0;0.0
GUSA7Z_1_820_1025_1332_1537;2421;2482;[288, 150, 319, 183];[290, 150, 321, 187];302.0;696.0;0.463672399520874;1.0;0.61669921875;0.7889530090684254
GUSA7Z_1_820_1025_1332_1537;2422;2483;[19, 84, 41, 107];[20, 88, 43, 109];231.5;312.0;0.5984252095222473;1.0;0.24072265625;0.676271186440678
GUSA7Z_1_1025_1025_1537_1537;2423;760;[420, 245, 455, 292];[422, 252, 455, 293];826.5;937.0;0.8224568367004395;1.0;0.72314453125;0.7866507747318237
GUSA7Z_1_1025_1025_1537_1537;2424;-1;[255, 208, 277, 224];;196.0;0.0;0.0;1.0;0.0;0.0
GUSA7Z_1_1025_1025_1537_1537;2425;761;[83, 150, 114, 183];[84, 152, 115, 187];302.0;658.0;0.46905088424682617;1.0;0.6669921875;0.7894736842105263
GUSA7Z_1_1025_1025_1537_1537;2426;759;[339, 40, 440, 138];[338, 40, 463, 139];3087.0;4629.0;0.6668033003807068;1.0;0.9716796875;0.7998383838383838
GUSA7Z_1_1230_1025_1742_1537;2427;878;[304, 458, 347, 480];[304, 458, 349, 483];478.0;714.0;0.6445859670639038;1.0;0.69580078125;0.8408888888888889
GUSA7Z_1_1230_1025_1742_1537;2428;879;[349, 348, 360, 365];[348, 348, 365, 367];96.0;204.0;0.4935622215270996;1.0;0.01016998291015625;0.5789473684210527
GUSA7Z_1_1230_1025_1742_1537;2429;-1;[484, 277, 499, 284];;70.5;0.0;0.0;1.0;0.0;0.0
GUSA7Z_1_1230_1025_1742_1537;2430;877;[215, 245, 250, 292];[218, 252, 251, 293];826.5;942.0;0.813753604888916;1.0;0.7578125;0.7450523864959255
GUSA7Z_1_1230_1025_1742_1537;2431;-1;[50, 208, 72, 224];;196.0;0.0;0.0;1.0;0.0;0.0
GUSA7Z_1_1230_1025_1742_1537;2432;876;[134, 40, 235, 138];[132, 40, 257, 139];3087.0;4596.0;0.6698248982429504;1.0;0.96875;0.7998383838383838
GUSA7Z_1_1435_1025_1947_1537;2433;1011;[99, 458, 142, 480];[98, 458, 143, 483];478.0;684.0;0.6790945529937744;1.0;0.55810546875;0.8408888888888889
GUSA7Z_1_1435_1025_1947_1537;2434;1012;[336, 363, 349, 389];[336, 362, 353, 391];250.5;356.0;0.7168367505073547;1.0;0.04052734375;0.6855983772819473
GUSA7Z_1_1435_1025_1947_1537;2435;1013;[454, 358, 512, 401];[456, 358, 511, 401];1248.5;1338.0;0.8299139738082886;1.0;0.01473236083984375;0.9482758620689655
GUSA7Z_1_1435_1025_1947_1537;2436;-1;[144, 348, 155, 365];;96.0;0.0;0.0;1.0;0.0;0.0
GUSA7Z_1_1435_1025_1947_1537;2437;-1;[279, 277, 294, 284];;70.5;0.0;0.0;1.0;0.0;0.0
GUSA7Z_1_1435_1025_1947_1537;2438;1010;[10, 245, 45, 292];[12, 252, 45, 293];826.5;883.0;0.8268656730651855;1.0;0.7646484375;0.7866507747318237
GUSA7Z_1_1435_1025_1947_1537;2439;-1;[0, 70, 30, 123];;600.0;0.0;0.0;1.0;0.0;0.0
GUSA7Z_1_1435_1025_1947_1537;2440;1009;[378, 0, 512, 84];[382, 0, 511, 85];4311.0;5217.0;0.8127144575119019;1.0;0.89306640625;0.9517786561264822
GUSA7Z_1_1640_1025_2152_1537;2441;1133;[402, 308, 428, 327];[404, 310, 429, 325];271.5;254.0;0.7057142853736877;1.0;0.1490478515625;0.7072691552062869
GUSA7Z_1_1640_1025_2152_1537;2442;1131;[429, 410, 468, 467];[434, 410, 471, 469];827.0;1199.0;0.663878321647644;1.0;0.873046875;0.7852512155591572
GUSA7Z_1_1640_1025_2152_1537;2443;-1;[402, 310, 427, 324];;179.5;0.0;0.0;1.0;0.0;0.0
GUSA7Z_1_1640_1025_2152_1537;2444;-1;[294, 496, 331, 512];;306.0;0.0;0.0;1.0;0.0;0.0
GUSA7Z_1_1640_1025_2152_1537;2445;1134;[131, 363, 144, 389];[130, 362, 147, 391];250.5;386.0;0.6729857921600342;1.0;0.052825927734375;0.6855983772819473
GUSA7Z_1_1640_1025_2152_1537;2446;1129;[249, 351, 340, 408];[252, 352, 339, 409];2165.0;2361.0;0.8713563680648804;1.0;0.962890625;0.9237770193401593
GUSA7Z_1_1640_1025_2152_1537;2447;-1;[74, 277, 89, 284];;70.5;0.0;0.0;1.0;0.0;0.0
GUSA7Z_1_1640_1025_2152_1537;2448;-1;[491, 105, 503, 110];;47.5;0.0;0.0;1.0;0.0;0.0
GUSA7Z_1_1640_1025_2152_1537;2449;1132;[458, 159, 512, 221];[462, 160, 511, 223];2146.0;2186.0;0.8623664975166321;1.0;0.70263671875;0.867382472431805
GUSA7Z_1_1640_1025_2152_1537;2450;1130;[173, 0, 316, 84];[176, 0, 317, 85];4436.5;5585.0;0.8012655973434448;1.0;0.90380859375;0.9610198578082864
GUSA7Z_1_1845_1025_2357_1537;2451;-1;[503, 194, 512, 206];;56.5;0.0;0.0;1.0;0.0;0.0
GUSA7Z_1_1845_1025_2357_1537;2452;1238;[197, 308, 223, 327];[198, 308, 223, 325];271.5;305.0;0.7234042286872864;1.0;0.265869140625;0.8603238866396761
GUSA7Z_1_1845_1025_2357_1537;2453;1236;[354, 473, 383, 512];[354, 472, 383, 511];541.0;712.0;0.7614796161651611;1.0;0.80419921875;0.95
GUSA7Z_1_1845_1025_2357_1537;2454;1235;[224, 410, 263, 467];[228, 410, 267, 469];827.0;1276.0;0.6508400440216064;1.0;0.8818359375;0.7888493475682088
GUSA7Z_1_1845_1025_2357_1537;2455;1239;[354, 327, 489, 401];[356, 330, 489, 401];1667.0;2255.0;0.6628831028938293;1.0;0.16455078125;0.9452452452452452
GUSA7Z_1_1845_1025_2357_1537;2456;1237;[308, 227, 328, 247];[308, 228, 327, 247];183.5;248.0;0.703071653842926;1.0;0.556640625;0.9025
GUSA7Z_1_1845_1025_2357_1537;2457;-1;[197, 310, 222, 324];;179.5;0.0;0.0;1.0;0.0;0.0
GUSA7Z_1_1845_1025_2357_1537;2458;-1;[89, 496, 126, 512];;306.0;0.0;0.0;1.0;0.0;0.0
GUSA7Z_1_1845_1025_2357_1537;2459;1232;[44, 351, 135, 408];[46, 352, 135, 409];2165.0;2439.0;0.8598024249076843;1.0;0.95166015625;0.9446550416982562
GUSA7Z_1_1845_1025_2357_1537;2460;-1;[444, 117, 454, 123];;36.0;0.0;0.0;1.0;0.0;0.0
GUSA7Z_1_1845_1025_2357_1537;2461;-1;[286, 105, 298, 110];;47.5;0.0;0.0;1.0;0.0;0.0
GUSA7Z_1_1845_1025_2357_1537;2462;-1;[306, 1, 327, 16];;202.5;0.0;0.0;1.0;0.0;0.0
GUSA7Z_1_1845_1025_2357_1537;2463;-1;[503, 195, 512, 207];;68.5;0.0;0.0;1.0;0.0;0.0
GUSA7Z_1_1845_1025_2357_1537;2464;1233;[253, 153, 319, 221];[256, 156, 319, 221];2433.5;2477.0;0.8882763981819153;1.0;0.9150390625;0.9124331550802139
GUSA7Z_1_1845_1025_2357_1537;2465;1234;[0, 0, 111, 84];[0, 0, 111, 83];4252.0;4704.0;0.8607971668243408;1.0;0.892578125;0.9880952380952381
GUSA7Z_1_2050_1025_2562_1537;2466;-1;[505, 185, 512, 197];;62.0;0.0;0.0;1.0;0.0;0.0
GUSA7Z_1_2050_1025_2562_1537;2467;-1;[419, 275, 430, 281];;38.0;0.0;0.0;1.0;0.0;0.0
GUSA7Z_1_2050_1025_2562_1537;2468;-1;[298, 194, 311, 206];;69.5;0.0;0.0;1.0;0.0;0.0
GUSA7Z_1_2050_1025_2562_1537;2469;-1;[0, 308, 18, 327];;230.0;0.0;0.0;1.0;0.0;0.0
GUSA7Z_1_2050_1025_2562_1537;2470;-1;[473, 317, 490, 326];;77.5;0.0;0.0;1.0;0.0;0.0
GUSA7Z_1_2050_1025_2562_1537;2471;1360;[149, 473, 178, 512];[148, 472, 179, 511];541.0;770.0;0.7147971391677856;1.0;0.7880859375;0.8901453957996769
GUSA7Z_1_2050_1025_2562_1537;2472;1359;[19, 410, 58, 467];[24, 410, 61, 469];827.0;1239.0;0.6508875489234924;1.0;0.88427734375;0.7852512155591572
GUSA7Z_1_2050_1025_2562_1537;2473;1363;[392, 421, 512, 512];[396, 424, 511, 511];6110.5;5769.0;0.8692365884780884;1.0;0.0352783203125;0.9162087912087912
GUSA7Z_1_2050_1025_2562_1537;2474;1362;[149, 327, 284, 401];[152, 328, 283, 401];1667.0;2162.0;0.6806098222732544;1.0;0.280517578125;0.9572572572572573
GUSA7Z_1_2050_1025_2562_1537;2475;-1;[316, 276, 335, 289];;156.5;0.0;0.0;1.0;0.0;0.0
GUSA7Z_1_2050_1025_2562_1537;2476;1361;[103, 227, 123, 247];[104, 228, 121, 247];183.5;231.0;0.7132616639137268;1.0;0.422607421875;0.8075
GUSA7Z_1_2050_1025_2562_1537;2477;-1;[0, 311, 17, 324];;138.0;0.0;0.0;1.0;0.0;0.0
GUSA7Z_1_2050_1025_2562_1537;2478;-1;[239, 117, 249, 123];;36.0;0.0;0.0;1.0;0.0;0.0
GUSA7Z_1_2050_1025_2562_1537;2479;-1;[81, 105, 93, 110];;47.5;0.0;0.0;1.0;0.0;0.0
GUSA7Z_1_2050_1025_2562_1537;2480;-1;[101, 1, 122, 16];;202.5;0.0;0.0;1.0;0.0;0.0
GUSA7Z_1_2050_1025_2562_1537;2481;-1;[298, 195, 311, 207];;89.0;0.0;0.0;1.0;0.0;0.0
GUSA7Z_1_2050_1025_2562_1537;2482;-1;[503, 186, 512, 199];;87.0;0.0;0.0;1.0;0.0;0.0
GUSA7Z_1_2050_1025_2562_1537;2483;1358;[48, 153, 114, 221];[52, 156, 115, 223];2433.5;2484.0;0.8674654960632324;1.0;0.90380859375;0.861295148536012
GUSA7Z_1_2050_1025_2562_1537;2484;1357;[331, 20, 504, 158];[334, 22, 505, 157];11693.0;11987.0;0.937644362449646;1.0;0.9638671875;0.9558915406722479
GUSA7Z_1_2255_1025_2767_1537;2485;-1;[300, 185, 309, 197];;70.0;0.0;0.0;1.0;0.0;0.0
GUSA7Z_1_2255_1025_2767_1537;2486;-1;[214, 275, 225, 281];;38.0;0.0;0.0;1.0;0.0;0.0
GUSA7Z_1_2255_1025_2767_1537;2487;-1;[93, 194, 106, 206];;69.5;0.0;0.0;1.0;0.0;0.0
GUSA7Z_1_2255_1025_2767_1537;2488;-1;[458, 322, 492, 351];;379.0;0.0;0.0;1.0;0.0;0.0
GUSA7Z_1_2255_1025_2767_1537;2489;-1;[382, 295, 399, 307];;121.5;0.0;0.0;1.0;0.0;0.0
GUSA7Z_1_2255_1025_2767_1537;2490;-1;[268, 317, 285, 326];;77.5;0.0;0.0;1.0;0.0;0.0
GUSA7Z_1_2255_1025_2767_1537;2491;-1;[400, 347, 414, 357];;64.5;0.0;0.0;1.0;0.0;0.0
GUSA7Z_1_2255_1025_2767_1537;2492;1538;[187, 421, 442, 512];[190, 422, 443, 511];12931.0;12771.0;0.9228754639625549;1.0;0.55712890625;0.9628230445608311
GUSA7Z_1_2255_1025_2767_1537;2493;1536;[0, 355, 79, 401];[2, 356, 79, 401];1154.5;1299.0;0.8149394392967224;1.0;0.80078125;0.953494771601541
GUSA7Z_1_2255_1025_2767_1537;2494;-1;[111, 276, 130, 289];;156.5;0.0;0.0;1.0;0.0;0.0
GUSA7Z_1_2255_1025_2767_1537;2495;-1;[34, 117, 44, 123];;36.0;0.0;0.0;1.0;0.0;0.0
GUSA7Z_1_2255_1025_2767_1537;2496;-1;[93, 195, 106, 207];;89.0;0.0;0.0;1.0;0.0;0.0
GUSA7Z_1_2255_1025_2767_1537;2497;-1;[301, 0, 332, 8];;166.0;0.0;0.0;1.0;0.0;0.0
GUSA7Z_1_2255_1025_2767_1537;2498;1539;[298, 186, 309, 199];[300, 178, 321, 221];102.0;433.0;0.23565573990345;1.0;0.033843994140625;0.12594187298170076
GUSA7Z_1_2255_1025_2767_1537;2499;-1;[382, 293, 399, 310];;184.5;0.0;0.0;1.0;0.0;0.0
GUSA7Z_1_2255_1025_2767_1537;2500;1537;[453, 145, 478, 186];[452, 144, 481, 189];613.0;892.0;0.7035865187644958;1.0;0.6279296875;0.7854406130268199
GUSA7Z_1_2255_1025_2767_1537;2501;1535;[126, 20, 299, 158];[128, 22, 299, 159];11693.0;12049.0;0.9399141669273376;1.0;0.95703125;0.9671865252651279
GUSA7Z_1_2460_1025_2972_1537;2502;-1;[95, 185, 104, 197];;70.0;0.0;0.0;1.0;0.0;0.0
GUSA7Z_1_2460_1025_2972_1537;2503;-1;[9, 275, 20, 281];;38.0;0.0;0.0;1.0;0.0;0.0
GUSA7Z_1_2460_1025_2972_1537;2504;-1;[253, 322, 287, 351];;379.0;0.0;0.0;1.0;0.0;0.0
GUSA7Z_1_2460_1025_2972_1537;2505;-1;[177, 295, 194, 307];;121.5;0.0;0.0;1.0;0.0;0.0
GUSA7Z_1_2460_1025_2972_1537;2506;-1;[63, 317, 80, 326];;77.5;0.0;0.0;1.0;0.0;0.0
GUSA7Z_1_2460_1025_2972_1537;2507;-1;[195, 347, 209, 357];;64.5;0.0;0.0;1.0;0.0;0.0
GUSA7Z_1_2460_1025_2972_1537;2508;1665;[466, 436, 509, 504];[468, 438, 511, 505];1733.0;1866.0;0.8679152131080627;1.0;0.87646484375;0.8731848983543078
GUSA7Z_1_2460_1025_2972_1537;2509;1668;[0, 421, 237, 512];[2, 422, 237, 511];12686.5;12374.0;0.9221458435058594;1.0;0.482421875;0.9697686279964761
GUSA7Z_1_2460_1025_2972_1537;2510;1669;[486, 367, 512, 398];[488, 368, 509, 399];294.5;370.0;0.6564551591873169;1.0;0.10858154296875;0.7617896009673518
GUSA7Z_1_2460_1025_2972_1537;2511;-1;[379, 357, 388, 374];;107.5;0.0;0.0;1.0;0.0;0.0
GUSA7Z_1_2460_1025_2972_1537;2512;1670;[351, 221, 361, 239];[346, 220, 365, 249];122.5;369.0;0.3622828722000122;1.0;0.015899658203125;0.32667876588021777
GUSA7Z_1_2460_1025_2972_1537;2513;-1;[96, 0, 127, 8];;166.0;0.0;0.0;1.0;0.0;0.0
GUSA7Z_1_2460_1025_2972_1537;2514;1671;[93, 186, 104, 199];[94, 176, 115, 221];102.0;461.0;0.23017407953739166;1.0;0.014556884765625;0.13569937369519833
GUSA7Z_1_2460_1025_2972_1537;2515;-1;[177, 293, 194, 310];;184.5;0.0;0.0;1.0;0.0;0.0
GUSA7Z_1_2460_1025_2972_1537;2516;1666;[248, 145, 273, 186];[248, 144, 275, 189];613.0;854.0;0.7321624755859375;1.0;0.69287109375;0.8436213991769548
GUSA7Z_1_2460_1025_2972_1537;2517;1667;[0, 31, 94, 158];[2, 34, 95, 159];7060.0;7081.0;0.867763340473175;1.0;0.689453125;0.9385438091320444
GUSA7Z_1_2665_1025_3177_1537;2518;-1;[441, 189, 457, 208];;147.5;0.0;0.0;1.0;0.0;0.0
GUSA7Z_1_2665_1025_3177_1537;2519;1796;[362, 432, 380, 456];[364, 432, 381, 455];237.0;254.0;0.6416184902191162;1.0;0.11474609375;0.8087912087912088
GUSA7Z_1_2665_1025_3177_1537;2520;-1;[407, 366, 425, 374];;84.5;0.0;0.0;1.0;0.0;0.0
GUSA7Z_1_2665_1025_3177_1537;2521;-1;[410, 343, 421, 357];;96.0;0.0;0.0;1.0;0.0;0.0
GUSA7Z_1_2665_1025_3177_1537;2522;-1;[48, 322, 82, 351];;379.0;0.0;0.0;1.0;0.0;0.0
GUSA7Z_1_2665_1025_3177_1537;2523;1793;[379, 472, 410, 505];[380, 472, 413, 507];494.0;652.0;0.756373941898346;1.0;0.544921875;0.8333333333333334
GUSA7Z_1_2665_1025_3177_1537;2524;1794;[484, 473, 512, 512];[484, 474, 511, 511];518.0;643.0;0.7273991703987122;1.0;0.4765625;0.9148351648351648
GUSA7Z_1_2665_1025_3177_1537;2525;1791;[261, 436, 304, 504];[262, 438, 305, 505];1733.0;1858.0;0.8701041340827942;1.0;0.90283203125;0.913946587537092
GUSA7Z_1_2665_1025_3177_1537;2526;1795;[281, 367, 310, 398];[282, 368, 313, 399];308.0;537.0;0.5852842926979065;1.0;0.376708984375;0.8235294117647058
GUSA7Z_1_2665_1025_3177_1537;2527;-1;[174, 357, 183, 374];;107.5;0.0;0.0;1.0;0.0;0.0
GUSA7Z_1_2665_1025_3177_1537;2528;-1;[503, 237, 512, 255];;114.5;0.0;0.0;1.0;0.0;0.0
GUSA7Z_1_2665_1025_3177_1537;2529;1797;[146, 221, 156, 239];[140, 220, 159, 249];122.5;363.0;0.36250001192092896;1.0;0.0207977294921875;0.32667876588021777
GUSA7Z_1_2665_1025_3177_1537;2530;-1;[454, 193, 470, 212];;140.0;0.0;0.0;1.0;0.0;0.0
GUSA7Z_1_2665_1025_3177_1537;2531;-1;[441, 190, 456, 207];;120.0;0.0;0.0;1.0;0.0;0.0
GUSA7Z_1_2665_1025_3177_1537;2532;1792;[43, 145, 68, 186];[44, 144, 69, 187];613.0;771.0;0.7491207718849182;1.0;0.65478515625;0.8817204301075269
GUSA7Z_1_2870_1025_3382_1537;2533;1908;[425, 375, 450, 390];[426, 374, 451, 391];259.5;314.0;0.8163841962814331;1.0;0.30078125;0.8181818181818182
GUSA7Z_1_2870_1025_3382_1537;2534;-1;[236, 189, 252, 208];;147.5;0.0;0.0;1.0;0.0;0.0
GUSA7Z_1_2870_1025_3382_1537;2535;1909;[157, 432, 175, 456];[158, 432, 177, 455];237.0;280.0;0.7034883499145508;1.0;0.265869140625;0.8179916317991632
GUSA7Z_1_2870_1025_3382_1537;2536;-1;[202, 366, 220, 374];;84.5;0.0;0.0;1.0;0.0;0.0
GUSA7Z_1_2870_1025_3382_1537;2537;-1;[205, 343, 216, 357];;96.0;0.0;0.0;1.0;0.0;0.0
GUSA7Z_1_2870_1025_3382_1537;2538;1905;[174, 472, 205, 505];[174, 472, 207, 507];494.0;663.0;0.7426573634147644;1.0;0.5234375;0.8857142857142857
GUSA7Z_1_2870_1025_3382_1537;2539;1904;[279, 467, 318, 512];[278, 466, 319, 511];568.5;878.0;0.6398305296897888;1.0;0.61669921875;0.910828025477707
GUSA7Z_1_2870_1025_3382_1537;2540;1900;[56, 436, 99, 504];[58, 438, 101, 505];1733.0;1909.0;0.8561046719551086;1.0;0.8896484375;0.8731848983543078
GUSA7Z_1_2870_1025_3382_1537;2541;1907;[76, 367, 105, 398];[78, 368, 109, 399];308.0;530.0;0.5752508640289307;1.0;0.418701171875;0.7714285714285715
GUSA7Z_1_2870_1025_3382_1537;2542;1903;[298, 230, 329, 255];[298, 230, 325, 257];303.0;384.0;0.7759815454483032;1.0;0.6298828125;0.8142340168878166
GUSA7Z_1_2870_1025_3382_1537;2543;1901;[418, 214, 454, 248];[420, 216, 453, 247];626.0;775.0;0.695555567741394;1.0;0.7919921875;0.8357843137254902
GUSA7Z_1_2870_1025_3382_1537;2544;-1;[405, 213, 424, 224];;134.5;0.0;0.0;1.0;0.0;0.0
GUSA7Z_1_2870_1025_3382_1537;2545;-1;[249, 193, 265, 212];;140.0;0.0;0.0;1.0;0.0;0.0
GUSA7Z_1_2870_1025_3382_1537;2546;-1;[236, 190, 251, 207];;120.0;0.0;0.0;1.0;0.0;0.0
GUSA7Z_1_2870_1025_3382_1537;2547;1902;[376, 172, 398, 199];[376, 172, 399, 201];308.5;446.0;0.64891517162323;1.0;0.72802734375;0.8905547226386806
GUSA7Z_1_2870_1025_3382_1537;2548;-1;[417, 29, 439, 40];;105.5;0.0;0.0;1.0;0.0;0.0
GUSA7Z_1_2870_1025_3382_1537;2549;1906;[468, 0, 500, 24];[468, 0, 499, 27];348.0;521.0;0.6655231714248657;1.0;0.42626953125;0.8641114982578397
GUSA7Z_1_3075_1025_3587_1537;2550;2006;[220, 375, 245, 390];[222, 374, 247, 391];259.5;310.0;0.7208672165870667;1.0;0.422607421875;0.7582417582417582
GUSA7Z_1_3075_1025_3587_1537;2551;-1;[31, 189, 47, 208];;147.5;0.0;0.0;1.0;0.0;0.0
GUSA7Z_1_3075_1025_3587_1537;2552;-1;[0, 366, 15, 374];;73.5;0.0;0.0;1.0;0.0;0.0
GUSA7Z_1_3075_1025_3587_1537;2553;-1;[0, 343, 11, 357];;96.0;0.0;0.0;1.0;0.0;0.0
GUSA7Z_1_3075_1025_3587_1537;2554;-1;[497, 477, 512, 503];;183.5;0.0;0.0;1.0;0.0;0.0
GUSA7Z_1_3075_1025_3587_1537;2555;2004;[74, 467, 113, 512];[74, 468, 113, 511];568.5;813.0;0.6677889823913574;1.0;0.537109375;0.9555555555555556
GUSA7Z_1_3075_1025_3587_1537;2556;2003;[93, 230, 124, 255];[94, 230, 119, 257];303.0;387.0;0.7364864945411682;1.0;0.68408203125;0.7575757575757576
GUSA7Z_1_3075_1025_3587_1537;2557;2001;[213, 214, 249, 248];[216, 216, 249, 247];626.0;784.0;0.6823658347129822;1.0;0.7880859375;0.8357843137254902
GUSA7Z_1_3075_1025_3587_1537;2558;-1;[200, 213, 219, 224];;134.5;0.0;0.0;1.0;0.0;0.0
GUSA7Z_1_3075_1025_3587_1537;2559;-1;[44, 193, 60, 212];;140.0;0.0;0.0;1.0;0.0;0.0
GUSA7Z_1_3075_1025_3587_1537;2560;-1;[31, 190, 46, 207];;120.0;0.0;0.0;1.0;0.0;0.0
GUSA7Z_1_3075_1025_3587_1537;2561;2002;[171, 172, 193, 199];[172, 172, 195, 201];308.5;439.0;0.6101364493370056;1.0;0.76220703125;0.8170028818443804
GUSA7Z_1_3075_1025_3587_1537;2562;2007;[443, 117, 458, 129];[444, 116, 461, 133];129.5;194.0;0.5805084705352783;1.0;0.03948974609375;0.5581395348837209
GUSA7Z_1_3075_1025_3587_1537;2563;2008;[212, 29, 234, 40];[212, 26, 237, 43];105.5;265.0;0.4530201256275177;1.0;0.0083160400390625;0.5694117647058824
GUSA7Z_1_3075_1025_3587_1537;2564;2005;[263, 0, 295, 24];[264, 0, 295, 27];348.0;522.0;0.6598290801048279;1.0;0.490234375;0.8641114982578397
GUSA7Z_1_3280_1025_3792_1537;2565;-1;[434, 237, 457, 252];;157.0;0.0;0.0;1.0;0.0;0.0
GUSA7Z_1_3280_1025_3792_1537;2566;-1;[329, 206, 347, 236];;271.5;0.0;0.0;1.0;0.0;0.0
GUSA7Z_1_3280_1025_3792_1537;2567;2108;[15, 375, 40, 390];[18, 374, 41, 391];259.5;274.0;0.7470930218696594;1.0;0.383056640625;0.7568807339449541
GUSA7Z_1_3280_1025_3792_1537;2568;2107;[292, 456, 344, 512];[292, 460, 345, 511];1740.0;1896.0;0.8210023641586304;1.0;0.482421875;0.8950388120148498
GUSA7Z_1_3280_1025_3792_1537;2569;2106;[344, 343, 366, 393];[346, 344, 369, 393];751.0;899.0;0.796146035194397;1.0;0.7041015625;0.7858861267040899
GUSA7Z_1_3280_1025_3792_1537;2570;2105;[8, 214, 44, 248];[12, 216, 43, 247];626.0;709.0;0.6997663378715515;1.0;0.7548828125;0.7851307189542484
GUSA7Z_1_3280_1025_3792_1537;2571;-1;[440, 239, 457, 252];;145.5;0.0;0.0;1.0;0.0;0.0
GUSA7Z_1_3280_1025_3792_1537;2572;-1;[329, 204, 344, 234];;220.0;0.0;0.0;1.0;0.0;0.0
GUSA7Z_1_3280_1025_3792_1537;2573;-1;[0, 213, 14, 224];;106.0;0.0;0.0;1.0;0.0;0.0
GUSA7Z_1_3280_1025_3792_1537;2574;2110;[238, 117, 253, 129];[238, 116, 257, 133];129.5;221.0;0.5708661675453186;1.0;0.0560302734375;0.5572755417956656
GUSA7Z_1_3280_1025_3792_1537;2575;2111;[7, 29, 29, 40];[6, 28, 33, 43];105.5;249.0;0.4736842215061188;1.0;0.006191253662109375;0.5975308641975309
GUSA7Z_1_3280_1025_3792_1537;2576;2109;[58, 0, 90, 24];[58, 0, 89, 25];348.0;516.0;0.6961130499839783;1.0;0.276611328125;0.9311639549436797
GUSA7Z_1_3280_1025_3792_1537;2577;-1;[471, 0, 512, 25];;900.5;0.0;0.0;1.0;0.0;0.0
GUSA7Z_1_3485_1025_3997_1537;2578;-1;[229, 237, 252, 252];;157.0;0.0;0.0;1.0;0.0;0.0
GUSA7Z_1_3485_1025_3997_1537;2579;-1;[124, 206, 142, 236];;271.5;0.0;0.0;1.0;0.0;0.0
GUSA7Z_1_3485_1025_3997_1537;2580;2190;[87, 456, 139, 512];[88, 460, 141, 511];1740.0;1901.0;0.8148148059844971;1.0;0.2401123046875;0.8629727936297279
GUSA7Z_1_3485_1025_3997_1537;2581;2189;[139, 343, 161, 393];[142, 344, 165, 395];751.0;886.0;0.7865853905677795;1.0;0.58154296875;0.6937406855439643
GUSA7Z_1_3485_1025_3997_1537;2582;-1;[235, 239, 252, 252];;145.5;0.0;0.0;1.0;0.0;0.0
GUSA7Z_1_3485_1025_3997_1537;2583;-1;[124, 204, 139, 234];;220.0;0.0;0.0;1.0;0.0;0.0
GUSA7Z_1_3485_1025_3997_1537;2584;2192;[33, 117, 48, 129];[34, 116, 51, 133];129.5;194.0;0.5805084705352783;1.0;0.047943115234375;0.5581395348837209
GUSA7Z_1_3485_1025_3997_1537;2585;2191;[266, 0, 356, 43];[266, 0, 357, 45];2187.5;2366.0;0.8513513803482056;1.0;0.060516357421875;0.945054945054945
GUSA7Z_1_3690_1025_4202_1537;2586;-1;[24, 237, 47, 252];;157.0;0.0;0.0;1.0;0.0;0.0
GUSA7Z_1_3690_1025_4202_1537;2587;-1;[30, 239, 47, 252];;145.5;0.0;0.0;1.0;0.0;0.0
GUSA7Z_1_3690_1025_4202_1537;2588;2245;[61, 0, 151, 43];[62, 0, 153, 45];2187.5;2439.0;0.8548018336296082;1.0;0.1015625;0.9248429192846785
GUSA7Z_1_205_1230_717_1742;2589;-1;[393, 47, 431, 69];;396.0;0.0;0.0;1.0;0.0;0.0
GUSA7Z_1_205_1230_717_1742;2590;1482;[392, 45, 431, 69];[394, 44, 429, 71];410.5;578.0;0.6661608219146729;1.0;0.195556640625;0.8069164265129684
GUSA7Z_1_410_1230_922_1742;2591;2322;[345, 284, 366, 305];[348, 282, 367, 299];202.5;237.0;0.501474916934967;1.0;0.0323486328125;0.5465587044534413
GUSA7Z_1_410_1230_922_1742;2592;2321;[188, 47, 226, 69];[188, 46, 219, 71];396.0;485.0;0.6560402512550354;1.0;0.07666015625;0.7341227125941873
GUSA7Z_1_410_1230_922_1742;2593;2320;[409, 320, 437, 339];[410, 320, 439, 341];233.5;363.0;0.6583541035652161;1.0;0.552734375;0.8168789808917197
GUSA7Z_1_410_1230_922_1742;2594;-1;[187, 45, 226, 69];;410.5;0.0;0.0;1.0;0.0;0.0
GUSA7Z_1_410_1230_922_1742;2595;-1;[481, 41, 490, 52];;55.0;0.0;0.0;1.0;0.0;0.0
GUSA7Z_1_615_1230_1127_1742;2596;2391;[140, 284, 161, 305];[144, 282, 163, 299];202.5;215.0;0.517241358757019;1.0;0.049041748046875;0.5009823182711198
GUSA7Z_1_615_1230_1127_1742;2597;-1;[0, 47, 21, 69];;221.0;0.0;0.0;1.0;0.0;0.0
GUSA7Z_1_615_1230_1127_1742;2598;2389;[390, 428, 435, 458];[390, 428, 435, 459];488.0;707.0;0.7092105150222778;1.0;0.6318359375;0.967741935483871
GUSA7Z_1_615_1230_1127_1742;2599;2390;[204, 320, 232, 339];[204, 320, 233, 341];233.5;375.0;0.6732186675071716;1.0;0.482421875;0.8735632183908046
GUSA7Z_1_615_1230_1127_1742;2600;-1;[0, 47, 21, 68];;206.5;0.0;0.0;1.0;0.0;0.0
GUSA7Z_1_615_1230_1127_1742;2601;-1;[276, 41, 285, 52];;55.0;0.0;0.0;1.0;0.0;0.0
GUSA7Z_1_820_1230_1332_1742;2602;-1;[330, 495, 347, 512];;147.5;0.0;0.0;1.0;0.0;0.0
GUSA7Z_1_820_1230_1332_1742;2603;2487;[434, 435, 450, 446];[432, 434, 453, 449];93.5;194.0;0.5277777910232544;1.0;0.005161285400390625;0.5587301587301587
GUSA7Z_1_820_1230_1332_1742;2604;2484;[185, 428, 230, 458];[186, 428, 231, 459];488.0;734.0;0.6771752834320068;1.0;0.68603515625;0.9263157894736842
GUSA7Z_1_820_1230_1332_1742;2605;2486;[306, 329, 330, 347];[306, 328, 333, 349];135.0;281.0;0.5062500238418579;1.0;0.025177001953125;0.7619047619047619
GUSA7Z_1_820_1230_1332_1742;2606;2485;[0, 320, 27, 339];[2, 320, 29, 341];231.5;330.0;0.6763925552368164;1.0;0.33642578125;0.7851239669421488
GUSA7Z_1_820_1230_1332_1742;2607;-1;[460, 3, 482, 19];;196.0;0.0;0.0;1.0;0.0;0.0
GUSA7Z_1_820_1230_1332_1742;2608;-1;[71, 41, 80, 52];;55.0;0.0;0.0;1.0;0.0;0.0
GUSA7Z_1_1025_1230_1537_1742;2609;-1;[483, 442, 503, 460];;147.0;0.0;0.0;1.0;0.0;0.0
GUSA7Z_1_1025_1230_1537_1742;2610;-1;[492, 464, 509, 478];;91.5;0.0;0.0;1.0;0.0;0.0
GUSA7Z_1_1025_1230_1537_1742;2611;-1;[389, 320, 404, 335];;108.5;0.0;0.0;1.0;0.0;0.0
GUSA7Z_1_1025_1230_1537_1742;2612;-1;[125, 495, 142, 512];;147.5;0.0;0.0;1.0;0.0;0.0
GUSA7Z_1_1025_1230_1537_1742;2613;764;[229, 435, 245, 446];[228, 434, 247, 449];93.5;193.0;0.5045454502105713;1.0;0.0090179443359375;0.6175438596491228
GUSA7Z_1_1025_1230_1537_1742;2614;-1;[0, 431, 25, 458];;225.5;0.0;0.0;1.0;0.0;0.0
GUSA7Z_1_1025_1230_1537_1742;2615;763;[101, 329, 125, 347];[100, 328, 129, 349];135.0;312.0;0.469914048910141;1.0;0.1431884765625;0.7093596059113301
GUSA7Z_1_1025_1230_1537_1742;2616;762;[420, 40, 455, 87];[422, 46, 455, 89];826.5;938.0;0.8251681327819824;1.0;0.74169921875;0.7907656341320864
GUSA7Z_1_1025_1230_1537_1742;2617;-1;[255, 3, 277, 19];;196.0;0.0;0.0;1.0;0.0;0.0
GUSA7Z_1_1230_1230_1742_1742;2618;-1;[278, 442, 298, 460];;147.0;0.0;0.0;1.0;0.0;0.0
GUSA7Z_1_1230_1230_1742_1742;2619;-1;[287, 464, 304, 478];;91.5;0.0;0.0;1.0;0.0;0.0
GUSA7Z_1_1230_1230_1742_1742;2620;-1;[184, 320, 199, 335];;108.5;0.0;0.0;1.0;0.0;0.0
GUSA7Z_1_1230_1230_1742_1742;2621;882;[24, 435, 40, 446];[24, 434, 43, 449];93.5;191.0;0.4954545497894287;1.0;0.006744384765625;0.6175438596491228
GUSA7Z_1_1230_1230_1742_1742;2622;881;[304, 253, 347, 275];[304, 254, 349, 279];478.0;660.0;0.6738836169242859;1.0;0.6513671875;0.7731164383561644
GUSA7Z_1_1230_1230_1742_1742;2623;-1;[349, 143, 360, 160];;96.0;0.0;0.0;1.0;0.0;0.0
GUSA7Z_1_1230_1230_1742_1742;2624;-1;[484, 72, 499, 79];;70.5;0.0;0.0;1.0;0.0;0.0
GUSA7Z_1_1230_1230_1742_1742;2625;880;[215, 40, 250, 87];[218, 48, 251, 89];826.5;922.0;0.8086538314819336;1.0;0.7734375;0.7131428571428572
GUSA7Z_1_1230_1230_1742_1742;2626;-1;[50, 3, 72, 19];;196.0;0.0;0.0;1.0;0.0;0.0
GUSA7Z_1_1435_1230_1947_1742;2627;-1;[73, 442, 93, 460];;147.0;0.0;0.0;1.0;0.0;0.0
GUSA7Z_1_1435_1230_1947_1742;2628;-1;[82, 464, 99, 478];;91.5;0.0;0.0;1.0;0.0;0.0
GUSA7Z_1_1435_1230_1947_1742;2629;1017;[425, 490, 462, 512];[428, 488, 463, 511];498.0;516.0;0.6947040557861328;1.0;0.02685546875;0.7889502762430939
GUSA7Z_1_1435_1230_1947_1742;2630;-1;[483, 300, 512, 331];;400.0;0.0;0.0;1.0;0.0;0.0
GUSA7Z_1_1435_1230_1947_1742;2631;1015;[99, 253, 142, 275];[98, 254, 145, 279];478.0;680.0;0.6759999990463257;1.0;0.64404296875;0.7413793103448276
GUSA7Z_1_1435_1230_1947_1742;2632;1018;[336, 158, 349, 184];[336, 158, 353, 187];250.5;356.0;0.710659921169281;1.0;0.0174407958984375;0.6855983772819473
GUSA7Z_1_1435_1230_1947_1742;2633;1016;[454, 153, 512, 196];[456, 152, 511, 197];1248.5;1346.0;0.8298291563987732;1.0;0.0548095703125;0.9082181259600615
GUSA7Z_1_1435_1230_1947_1742;2634;-1;[144, 143, 155, 160];;96.0;0.0;0.0;1.0;0.0;0.0
GUSA7Z_1_1435_1230_1947_1742;2635;-1;[279, 72, 294, 79];;70.5;0.0;0.0;1.0;0.0;0.0
GUSA7Z_1_1435_1230_1947_1742;2636;1014;[10, 40, 45, 87];[12, 48, 45, 89];826.5;888.0;0.8155053853988647;1.0;0.7880859375;0.7521917007597896
GUSA7Z_1_1640_1230_2152_1742;2637;1139;[402, 103, 428, 122];[404, 104, 427, 121];271.5;277.0;0.7277777791023254;1.0;0.27197265625;0.791497975708502
GUSA7Z_1_1640_1230_2152_1742;2638;1137;[429, 205, 468, 262];[432, 204, 471, 265];827.0;1274.0;0.6588407754898071;1.0;0.8818359375;0.8047058823529412
GUSA7Z_1_1640_1230_2152_1742;2639;-1;[402, 105, 427, 119];;179.5;0.0;0.0;1.0;0.0;0.0
GUSA7Z_1_1640_1230_2152_1742;2640;1141;[220, 490, 257, 512];[224, 490, 257, 511];498.0;462.0;0.7164179086685181;1.0;0.01525115966796875;0.8513513513513513
GUSA7Z_1_1640_1230_2152_1742;2641;1135;[363, 343, 490, 512];[364, 346, 489, 511];10930.5;11812.0;0.9086149334907532;1.0;0.97021484375;0.9609560639239622
GUSA7Z_1_1640_1230_2152_1742;2642;1138;[278, 291, 331, 331];[280, 294, 331, 331];957.0;1150.0;0.8030303120613098;1.0;0.8759765625;0.8900943396226415
GUSA7Z_1_1640_1230_2152_1742;2643;1140;[131, 158, 144, 184];[130, 158, 147, 187];250.5;365.0;0.6947891116142273;1.0;0.0509033203125;0.6855983772819473
GUSA7Z_1_1640_1230_2152_1742;2644;1136;[249, 146, 340, 203];[252, 148, 339, 203];2165.0;2387.0;0.8611538410186768;1.0;0.94482421875;0.9224985540775015
GUSA7Z_1_1640_1230_2152_1742;2645;-1;[74, 72, 89, 79];;70.5;0.0;0.0;1.0;0.0;0.0
GUSA7Z_1_1640_1230_2152_1742;2646;-1;[458, 0, 505, 16];;560.0;0.0;0.0;1.0;0.0;0.0
GUSA7Z_1_1845_1230_2357_1742;2647;1247;[197, 103, 223, 122];[198, 104, 223, 121];271.5;289.0;0.7472527623176575;1.0;0.414794921875;0.8603238866396761
GUSA7Z_1_1845_1230_2357_1742;2648;1245;[338, 387, 512, 512];[342, 386, 511, 511];5977.0;7490.0;0.7862923741340637;1.0;0.63623046875;0.9560655139376797
GUSA7Z_1_1845_1230_2357_1742;2649;1244;[354, 268, 383, 309];[352, 268, 383, 311];549.5;850.0;0.6702938079833984;1.0;0.845703125;0.891972993248312
GUSA7Z_1_1845_1230_2357_1742;2650;1242;[224, 205, 263, 262];[228, 204, 267, 265];827.0;1285.0;0.6452311873435974;1.0;0.8681640625;0.7652474108170311
GUSA7Z_1_1845_1230_2357_1742;2651;1248;[354, 122, 489, 196];[356, 124, 489, 195];1667.0;2196.0;0.6700038313865662;1.0;0.2421875;0.9452452452452452
GUSA7Z_1_1845_1230_2357_1742;2652;1246;[308, 22, 328, 42];[308, 22, 327, 43];183.5;279.0;0.6857143044471741;1.0;0.5234375;0.9069212410501193
GUSA7Z_1_1845_1230_2357_1742;2653;-1;[197, 105, 222, 119];;179.5;0.0;0.0;1.0;0.0;0.0
GUSA7Z_1_1845_1230_2357_1742;2654;1249;[15, 490, 52, 512];[24, 490, 53, 511];498.0;425.0;0.6544850468635559;1.0;0.011505126953125;0.704191616766467
GUSA7Z_1_1845_1230_2357_1742;2655;1240;[158, 343, 285, 512];[158, 346, 285, 511];10930.5;11810.0;0.9118780493736267;1.0;0.9755859375;0.9763313609467456
GUSA7Z_1_1845_1230_2357_1742;2656;1243;[73, 291, 126, 331];[76, 294, 127, 331];957.0;1131.0;0.8014469742774963;1.0;0.8681640625;0.8576726935558646
GUSA7Z_1_1845_1230_2357_1742;2657;1241;[44, 146, 135, 203];[46, 148, 135, 203];2165.0;2404.0;0.8681783080101013;1.0;0.94677734375;0.9437054173896279
GUSA7Z_1_1845_1230_2357_1742;2658;-1;[253, 0, 300, 16];;560.0;0.0;0.0;1.0;0.0;0.0
GUSA7Z_1_2050_1230_2562_1742;2659;-1;[419, 70, 430, 76];;38.0;0.0;0.0;1.0;0.0;0.0
GUSA7Z_1_2050_1230_2562_1742;2660;-1;[0, 103, 18, 122];;230.0;0.0;0.0;1.0;0.0;0.0
GUSA7Z_1_2050_1230_2562_1742;2661;-1;[499, 482, 512, 498];;147.0;0.0;0.0;1.0;0.0;0.0
GUSA7Z_1_2050_1230_2562_1742;2662;-1;[473, 112, 490, 121];;77.5;0.0;0.0;1.0;0.0;0.0
GUSA7Z_1_2050_1230_2562_1742;2663;1364;[133, 387, 338, 512];[136, 388, 337, 511];6754.0;7868.0;0.8413981795310974;1.0;0.9443359375;0.9648
GUSA7Z_1_2050_1230_2562_1742;2664;1366;[149, 268, 178, 309];[148, 268, 179, 311];549.5;838.0;0.6780219674110413;1.0;0.84375;0.891972993248312
GUSA7Z_1_2050_1230_2562_1742;2665;1365;[19, 205, 58, 262];[22, 204, 61, 265];827.0;1299.0;0.6472282409667969;1.0;0.85693359375;0.8047058823529412
GUSA7Z_1_2050_1230_2562_1742;2666;1369;[392, 216, 512, 354];[396, 218, 511, 351];8344.5;8303.0;0.8552192449569702;1.0;0.1634521484375;0.9236111111111112
GUSA7Z_1_2050_1230_2562_1742;2667;1367;[149, 122, 284, 196];[152, 124, 283, 195];1667.0;2158.0;0.6831372380256653;1.0;0.422607421875;0.931031031031031
GUSA7Z_1_2050_1230_2562_1742;2668;-1;[316, 71, 335, 84];;156.5;0.0;0.0;1.0;0.0;0.0
GUSA7Z_1_2050_1230_2562_1742;2669;1368;[103, 22, 123, 42];[104, 22, 123, 43];183.5;267.0;0.7016393542289734;1.0;0.25244140625;0.9069212410501193
GUSA7Z_1_2050_1230_2562_1742;2670;-1;[0, 106, 17, 119];;138.0;0.0;0.0;1.0;0.0;0.0
GUSA7Z_1_2050_1230_2562_1742;2671;-1;[0, 343, 80, 512];;5266.0;0.0;0.0;1.0;0.0;0.0
GUSA7Z_1_2050_1230_2562_1742;2672;-1;[48, 0, 95, 16];;560.0;0.0;0.0;1.0;0.0;0.0
GUSA7Z_1_2255_1230_2767_1742;2673;-1;[214, 70, 225, 76];;38.0;0.0;0.0;1.0;0.0;0.0
GUSA7Z_1_2255_1230_2767_1742;2674;1543;[294, 477, 319, 501];[296, 480, 317, 501];290.5;285.0;0.7188329100608826;1.0;0.1375732421875;0.735
GUSA7Z_1_2255_1230_2767_1742;2675;-1;[479, 481, 496, 493];;89.0;0.0;0.0;1.0;0.0;0.0
GUSA7Z_1_2255_1230_2767_1742;2676;-1;[458, 117, 492, 146];;379.0;0.0;0.0;1.0;0.0;0.0
GUSA7Z_1_2255_1230_2767_1742;2677;-1;[382, 90, 399, 102];;121.5;0.0;0.0;1.0;0.0;0.0
GUSA7Z_1_2255_1230_2767_1742;2678;-1;[268, 112, 285, 121];;77.5;0.0;0.0;1.0;0.0;0.0
GUSA7Z_1_2255_1230_2767_1742;2679;-1;[400, 142, 414, 152];;64.5;0.0;0.0;1.0;0.0;0.0
GUSA7Z_1_2255_1230_2767_1742;2680;1544;[416, 427, 437, 444];[418, 428, 439, 447];123.0;244.0;0.4673539400100708;1.0;0.0259552001953125;0.672566371681416
GUSA7Z_1_2255_1230_2767_1742;2681;-1;[498, 396, 512, 411];;135.0;0.0;0.0;1.0;0.0;0.0
GUSA7Z_1_2255_1230_2767_1742;2682;1541;[0, 387, 133, 512];[2, 388, 131, 511];4937.0;5954.0;0.7752878069877625;1.0;0.9423828125;0.954406015037594
GUSA7Z_1_2255_1230_2767_1742;2683;1540;[187, 216, 442, 354];[190, 218, 443, 353];17427.5;18071.0;0.9184114933013916;1.0;0.95947265625;0.9630573248407643
GUSA7Z_1_2255_1230_2767_1742;2684;1542;[0, 150, 79, 196];[2, 152, 79, 195];1154.5;1267.0;0.8122448921203613;1.0;0.77734375;0.9111172261970281
GUSA7Z_1_2255_1230_2767_1742;2685;1545;[111, 71, 130, 84];[112, 70, 131, 87];156.5;221.0;0.7108433842658997;1.0;0.007518768310546875;0.6964285714285714
GUSA7Z_1_2255_1230_2767_1742;2686;-1;[382, 88, 399, 105];;184.5;0.0;0.0;1.0;0.0;0.0
GUSA7Z_1_2460_1230_2972_1742;2687;-1;[9, 70, 20, 76];;38.0;0.0;0.0;1.0;0.0;0.0
GUSA7Z_1_2460_1230_2972_1742;2688;1675;[89, 477, 114, 501];[92, 480, 113, 501];290.5;281.0;0.6753246784210205;1.0;0.23095703125;0.735
GUSA7Z_1_2460_1230_2972_1742;2689;1678;[274, 481, 291, 493];[274, 480, 293, 495];89.0;209.0;0.497854083776474;1.0;0.01560211181640625;0.7157894736842105
GUSA7Z_1_2460_1230_2972_1742;2690;-1;[253, 117, 287, 146];;379.0;0.0;0.0;1.0;0.0;0.0
GUSA7Z_1_2460_1230_2972_1742;2691;-1;[177, 90, 194, 102];;121.5;0.0;0.0;1.0;0.0;0.0
GUSA7Z_1_2460_1230_2972_1742;2692;-1;[63, 112, 80, 121];;77.5;0.0;0.0;1.0;0.0;0.0
GUSA7Z_1_2460_1230_2972_1742;2693;-1;[195, 142, 209, 152];;64.5;0.0;0.0;1.0;0.0;0.0
GUSA7Z_1_2460_1230_2972_1742;2694;1677;[211, 427, 232, 444];[214, 428, 233, 447];123.0;228.0;0.48028674721717834;1.0;0.1259765625;0.6697674418604651
GUSA7Z_1_2460_1230_2972_1742;2695;1674;[293, 393, 335, 417];[296, 394, 335, 419];613.5;710.0;0.8301158547401428;1.0;0.5546875;0.8259668508287292
GUSA7Z_1_2460_1230_2972_1742;2696;1673;[466, 231, 509, 299];[468, 234, 511, 299];1733.0;1790.0;0.8743059039115906;1.0;0.88720703125;0.872626064178127
GUSA7Z_1_2460_1230_2972_1742;2697;1672;[0, 216, 237, 354];[0, 218, 237, 353];17183.0;17738.0;0.9195809960365295;1.0;0.94482421875;0.9782608695652174
GUSA7Z_1_2460_1230_2972_1742;2698;1676;[486, 162, 512, 193];[488, 162, 509, 193];294.5;378.0;0.6623093485832214;1.0;0.1778564453125;0.8076923076923077
GUSA7Z_1_2460_1230_2972_1742;2699;-1;[379, 152, 388, 169];;107.5;0.0;0.0;1.0;0.0;0.0
GUSA7Z_1_2460_1230_2972_1742;2700;1679;[351, 16, 361, 34];[346, 14, 363, 43];122.5;352.0;0.3734015226364136;1.0;0.0110321044921875;0.36511156186612576
GUSA7Z_1_2460_1230_2972_1742;2701;-1;[177, 88, 194, 105];;184.5;0.0;0.0;1.0;0.0;0.0
GUSA7Z_1_2665_1230_3177_1742;2703;1804;[362, 227, 380, 251];[364, 228, 381, 249];237.0;249.0;0.672672688961029;1.0;0.193115234375;0.7417218543046358
GUSA7Z_1_2665_1230_3177_1742;2704;-1;[407, 161, 425, 169];;84.5;0.0;0.0;1.0;0.0;0.0
GUSA7Z_1_2665_1230_3177_1742;2705;-1;[410, 138, 421, 152];;96.0;0.0;0.0;1.0;0.0;0.0
GUSA7Z_1_2665_1230_3177_1742;2706;-1;[69, 481, 86, 493];;89.0;0.0;0.0;1.0;0.0;0.0
GUSA7Z_1_2665_1230_3177_1742;2707;-1;[48, 117, 82, 146];;379.0;0.0;0.0;1.0;0.0;0.0
GUSA7Z_1_2665_1230_3177_1742;2708;1805;[6, 427, 27, 444];[8, 428, 29, 445];123.0;217.0;0.5245283246040344;1.0;0.06561279296875;0.7414634146341463
GUSA7Z_1_2665_1230_3177_1742;2709;1799;[330, 431, 385, 498];[334, 436, 385, 499];1602.0;1706.0;0.8116315007209778;1.0;0.908203125;0.8463597430406852
GUSA7Z_1_2665_1230_3177_1742;2710;1803;[88, 393, 130, 417];[92, 394, 131, 417];613.5;698.0;0.8337662220001221;1.0;0.525390625;0.8477206595538312
GUSA7Z_1_2665_1230_3177_1742;2711;1802;[379, 267, 410, 300];[380, 266, 413, 303];494.0;670.0;0.7293956279754639;1.0;0.54296875;0.7894736842105263
GUSA7Z_1_2665_1230_3177_1742;2712;1800;[484, 268, 512, 309];[484, 270, 511, 311];526.5;732.0;0.6836861968040466;1.0;0.74462890625;0.8760399334442596
GUSA7Z_1_2665_1230_3177_1742;2713;1798;[261, 231, 304, 299];[264, 234, 305, 299];1733.0;1770.0;0.8644410967826843;1.0;0.91259765625;0.8698561391769822
GUSA7Z_1_2665_1230_3177_1742;2714;1801;[281, 162, 310, 193];[282, 164, 313, 193];308.0;510.0;0.6017391085624695;1.0;0.5546875;0.8235294117647058
GUSA7Z_1_2665_1230_3177_1742;2715;-1;[174, 152, 183, 169];;107.5;0.0;0.0;1.0;0.0;0.0
GUSA7Z_1_2665_1230_3177_1742;2716;-1;[503, 32, 512, 50];;114.5;0.0;0.0;1.0;0.0;0.0
GUSA7Z_1_2665_1230_3177_1742;2717;1806;[146, 16, 156, 34];[142, 14, 159, 45];122.5;359.0;0.37055838108062744;1.0;0.022796630859375;0.3415559772296015
GUSA7Z_1_2665_1230_3177_1742;2718;-1;[459, 0, 470, 7];;50.0;0.0;0.0;1.0;0.0;0.0
GUSA7Z_1_2665_1230_3177_1742;-1;1807;;[300, 18, 321, 47];0.0;380.0;0.0;;0.0053863525390625;0.0
GUSA7Z_1_2870_1230_3382_1742;2719;1917;[425, 170, 450, 185];[426, 170, 451, 187];259.5;294.0;0.7394958138465881;1.0;0.466796875;0.8181818181818182
GUSA7Z_1_2870_1230_3382_1742;2721;1919;[157, 227, 175, 251];[158, 228, 177, 249];237.0;271.0;0.6477272510528564;1.0;0.1871337890625;0.7531645569620253
GUSA7Z_1_2870_1230_3382_1742;2722;-1;[202, 161, 220, 169];;84.5;0.0;0.0;1.0;0.0;0.0
GUSA7Z_1_2870_1230_3382_1742;2723;-1;[205, 138, 216, 152];;96.0;0.0;0.0;1.0;0.0;0.0
GUSA7Z_1_2870_1230_3382_1742;2724;1911;[125, 431, 180, 498];[128, 436, 181, 499];1602.0;1731.0;0.8200922608375549;1.0;0.92138671875;0.848421052631579
GUSA7Z_1_2870_1230_3382_1742;2725;1910;[374, 313, 449, 397];[376, 314, 451, 397];3334.5;3870.0;0.8530864119529724;1.0;0.93896484375;0.9370553665326322
GUSA7Z_1_2870_1230_3382_1742;2726;1918;[174, 267, 205, 300];[174, 266, 207, 303];494.0;684.0;0.729619562625885;1.0;0.4609375;0.8378378378378378
GUSA7Z_1_2870_1230_3382_1742;2727;1913;[279, 262, 318, 309];[278, 262, 317, 311];577.0;924.0;0.6268958449363708;1.0;0.810546875;0.9121552604698672
GUSA7Z_1_2870_1230_3382_1742;2728;1912;[56, 231, 99, 299];[58, 234, 101, 299];1733.0;1890.0;0.8538011908531189;1.0;0.90380859375;0.872626064178127
GUSA7Z_1_2870_1230_3382_1742;2729;1916;[76, 162, 105, 193];[78, 162, 107, 193];308.0;497.0;0.6203208565711975;1.0;0.64794921875;0.8709677419354839
GUSA7Z_1_2870_1230_3382_1742;2730;1915;[298, 25, 329, 50];[298, 24, 325, 51];303.0;396.0;0.7294900417327881;1.0;0.68603515625;0.8142340168878166
GUSA7Z_1_2870_1230_3382_1742;2731;1914;[418, 9, 454, 43];[420, 12, 453, 43];626.0;756.0;0.7189988493919373;1.0;0.75634765625;0.8357843137254902
GUSA7Z_1_2870_1230_3382_1742;2732;-1;[405, 8, 424, 19];;134.5;0.0;0.0;1.0;0.0;0.0
GUSA7Z_1_2870_1230_3382_1742;2733;-1;[254, 0, 265, 7];;50.0;0.0;0.0;1.0;0.0;0.0
GUSA7Z_1_2870_1230_3382_1742;-1;1920;;[296, 426, 337, 445];0.0;529.0;0.0;;0.005344390869140625;0.0
GUSA7Z_1_3075_1230_3587_1742;2734;2013;[220, 170, 245, 185];[222, 170, 247, 187];259.5;293.0;0.6994535326957703;1.0;0.517578125;0.7582417582417582
GUSA7Z_1_3075_1230_3587_1742;2736;-1;[0, 161, 15, 169];;73.5;0.0;0.0;1.0;0.0;0.0
GUSA7Z_1_3075_1230_3587_1742;2737;-1;[0, 138, 11, 152];;96.0;0.0;0.0;1.0;0.0;0.0
GUSA7Z_1_3075_1230_3587_1742;2738;2009;[169, 313, 244, 397];[172, 314, 245, 397];3334.5;3792.0;0.8587146997451782;1.0;0.94091796875;0.9362368792104027
GUSA7Z_1_3075_1230_3587_1742;2739;-1;[497, 272, 512, 298];;183.5;0.0;0.0;1.0;0.0;0.0
GUSA7Z_1_3075_1230_3587_1742;2740;2010;[74, 262, 113, 309];[74, 262, 113, 311];577.0;905.0;0.6460268497467041;1.0;0.82421875;0.9591836734693877
GUSA7Z_1_3075_1230_3587_1742;2741;2012;[93, 25, 124, 50];[94, 24, 119, 51];303.0;367.0;0.7412587404251099;1.0;0.6298828125;0.7575757575757576
GUSA7Z_1_3075_1230_3587_1742;2742;2011;[213, 9, 249, 43];[216, 10, 249, 43];626.0;788.0;0.6971365809440613;1.0;0.76611328125;0.8897058823529411
GUSA7Z_1_3075_1230_3587_1742;2743;-1;[200, 8, 219, 19];;134.5;0.0;0.0;1.0;0.0;0.0
GUSA7Z_1_3075_1230_3587_1742;2744;-1;[49, 0, 60, 7];;50.0;0.0;0.0;1.0;0.0;0.0
GUSA7Z_1_3075_1230_3587_1742;-1;2014;;[90, 426, 133, 445];0.0;553.0;0.0;;0.01107025146484375;0.0
GUSA7Z_1_3280_1230_3792_1742;2745;-1;[434, 32, 457, 47];;157.0;0.0;0.0;1.0;0.0;0.0
GUSA7Z_1_3280_1230_3792_1742;2746;-1;[329, 1, 347, 31];;271.5;0.0;0.0;1.0;0.0;0.0
GUSA7Z_1_3280_1230_3792_1742;2747;2115;[15, 170, 40, 185];[16, 170, 41, 187];259.5;304.0;0.7903682589530945;1.0;0.529296875;0.8181818181818182
GUSA7Z_1_3280_1230_3792_1742;2748;-1;[350, 461, 435, 512];;3155.0;0.0;0.0;1.0;0.0;0.0
GUSA7Z_1_3280_1230_3792_1742;2749;-1;[0, 313, 39, 397];;2057.5;0.0;0.0;1.0;0.0;0.0
GUSA7Z_1_3280_1230_3792_1742;2750;2112;[292, 251, 344, 312];[294, 254, 345, 313];1831.0;2026.0;0.8385629653930664;1.0;0.8798828125;0.8838768668088998
GUSA7Z_1_3280_1230_3792_1742;2751;2114;[344, 138, 366, 188];[346, 138, 371, 189];751.0;945.0;0.7801766395568848;1.0;0.72314453125;0.7272727272727273
GUSA7Z_1_3280_1230_3792_1742;2752;2113;[8, 9, 44, 43];[14, 12, 43, 43];626.0;652.0;0.698911726474762;1.0;0.77880859375;0.7344771241830066
GUSA7Z_1_3280_1230_3792_1742;2753;-1;[440, 34, 457, 47];;145.5;0.0;0.0;1.0;0.0;0.0
GUSA7Z_1_3280_1230_3792_1742;2754;-1;[329, 0, 344, 29];;217.5;0.0;0.0;1.0;0.0;0.0
GUSA7Z_1_3280_1230_3792_1742;2755;-1;[0, 8, 14, 19];;106.0;0.0;0.0;1.0;0.0;0.0
GUSA7Z_1_3485_1230_3997_1742;2756;-1;[229, 32, 252, 47];;157.0;0.0;0.0;1.0;0.0;0.0
GUSA7Z_1_3485_1230_3997_1742;2757;-1;[124, 1, 142, 31];;271.5;0.0;0.0;1.0;0.0;0.0
GUSA7Z_1_3485_1230_3997_1742;2758;-1;[145, 461, 230, 512];;3155.0;0.0;0.0;1.0;0.0;0.0
GUSA7Z_1_3485_1230_3997_1742;2759;2193;[87, 251, 139, 312];[88, 256, 141, 313];1831.0;2012.0;0.8331813812255859;1.0;0.8857421875;0.8558585555888523
GUSA7Z_1_3485_1230_3997_1742;2760;2194;[139, 138, 161, 188];[142, 138, 165, 189];751.0;890.0;0.7870182394981384;1.0;0.658203125;0.7180650037792895
GUSA7Z_1_3485_1230_3997_1742;2761;-1;[235, 34, 252, 47];;145.5;0.0;0.0;1.0;0.0;0.0
GUSA7Z_1_3485_1230_3997_1742;2762;-1;[124, 0, 139, 29];;217.5;0.0;0.0;1.0;0.0;0.0
GUSA7Z_1_3690_1230_4202_1742;2763;-1;[24, 32, 47, 47];;157.0;0.0;0.0;1.0;0.0;0.0
GUSA7Z_1_3690_1230_4202_1742;2764;-1;[30, 34, 47, 47];;145.5;0.0;0.0;1.0;0.0;0.0
GUSA7Z_1_0_1435_512_1947;2765;735;[350, 398, 374, 435];[350, 400, 377, 437];405.0;614.0;0.6031294465065002;1.0;0.1019287109375;0.8022922636103151
GUSA7Z_1_0_1435_512_1947;-1;736;;[72, 364, 87, 389];0.0;277.0;0.0;;0.062103271484375;0.0
GUSA7Z_1_205_1435_717_1947;2766;1483;[145, 398, 169, 435];[146, 400, 171, 437];405.0;582.0;0.6290801167488098;1.0;0.132568359375;0.7986111111111112
GUSA7Z_1_205_1435_717_1947;2767;1484;[491, 431, 512, 450];[490, 430, 511, 451];230.0;292.0;0.720588207244873;1.0;0.006717681884765625;0.8260869565217391
GUSA7Z_1_410_1435_922_1947;2768;2326;[345, 79, 366, 100];[348, 78, 367, 95];202.5;225.0;0.5153374075889587;1.0;0.018829345703125;0.6050420168067226
GUSA7Z_1_410_1435_922_1947;2769;2325;[386, 341, 415, 368];[386, 340, 417, 365];302.0;479.0;0.588447630405426;1.0;0.1812744140625;0.8074245939675174
GUSA7Z_1_410_1435_922_1947;2770;2323;[286, 431, 321, 450];[286, 428, 321, 451];277.5;506.0;0.5767857432365417;1.0;0.60205078125;0.8260869565217391
GUSA7Z_1_410_1435_922_1947;2771;2324;[409, 115, 437, 134];[410, 116, 439, 137];233.5;353.0;0.6582914590835571;1.0;0.57373046875;0.7419847328244275
GUSA7Z_1_615_1435_1127_1947;2772;2397;[140, 79, 161, 100];[144, 78, 163, 95];202.5;217.0;0.5077881813049316;1.0;0.0455322265625;0.5528455284552846
GUSA7Z_1_615_1435_1127_1947;2773;2395;[181, 341, 210, 368];[180, 340, 213, 365];302.0;502.0;0.5711805820465088;1.0;0.140380859375;0.7631578947368421
GUSA7Z_1_615_1435_1127_1947;2774;2393;[81, 431, 116, 450];[82, 430, 115, 451];277.5;453.0;0.6031128168106079;1.0;0.58154296875;0.8577291381668947
GUSA7Z_1_615_1435_1127_1947;2775;2392;[390, 223, 435, 253];[392, 224, 435, 255];488.0;674.0;0.7043010592460632;1.0;0.673828125;0.8683844011142061
GUSA7Z_1_615_1435_1127_1947;2776;2394;[204, 115, 232, 134];[204, 116, 233, 137];233.5;371.0;0.6593137383460999;1.0;0.56396484375;0.7912087912087912
GUSA7Z_1_615_1435_1127_1947;-1;2396;;[452, 452, 485, 477];0.0;586.0;0.0;;0.06256103515625;0.0
GUSA7Z_1_820_1435_1332_1947;2777;2491;[330, 290, 347, 310];[330, 290, 349, 313];167.0;251.0;0.6092715263366699;1.0;0.1431884765625;0.7780320366132724
GUSA7Z_1_820_1435_1332_1947;2778;-1;[434, 230, 450, 241];;93.5;0.0;0.0;1.0;0.0;0.0
GUSA7Z_1_820_1435_1332_1947;2779;2488;[185, 223, 230, 253];[186, 224, 231, 255];488.0;707.0;0.6909090876579285;1.0;0.642578125;0.8686181075561606
GUSA7Z_1_820_1435_1332_1947;2780;2492;[306, 124, 330, 142];[306, 124, 333, 143];135.0;258.0;0.5302013158798218;1.0;0.1251220703125;0.8421052631578947
GUSA7Z_1_820_1435_1332_1947;2781;2489;[0, 115, 27, 134];[2, 116, 29, 135];231.5;315.0;0.6757493019104004;1.0;0.556640625;0.78125
GUSA7Z_1_820_1435_1332_1947;-1;2490;;[248, 452, 281, 477];0.0;581.0;0.0;;0.2005615234375;0.0
GUSA7Z_1_1025_1435_1537_1947;2782;-1;[483, 237, 503, 255];;147.0;0.0;0.0;1.0;0.0;0.0
GUSA7Z_1_1025_1435_1537_1947;2783;-1;[492, 259, 509, 273];;91.5;0.0;0.0;1.0;0.0;0.0
GUSA7Z_1_1025_1435_1537_1947;2784;-1;[389, 115, 404, 130];;108.5;0.0;0.0;1.0;0.0;0.0
GUSA7Z_1_1025_1435_1537_1947;2785;768;[125, 290, 142, 310];[126, 290, 143, 311];167.0;212.0;0.565371036529541;1.0;0.08038330078125;0.8488063660477454
GUSA7Z_1_1025_1435_1537_1947;2786;765;[453, 450, 481, 478];[454, 444, 483, 481];454.5;829.0;0.5723981857299805;1.0;0.763671875;0.6866485013623979
GUSA7Z_1_1025_1435_1537_1947;2787;-1;[504, 420, 512, 436];;96.0;0.0;0.0;1.0;0.0;0.0
GUSA7Z_1_1025_1435_1537_1947;2788;766;[405, 386, 418, 410];[402, 386, 421, 413];199.5;356.0;0.5918367505073547;1.0;0.1259765625;0.6081871345029239
GUSA7Z_1_1025_1435_1537_1947;2789;770;[229, 230, 245, 241];[228, 228, 247, 245];93.5;195.0;0.5133928656578064;1.0;0.005100250244140625;0.544891640866873
GUSA7Z_1_1025_1435_1537_1947;2790;-1;[0, 226, 25, 253];;225.5;0.0;0.0;1.0;0.0;0.0
GUSA7Z_1_1025_1435_1537_1947;2791;769;[101, 124, 125, 142];[102, 124, 127, 145];135.0;260.0;0.4983818829059601;1.0;0.058563232421875;0.7624309392265194
GUSA7Z_1_1025_1435_1537_1947;-1;767;;[42, 452, 75, 477];0.0;599.0;0.0;;0.0885009765625;0.0
GUSA7Z_1_1230_1435_1742_1947;2792;-1;[278, 237, 298, 255];;147.0;0.0;0.0;1.0;0.0;0.0
GUSA7Z_1_1230_1435_1742_1947;2793;-1;[287, 259, 304, 273];;91.5;0.0;0.0;1.0;0.0;0.0
GUSA7Z_1_1230_1435_1742_1947;2794;-1;[184, 115, 199, 130];;108.5;0.0;0.0;1.0;0.0;0.0
GUSA7Z_1_1230_1435_1742_1947;2795;884;[248, 450, 276, 478];[248, 446, 279, 481];454.5;819.0;0.5766174793243408;1.0;0.77197265625;0.7225806451612903
GUSA7Z_1_1230_1435_1742_1947;2796;-1;[299, 420, 307, 436];;96.0;0.0;0.0;1.0;0.0;0.0
GUSA7Z_1_1230_1435_1742_1947;2797;885;[200, 386, 213, 410];[198, 386, 215, 413];199.5;327.0;0.6318681240081787;1.0;0.4111328125;0.6797385620915033
GUSA7Z_1_1230_1435_1742_1947;2798;886;[24, 230, 40, 241];[24, 228, 43, 245];93.5;203.0;0.4743589758872986;1.0;0.01146697998046875;0.544891640866873
GUSA7Z_1_1230_1435_1742_1947;2799;883;[304, 48, 347, 70];[304, 48, 349, 73];478.0;692.0;0.6666666865348816;1.0;0.77880859375;0.8408888888888889
GUSA7Z_1_1435_1435_1947_1947;2800;-1;[73, 237, 93, 255];;147.0;0.0;0.0;1.0;0.0;0.0
GUSA7Z_1_1435_1435_1947_1947;2801;-1;[82, 259, 99, 273];;91.5;0.0;0.0;1.0;0.0;0.0
GUSA7Z_1_1435_1435_1947_1947;2802;1022;[488, 492, 512, 505];[486, 490, 511, 507];199.5;334.0;0.5655527114868164;1.0;0.0233306884765625;0.682648401826484
GUSA7Z_1_1435_1435_1947_1947;2803;1021;[43, 450, 71, 478];[44, 446, 73, 479];454.5;736.0;0.6339622735977173;1.0;0.7607421875;0.76751269035533
GUSA7Z_1_1435_1435_1947_1947;2804;-1;[94, 420, 102, 436];;96.0;0.0;0.0;1.0;0.0;0.0
GUSA7Z_1_1435_1435_1947_1947;2805;-1;[0, 386, 8, 410];;137.0;0.0;0.0;1.0;0.0;0.0
GUSA7Z_1_1435_1435_1947_1947;2806;1019;[421, 285, 464, 330];[424, 284, 467, 331];1076.5;1401.0;0.7459893226623535;1.0;0.822265625;0.8348794063079777
GUSA7Z_1_1435_1435_1947_1947;2807;-1;[483, 95, 512, 126];;400.0;0.0;0.0;1.0;0.0;0.0
GUSA7Z_1_1435_1435_1947_1947;2808;1020;[99, 48, 142, 70];[98, 48, 145, 73];478.0;699.0;0.671895444393158;1.0;0.79931640625;0.8051063829787234
GUSA7Z_1_1435_1435_1947_1947;-1;1023;;[486, 294, 503, 329];0.0;446.0;0.0;;0.0208892822265625;0.0
GUSA7Z_1_1435_1435_1947_1947;-1;1024;;[146, 212, 163, 233];0.0;215.0;0.0;;0.00867462158203125;0.0
GUSA7Z_1_1640_1435_2152_1947;2809;1145;[429, 0, 468, 57];[434, 2, 471, 59];827.0;1171.0;0.6643518805503845;1.0;0.822265625;0.7595450852965069
GUSA7Z_1_1640_1435_2152_1947;2810;1146;[283, 492, 314, 505];[282, 490, 317, 507];214.5;476.0;0.5038314461708069;1.0;0.346923828125;0.6773109243697479
GUSA7Z_1_1640_1435_2152_1947;2811;1144;[216, 285, 259, 330];[218, 284, 261, 331];1076.5;1376.0;0.7727583646774292;1.0;0.85498046875;0.8739933680720038
GUSA7Z_1_1640_1435_2152_1947;2812;1142;[363, 138, 490, 320];[364, 140, 489, 321];11126.0;12063.0;0.9116324186325073;1.0;0.9736328125;0.9682000086062224
GUSA7Z_1_1640_1435_2152_1947;2813;1143;[278, 86, 331, 126];[280, 90, 331, 127];957.0;1139.0;0.7939538359642029;1.0;0.8818359375;0.8456932289267619
GUSA7Z_1_1640_1435_2152_1947;-1;1147;;[282, 294, 299, 329];0.0;423.0;0.0;;0.00731658935546875;0.0
GUSA7Z_1_1845_1435_2357_1947;2814;1257;[376, 469, 410, 512];[378, 470, 411, 511];764.5;972.0;0.7072727084159851;1.0;0.178955078125;0.8729208250166334
GUSA7Z_1_1845_1435_2357_1947;2815;1255;[338, 182, 512, 308];[340, 182, 511, 309];5984.0;7493.0;0.792902410030365;1.0;0.5009765625;0.9751527494908351
GUSA7Z_1_1845_1435_2357_1947;2816;1253;[354, 63, 383, 104];[354, 62, 385, 107];549.5;814.0;0.6918736100196838;1.0;0.84814453125;0.8523297491039427
GUSA7Z_1_1845_1435_2357_1947;2817;1254;[224, 0, 263, 57];[228, 2, 265, 59];827.0;1157.0;0.6661478877067566;1.0;0.84375;0.7997507270461155
GUSA7Z_1_1845_1435_2357_1947;2818;1256;[78, 492, 109, 505];[76, 490, 111, 507];214.5;459.0;0.5228628516197205;1.0;0.2005615234375;0.6773109243697479
GUSA7Z_1_1845_1435_2357_1947;2819;1252;[11, 285, 54, 330];[12, 284, 57, 333];1076.5;1456.0;0.7513157725334167;1.0;0.85498046875;0.84
GUSA7Z_1_1845_1435_2357_1947;2820;1250;[158, 138, 285, 320];[158, 140, 285, 321];11126.0;12128.0;0.9116021990776062;1.0;0.974609375;0.9836065573770492
GUSA7Z_1_1845_1435_2357_1947;2821;1251;[73, 86, 126, 126];[76, 90, 127, 127];957.0;1125.0;0.7996782064437866;1.0;0.900390625;0.8155867693701858
GUSA7Z_1_1845_1435_2357_1947;-1;1258;;[78, 294, 91, 329];0.0;355.0;0.0;;0.00555419921875;0.0
GUSA7Z_1_2050_1435_2562_1947;2822;-1;[477, 441, 499, 454];;174.5;0.0;0.0;1.0;0.0;0.0
GUSA7Z_1_2050_1435_2562_1947;2823;-1;[499, 277, 512, 293];;147.0;0.0;0.0;1.0;0.0;0.0
GUSA7Z_1_2050_1435_2562_1947;2824;-1;[389, 477, 454, 512];;1148.5;0.0;0.0;1.0;0.0;0.0
GUSA7Z_1_2050_1435_2562_1947;2825;1374;[171, 469, 205, 512];[172, 470, 207, 511];764.5;1024.0;0.6817785501480103;1.0;0.319091796875;0.8762953367875648
GUSA7Z_1_2050_1435_2562_1947;2826;1375;[403, 358, 463, 385];[404, 358, 463, 387];504.5;762.0;0.6765754818916321;1.0;0.1943359375;0.9165707710011507
GUSA7Z_1_2050_1435_2562_1947;2827;1370;[133, 182, 338, 308];[136, 182, 337, 309];6761.0;8115.0;0.8255571126937866;1.0;0.93994140625;0.972916906765011
GUSA7Z_1_2050_1435_2562_1947;2828;1372;[149, 63, 178, 104];[148, 62, 179, 107];549.5;879.0;0.6581740975379944;1.0;0.8427734375;0.8523297491039427
GUSA7Z_1_2050_1435_2562_1947;2829;1371;[19, 0, 58, 57];[24, 2, 61, 59];827.0;1188.0;0.6595419645309448;1.0;0.8623046875;0.7595450852965069
GUSA7Z_1_2050_1435_2562_1947;2830;1373;[392, 11, 512, 149];[396, 12, 511, 145];8344.5;8149.0;0.8586210608482361;1.0;0.375732421875;0.9236111111111112
GUSA7Z_1_2050_1435_2562_1947;2831;-1;[0, 138, 80, 319];;5302.0;0.0;0.0;1.0;0.0;0.0
GUSA7Z_1_2255_1435_2767_1947;2832;-1;[418, 405, 433, 422];;146.0;0.0;0.0;1.0;0.0;0.0
GUSA7Z_1_2255_1435_2767_1947;2833;-1;[272, 441, 294, 454];;174.5;0.0;0.0;1.0;0.0;0.0
GUSA7Z_1_2255_1435_2767_1947;2834;1549;[294, 272, 319, 296];[298, 274, 319, 297];290.5;324.0;0.7089552283287048;1.0;0.18896484375;0.7439613526570048
GUSA7Z_1_2255_1435_2767_1947;2835;1551;[479, 276, 496, 288];[476, 274, 499, 291];89.0;258.0;0.4070175290107727;1.0;0.00800323486328125;0.5217391304347826
GUSA7Z_1_2255_1435_2767_1947;2836;1550;[416, 222, 437, 239];[418, 222, 439, 241];123.0;254.0;0.46179401874542236;1.0;0.030670166015625;0.745958429561201
GUSA7Z_1_2255_1435_2767_1947;2837;-1;[184, 477, 249, 512];;1148.5;0.0;0.0;1.0;0.0;0.0
GUSA7Z_1_2255_1435_2767_1947;2838;1548;[198, 358, 258, 385];[198, 356, 259, 387];504.5;864.0;0.6173633337020874;1.0;0.33203125;0.8566895822316235
GUSA7Z_1_2255_1435_2767_1947;2839;-1;[498, 191, 512, 206];;135.0;0.0;0.0;1.0;0.0;0.0
GUSA7Z_1_2255_1435_2767_1947;2840;1547;[0, 182, 133, 308];[2, 182, 131, 309];4944.0;5697.0;0.7644769549369812;1.0;0.93505859375;0.9625155445016876
GUSA7Z_1_2255_1435_2767_1947;2841;1546;[187, 11, 442, 149];[190, 12, 443, 149];17427.5;18295.0;0.9096652865409851;1.0;0.9609375;0.9772695105726498
GUSA7Z_1_2460_1435_2972_1947;2842;-1;[213, 405, 228, 422];;146.0;0.0;0.0;1.0;0.0;0.0
GUSA7Z_1_2460_1435_2972_1947;2843;-1;[67, 441, 89, 454];;174.5;0.0;0.0;1.0;0.0;0.0
GUSA7Z_1_2460_1435_2972_1947;2844;1683;[89, 272, 114, 296];[92, 274, 113, 295];290.5;296.0;0.7161458134651184;1.0;0.27978515625;0.735
GUSA7Z_1_2460_1435_2972_1947;2845;1688;[274, 276, 291, 288];[272, 274, 293, 291];89.0;231.0;0.4584980309009552;1.0;0.00653839111328125;0.5714285714285714
GUSA7Z_1_2460_1435_2972_1947;2846;1684;[211, 222, 232, 239];[212, 222, 233, 241];123.0;259.0;0.48322147130966187;1.0;0.09979248046875;0.8173076923076923
GUSA7Z_1_2460_1435_2972_1947;2847;-1;[451, 493, 488, 512];;422.0;0.0;0.0;1.0;0.0;0.0
GUSA7Z_1_2460_1435_2972_1947;2848;-1;[0, 477, 44, 512];;751.0;0.0;0.0;1.0;0.0;0.0
GUSA7Z_1_2460_1435_2972_1947;2849;1686;[0, 358, 53, 383];[0, 358, 55, 385];446.5;686.0;0.6618610620498657;1.0;0.04052734375;0.8922558922558923
GUSA7Z_1_2460_1435_2972_1947;2850;1685;[304, 305, 328, 325];[306, 306, 329, 327];180.0;329.0;0.4796954393386841;1.0;0.07720947265625;0.7669724770642202
GUSA7Z_1_2460_1435_2972_1947;2851;1682;[293, 188, 335, 212];[296, 188, 337, 213];613.5;753.0;0.7968176007270813;1.0;0.363037109375;0.853236098450319
GUSA7Z_1_2460_1435_2972_1947;2852;1681;[466, 26, 509, 94];[468, 30, 511, 95];1733.0;1787.0;0.8670694828033447;1.0;0.8916015625;0.8478190630048466
GUSA7Z_1_2460_1435_2972_1947;2853;1680;[0, 11, 237, 149];[0, 12, 237, 149];17183.0;18055.0;0.909639835357666;1.0;0.95751953125;0.9927536231884058
GUSA7Z_1_2460_1435_2972_1947;-1;1687;;[404, 420, 463, 485];0.0;1965.0;0.0;;0.013275146484375;0.0
GUSA7Z_1_2665_1435_3177_1947;2854;-1;[371, 500, 384, 508];;51.0;0.0;0.0;1.0;0.0;0.0
GUSA7Z_1_2665_1435_3177_1947;2855;1816;[362, 22, 380, 46];[364, 22, 381, 45];237.0;249.0;0.6508875489234924;1.0;0.08538818359375;0.8087912087912088
GUSA7Z_1_2665_1435_3177_1947;2856;-1;[8, 405, 23, 422];;146.0;0.0;0.0;1.0;0.0;0.0
GUSA7Z_1_2665_1435_3177_1947;2857;1818;[69, 276, 86, 288];[68, 274, 89, 291];89.0;221.0;0.4621514081954956;1.0;0.009124755859375;0.5714285714285714
GUSA7Z_1_2665_1435_3177_1947;2858;1817;[6, 222, 27, 239];[8, 224, 29, 241];123.0;217.0;0.503731369972229;1.0;0.060760498046875;0.6643356643356644
GUSA7Z_1_2665_1435_3177_1947;2859;-1;[246, 493, 283, 512];;422.0;0.0;0.0;1.0;0.0;0.0
GUSA7Z_1_2665_1435_3177_1947;2860;1811;[436, 321, 493, 357];[440, 324, 495, 359];1158.5;1316.0;0.8397163152694702;1.0;0.88330078125;0.7850089766606823
GUSA7Z_1_2665_1435_3177_1947;2861;1808;[296, 325, 390, 432];[298, 326, 391, 433];2675.0;3230.0;0.7779014706611633;1.0;0.9365234375;0.9507653309934678
GUSA7Z_1_2665_1435_3177_1947;2862;1815;[99, 305, 123, 325];[102, 306, 125, 327];180.0;314.0;0.4753246605396271;1.0;0.1375732421875;0.7074468085106383
GUSA7Z_1_2665_1435_3177_1947;2863;1809;[330, 226, 385, 293];[332, 230, 385, 295];1602.0;1774.0;0.8179513216018677;1.0;0.89892578125;0.8807702453178581
GUSA7Z_1_2665_1435_3177_1947;2864;1814;[88, 188, 130, 212];[90, 188, 131, 213];613.5;761.0;0.8054187297821045;1.0;0.287841796875;0.8946877912395154
GUSA7Z_1_2665_1435_3177_1947;2865;1813;[379, 62, 410, 95];[380, 62, 413, 97];494.0;634.0;0.7727930545806885;1.0;0.53515625;0.8333333333333334
GUSA7Z_1_2665_1435_3177_1947;2866;1812;[484, 63, 512, 104];[484, 64, 511, 107];526.5;719.0;0.7075351476669312;1.0;0.7373046875;0.8787632221318145
GUSA7Z_1_2665_1435_3177_1947;2867;1810;[261, 26, 304, 94];[264, 28, 305, 93];1733.0;1753.0;0.8748083710670471;1.0;0.8984375;0.8698561391769822
GUSA7Z_1_2665_1435_3177_1947;-1;1819;;[200, 420, 257, 485];0.0;1913.0;0.0;;0.0069580078125;0.0
GUSA7Z_1_2870_1435_3382_1947;2868;-1;[166, 500, 179, 508];;51.0;0.0;0.0;1.0;0.0;0.0
GUSA7Z_1_2870_1435_3382_1947;2869;1928;[157, 22, 175, 46];[158, 22, 177, 45];237.0;280.0;0.7034883499145508;1.0;0.319091796875;0.8179916317991632
GUSA7Z_1_2870_1435_3382_1947;2870;-1;[41, 493, 78, 512];;422.0;0.0;0.0;1.0;0.0;0.0
GUSA7Z_1_2870_1435_3382_1947;2871;1929;[481, 359, 494, 379];[482, 360, 501, 389];158.0;373.0;0.37471264600753784;1.0;0.058990478515625;0.3910806174957118
GUSA7Z_1_2870_1435_3382_1947;2872;1925;[231, 321, 288, 357];[234, 324, 289, 359];1158.5;1332.0;0.834269642829895;1.0;0.900390625;0.8118451025056947
GUSA7Z_1_2870_1435_3382_1947;2873;1921;[91, 325, 185, 432];[94, 328, 185, 433];2675.0;3200.0;0.7887918949127197;1.0;0.94189453125;0.932505665582816
GUSA7Z_1_2870_1435_3382_1947;2874;1924;[125, 226, 180, 293];[128, 230, 181, 295];1602.0;1794.0;0.8197381496429443;1.0;0.91064453125;0.8500259470679813
GUSA7Z_1_2870_1435_3382_1947;2875;1922;[374, 108, 449, 192];[376, 108, 451, 193];3334.5;3860.0;0.8489775657653809;1.0;0.93701171875;0.9371847776249427
GUSA7Z_1_2870_1435_3382_1947;2876;1927;[174, 62, 205, 95];[176, 62, 207, 97];494.0;637.0;0.7411095499992371;1.0;0.60595703125;0.8314509122502172
GUSA7Z_1_2870_1435_3382_1947;2877;1926;[279, 57, 318, 104];[278, 56, 319, 107];577.0;1008.0;0.5924882888793945;1.0;0.86328125;0.8766140602582496
GUSA7Z_1_2870_1435_3382_1947;2878;1923;[56, 26, 99, 94];[58, 30, 99, 95];1733.0;1821.0;0.8690000176429749;1.0;0.916015625;0.8849915682967959
GUSA7Z_1_3075_1435_3587_1947;2879;2017;[334, 406, 410, 447];[334, 406, 407, 447];1467.0;1956.0;0.7506018280982971;1.0;0.86328125;0.9605263157894737
GUSA7Z_1_3075_1435_3587_1947;2880;2019;[276, 359, 289, 379];[276, 360, 297, 389];158.0;386.0;0.4109589159488678;1.0;0.1417236328125;0.3971061093247588
GUSA7Z_1_3075_1435_3587_1947;2881;2016;[26, 321, 83, 357];[30, 324, 83, 359];1158.5;1321.0;0.8405386209487915;1.0;0.87255859375;0.8104726598702502
GUSA7Z_1_3075_1435_3587_1947;2882;2015;[169, 108, 244, 192];[172, 108, 245, 193];3334.5;3861.0;0.8472530245780945;1.0;0.94140625;0.9366578906612978
GUSA7Z_1_3075_1435_3587_1947;2883;-1;[497, 67, 512, 93];;183.5;0.0;0.0;1.0;0.0;0.0
GUSA7Z_1_3075_1435_3587_1947;2884;2018;[74, 57, 113, 104];[74, 58, 113, 107];577.0;898.0;0.6388028860092163;1.0;0.83984375;0.92
GUSA7Z_1_3280_1435_3792_1947;2885;2118;[129, 406, 205, 447];[130, 406, 203, 447];1467.0;1979.0;0.7414448857307434;1.0;0.84716796875;0.9605263157894737
GUSA7Z_1_3280_1435_3792_1947;2886;2119;[71, 359, 84, 379];[72, 360, 91, 389];158.0;353.0;0.389952152967453;1.0;0.1656494140625;0.3910806174957118
GUSA7Z_1_3280_1435_3792_1947;2887;2116;[316, 256, 445, 453];[316, 256, 447, 451];10391.5;11111.0;0.9266349077224731;1.0;0.9736328125;0.9748866410882455
GUSA7Z_1_3280_1435_3792_1947;2888;-1;[0, 108, 39, 192];;2057.5;0.0;0.0;1.0;0.0;0.0
GUSA7Z_1_3280_1435_3792_1947;2889;2117;[292, 46, 344, 107];[292, 48, 345, 107];1831.0;2054.0;0.8519362211227417;1.0;0.9130859375;0.949551222531724
GUSA7Z_1_3485_1435_3997_1947;2890;-1;[366, 388, 375, 404];;93.0;0.0;0.0;1.0;0.0;0.0
GUSA7Z_1_3485_1435_3997_1947;2891;2195;[111, 256, 240, 453];[112, 256, 241, 451];10391.5;11046.0;0.9256205558776855;1.0;0.97607421875;0.9746954076850984
GUSA7Z_1_3485_1435_3997_1947;2892;2196;[87, 46, 139, 107];[88, 48, 141, 109];1831.0;2071.0;0.8418206572532654;1.0;0.90966796875;0.8860424028268551
GUSA7Z_1_3690_1435_4202_1947;2893;-1;[161, 388, 170, 404];;93.0;0.0;0.0;1.0;0.0;0.0
GUSA7Z_1_3690_1435_4202_1947;2894;-1;[0, 258, 35, 341];;1581.5;0.0;0.0;1.0;0.0;0.0
GUSA7Z_1_3690_1435_4202_1947;-1;2246;;[364, 294, 383, 327];0.0;434.0;0.0;;0.06829833984375;0.0
GUSA7Z_1_0_1640_512_2152;2895;739;[350, 193, 374, 230];[350, 194, 377, 233];405.0;629.0;0.6005586385726929;1.0;0.1900634765625;0.8022284122562674
GUSA7Z_1_0_1640_512_2152;2896;738;[453, 329, 479, 352];[460, 330, 479, 353];277.0;285.0;0.6005024909973145;1.0;0.403564453125;0.6774716369529984
GUSA7Z_1_0_1640_512_2152;-1;737;;[300, 452, 321, 479];0.0;393.0;0.0;;0.537109375;0.0
GUSA7Z_1_0_1640_512_2152;-1;740;;[72, 160, 87, 185];0.0;289.0;0.0;;0.078369140625;0.0
GUSA7Z_1_205_1640_717_2152;2897;1486;[145, 193, 169, 230];[146, 194, 171, 233];405.0;616.0;0.6293103694915771;1.0;0.439697265625;0.8
GUSA7Z_1_205_1640_717_2152;2898;1487;[248, 329, 274, 352];[254, 330, 275, 353];277.0;298.0;0.6259351372718811;1.0;0.30078125;0.6864274570982839
GUSA7Z_1_205_1640_717_2152;2899;1488;[491, 226, 512, 245];[490, 226, 511, 245];230.0;277.0;0.717717707157135;1.0;0.020965576171875;0.9090909090909091
GUSA7Z_1_205_1640_717_2152;-1;1485;;[94, 452, 115, 479];0.0;409.0;0.0;;0.546875;0.0
GUSA7Z_1_410_1640_922_2152;2900;2329;[386, 136, 415, 163];[386, 134, 417, 161];302.0;482.0;0.6010928750038147;1.0;0.2421875;0.8100558659217877
GUSA7Z_1_410_1640_922_2152;2901;2328;[43, 329, 69, 352];[50, 330, 71, 353];277.0;294.0;0.5867970585823059;1.0;0.26904296875;0.6304675716440422
GUSA7Z_1_410_1640_922_2152;2902;2327;[286, 226, 321, 245];[286, 224, 321, 245];277.5;481.0;0.601123571395874;1.0;0.60009765625;0.9047619047619048
GUSA7Z_1_615_1640_1127_2152;2903;2401;[181, 136, 210, 163];[180, 134, 211, 161];302.0;519.0;0.5760684013366699;1.0;0.323486328125;0.8100558659217877
GUSA7Z_1_615_1640_1127_2152;2904;2398;[414, 443, 453, 486];[414, 442, 455, 489];639.5;996.0;0.6500937938690186;1.0;0.875;0.8702646600934094
GUSA7Z_1_615_1640_1127_2152;2905;2400;[81, 226, 116, 245];[82, 224, 117, 245];277.5;456.0;0.5689980983734131;1.0;0.56787109375;0.8567639257294429
GUSA7Z_1_615_1640_1127_2152;2906;2399;[390, 18, 435, 48];[392, 18, 435, 49];488.0;676.0;0.7179487347602844;1.0;0.67041015625;0.9260588657573582
GUSA7Z_1_615_1640_1127_2152;-1;2402;;[452, 248, 485, 271];0.0;556.0;0.0;;0.0850830078125;0.0
GUSA7Z_1_615_1640_1127_2152;-1;2403;;[66, 342, 109, 377];0.0;730.0;0.0;;0.0070648193359375;0.0
GUSA7Z_1_820_1640_1332_2152;2907;-1;[460, 435, 476, 447];;133.0;0.0;0.0;1.0;0.0;0.0
GUSA7Z_1_820_1640_1332_2152;2908;2497;[330, 85, 347, 105];[330, 86, 349, 107];167.0;231.0;0.6254416704177856;1.0;0.0416259765625;0.7764423076923077
GUSA7Z_1_820_1640_1332_2152;2909;2498;[470, 396, 489, 416];[472, 396, 489, 419];199.5;251.0;0.712837815284729;1.0;0.023956298828125;0.7888631090487239
GUSA7Z_1_820_1640_1332_2152;2910;2493;[209, 443, 248, 486];[210, 442, 251, 489];639.5;970.0;0.6561604738235474;1.0;0.8740234375;0.8294416243654822
GUSA7Z_1_820_1640_1332_2152;2911;2495;[471, 447, 507, 492];[472, 448, 509, 493];1118.5;1193.0;0.8942457437515259;1.0;0.320068359375;0.8825214899713467
GUSA7Z_1_820_1640_1332_2152;2912;-1;[434, 25, 450, 36];;93.5;0.0;0.0;1.0;0.0;0.0
GUSA7Z_1_820_1640_1332_2152;2913;2494;[185, 18, 230, 48];[186, 18, 231, 51];488.0;717.0;0.6897435784339905;1.0;0.59814453125;0.8712871287128713
GUSA7Z_1_820_1640_1332_2152;-1;2496;;[248, 246, 281, 271];0.0;590.0;0.0;;0.1812744140625;0.0
GUSA7Z_1_1025_1640_1537_2152;2914;-1;[255, 435, 271, 447];;133.0;0.0;0.0;1.0;0.0;0.0
GUSA7Z_1_1025_1640_1537_2152;2915;-1;[483, 32, 503, 50];;147.0;0.0;0.0;1.0;0.0;0.0
GUSA7Z_1_1025_1640_1537_2152;2916;-1;[492, 54, 509, 68];;91.5;0.0;0.0;1.0;0.0;0.0
GUSA7Z_1_1025_1640_1537_2152;2917;777;[125, 85, 142, 105];[126, 84, 143, 107];167.0;233.0;0.6118881106376648;1.0;0.027587890625;0.7785888077858881
GUSA7Z_1_1025_1640_1537_2152;2918;776;[265, 396, 284, 416];[268, 396, 285, 419];199.5;244.0;0.704081654548645;1.0;0.0460205078125;0.7095343680709535
GUSA7Z_1_1025_1640_1537_2152;2919;771;[4, 443, 43, 486];[4, 442, 45, 489];639.5;1007.0;0.6440520286560059;1.0;0.8671875;0.8702646600934094
GUSA7Z_1_1025_1640_1537_2152;2920;773;[266, 447, 302, 492];[268, 448, 303, 493];1118.5;1179.0;0.8802488446235657;1.0;0.515625;0.8805179517363155
GUSA7Z_1_1025_1640_1537_2152;2921;772;[453, 245, 481, 273];[454, 238, 485, 275];454.5;855.0;0.5511982440948486;1.0;0.72021484375;0.6434042553191489
GUSA7Z_1_1025_1640_1537_2152;2922;-1;[504, 215, 512, 231];;96.0;0.0;0.0;1.0;0.0;0.0
GUSA7Z_1_1025_1640_1537_2152;2923;775;[405, 181, 418, 205];[402, 182, 421, 207];199.5;358.0;0.5594059228897095;1.0;0.1519775390625;0.6127049180327869
GUSA7Z_1_1025_1640_1537_2152;2924;778;[229, 25, 245, 36];[228, 24, 247, 39];93.5;193.0;0.5045454502105713;1.0;0.005641937255859375;0.6175438596491228
GUSA7Z_1_1025_1640_1537_2152;2925;-1;[0, 21, 25, 48];;225.5;0.0;0.0;1.0;0.0;0.0
GUSA7Z_1_1025_1640_1537_2152;-1;774;;[42, 248, 75, 271];0.0;557.0;0.0;;0.1656494140625;0.0
GUSA7Z_1_1230_1640_1742_2152;2926;-1;[50, 435, 66, 447];;133.0;0.0;0.0;1.0;0.0;0.0
GUSA7Z_1_1230_1640_1742_2152;2927;-1;[278, 32, 298, 50];;147.0;0.0;0.0;1.0;0.0;0.0
GUSA7Z_1_1230_1640_1742_2152;2928;-1;[287, 54, 304, 68];;91.5;0.0;0.0;1.0;0.0;0.0
GUSA7Z_1_1230_1640_1742_2152;2929;890;[60, 396, 79, 416];[62, 396, 79, 419];199.5;239.0;0.7438596487045288;1.0;0.049224853515625;0.7888631090487239
GUSA7Z_1_1230_1640_1742_2152;2930;891;[305, 386, 318, 412];[306, 386, 323, 411];175.5;278.0;0.5957446694374084;1.0;0.03448486328125;0.6479481641468683
GUSA7Z_1_1230_1640_1742_2152;2931;888;[61, 447, 97, 492];[62, 448, 99, 493];1118.5;1210.0;0.8852964043617249;1.0;0.689453125;0.8825214899713467
GUSA7Z_1_1230_1640_1742_2152;2932;887;[248, 245, 276, 273];[248, 240, 279, 275];454.5;837.0;0.5695067048072815;1.0;0.763671875;0.7225806451612903
GUSA7Z_1_1230_1640_1742_2152;2933;-1;[299, 215, 307, 231];;96.0;0.0;0.0;1.0;0.0;0.0
GUSA7Z_1_1230_1640_1742_2152;2934;889;[200, 181, 213, 205];[198, 182, 215, 207];199.5;341.0;0.5973684191703796;1.0;0.401611328125;0.682648401826484
GUSA7Z_1_1230_1640_1742_2152;2935;892;[24, 25, 40, 36];[24, 24, 43, 39];93.5;189.0;0.4909909963607788;1.0;0.008514404296875;0.6175438596491228
GUSA7Z_1_1230_1640_1742_2152;-1;893;;[350, 8, 369, 27];0.0;218.0;0.0;;0.007259368896484375;0.0
GUSA7Z_1_1435_1640_1947_2152;2936;-1;[73, 32, 93, 50];;147.0;0.0;0.0;1.0;0.0;0.0
GUSA7Z_1_1435_1640_1947_2152;2937;-1;[82, 54, 99, 68];;91.5;0.0;0.0;1.0;0.0;0.0
GUSA7Z_1_1435_1640_1947_2152;2938;1029;[100, 386, 113, 412];[100, 386, 117, 411];175.5;301.0;0.5833333134651184;1.0;0.0137939453125;0.7420091324200914
GUSA7Z_1_1435_1640_1947_2152;2939;1027;[328, 449, 512, 512];[332, 450, 511, 511];3365.5;3465.0;0.7542719841003418;1.0;0.2220458984375;0.9419427191166322
GUSA7Z_1_1435_1640_1947_2152;2940;-1;[488, 287, 512, 300];;199.5;0.0;0.0;1.0;0.0;0.0
GUSA7Z_1_1435_1640_1947_2152;2941;1026;[43, 245, 71, 273];[44, 242, 73, 275];454.5;728.0;0.6449552774429321;1.0;0.7294921875;0.76751269035533
GUSA7Z_1_1435_1640_1947_2152;2942;-1;[94, 215, 102, 231];;96.0;0.0;0.0;1.0;0.0;0.0
GUSA7Z_1_1435_1640_1947_2152;2943;-1;[0, 181, 8, 205];;137.0;0.0;0.0;1.0;0.0;0.0
GUSA7Z_1_1435_1640_1947_2152;2944;1025;[421, 80, 464, 125];[424, 78, 467, 127];1076.5;1422.0;0.7392739057540894;1.0;0.83984375;0.8028545941123997
GUSA7Z_1_1435_1640_1947_2152;-1;1028;;[488, 90, 505, 125];0.0;435.0;0.0;;0.0162200927734375;0.0
GUSA7Z_1_1435_1640_1947_2152;-1;1030;;[146, 8, 163, 27];0.0;200.0;0.0;;0.01016998291015625;0.0
GUSA7Z_1_1640_1640_2152_2152;2945;1150;[123, 449, 307, 512];[128, 450, 307, 511];3365.5;3398.0;0.7504236102104187;1.0;0.5458984375;0.9419427191166322
GUSA7Z_1_1640_1640_2152_2152;2946;1148;[378, 321, 471, 429];[380, 326, 471, 429];4242.0;4737.0;0.8353421688079834;1.0;0.9375;0.9331939466348068
GUSA7Z_1_1640_1640_2152_2152;2947;1152;[283, 287, 314, 300];[282, 286, 317, 303];214.5;395.0;0.5612472295761108;1.0;0.21533203125;0.6773109243697479
GUSA7Z_1_1640_1640_2152_2152;2948;1149;[216, 80, 259, 125];[218, 78, 261, 127];1076.5;1407.0;0.7590848207473755;1.0;0.85791015625;0.839781520254893
GUSA7Z_1_1640_1640_2152_2152;2949;1151;[363, 0, 460, 115];[364, 2, 475, 115];6462.0;6725.0;0.87903892993927;1.0;0.35302734375;0.8442023346303502
GUSA7Z_1_1845_1640_2357_2152;2950;1263;[296, 481, 366, 512];[300, 480, 371, 511];934.5;1199.0;0.7370820641517639;1.0;0.330322265625;0.8281053952321205
GUSA7Z_1_1845_1640_2357_2152;2951;1262;[454, 405, 475, 451];[454, 408, 475, 453];513.5;707.0;0.7271540760993958;1.0;0.435791015625;0.8958333333333334
GUSA7Z_1_1845_1640_2357_2152;2952;1265;[352, 367, 366, 380];[352, 364, 369, 383];98.5;195.0;0.5309734344482422;1.0;0.09271240234375;0.5634674922600619
GUSA7Z_1_1845_1640_2357_2152;2953;1261;[376, 264, 410, 310];[376, 264, 413, 313];789.5;1246.0;0.6593155860900879;1.0;0.81298828125;0.8626585769442913
GUSA7Z_1_1845_1640_2357_2152;2954;-1;[357, 0, 512, 103];;4424.5;0.0;0.0;1.0;0.0;0.0
GUSA7Z_1_1845_1640_2357_2152;2955;-1;[0, 468, 102, 512];;1403.0;0.0;0.0;1.0;0.0;0.0
GUSA7Z_1_1845_1640_2357_2152;2956;1259;[173, 321, 266, 429];[174, 326, 267, 429];4242.0;4773.0;0.8333978056907654;1.0;0.93359375;0.9338720804178575
GUSA7Z_1_1845_1640_2357_2152;2957;1264;[78, 287, 109, 300];[78, 286, 111, 303];214.5;390.0;0.5694760680198669;1.0;0.236572265625;0.7183600713012478
GUSA7Z_1_1845_1640_2357_2152;2958;1260;[11, 80, 54, 125];[12, 78, 57, 127];1076.5;1503.0;0.7286624312400818;1.0;0.85595703125;0.84
GUSA7Z_1_1845_1640_2357_2152;2959;1266;[158, 0, 255, 115];[158, 2, 271, 117];6462.0;6932.0;0.8772406578063965;1.0;0.0509033203125;0.8310713473349003
GUSA7Z_1_2050_1640_2562_2152;2960;-1;[477, 236, 499, 249];;174.5;0.0;0.0;1.0;0.0;0.0
GUSA7Z_1_2050_1640_2562_2152;2961;-1;[499, 72, 512, 88];;147.0;0.0;0.0;1.0;0.0;0.0
GUSA7Z_1_2050_1640_2562_2152;2962;1381;[91, 481, 161, 512];[94, 480, 165, 511];934.5;1181.0;0.7501927614212036;1.0;0.3310546875;0.8513341804320204
GUSA7Z_1_2050_1640_2562_2152;2963;1379;[323, 459, 413, 512];[326, 460, 413, 511];2775.0;2858.0;0.7732937932014465;1.0;0.7744140625;0.930188679245283
GUSA7Z_1_2050_1640_2562_2152;2964;1380;[249, 405, 270, 451];[250, 408, 269, 451];513.5;644.0;0.7639665007591248;1.0;0.7216796875;0.8457556935817805
GUSA7Z_1_2050_1640_2562_2152;2965;1383;[147, 367, 161, 380];[146, 364, 163, 383];98.5;205.0;0.5347825884819031;1.0;0.1329345703125;0.5634674922600619
GUSA7Z_1_2050_1640_2562_2152;2966;1376;[362, 272, 458, 397];[364, 274, 459, 397];5166.5;5924.0;0.8311749696731567;1.0;0.96142578125;0.9537243256619649
GUSA7Z_1_2050_1640_2562_2152;2967;1378;[171, 264, 205, 310];[172, 264, 209, 313];789.5;1274.0;0.6450409889221191;1.0;0.82666015625;0.8165680473372781
GUSA7Z_1_2050_1640_2562_2152;2968;1382;[403, 153, 463, 180];[404, 154, 439, 181];504.5;480.0;0.6205882430076599;1.0;0.201171875;0.5498489425981873
GUSA7Z_1_2050_1640_2562_2152;2969;1384;[152, 0, 338, 103];[164, 0, 335, 103];4990.5;4438.0;0.6771040558815002;1.0;0.006145477294921875;0.9193548387096774
GUSA7Z_1_2050_1640_2562_2152;2970;1377;[0, 321, 61, 419];[0, 328, 61, 419];2890.5;3218.0;0.824765682220459;1.0;0.86083984375;0.9285714285714286
GUSA7Z_1_2050_1640_2562_2152;2971;-1;[0, 0, 50, 114];;2579.5;0.0;0.0;1.0;0.0;0.0
GUSA7Z_1_2255_1640_2767_2152;2972;-1;[418, 200, 433, 217];;146.0;0.0;0.0;1.0;0.0;0.0
GUSA7Z_1_2255_1640_2767_2152;2973;-1;[272, 236, 294, 249];;174.5;0.0;0.0;1.0;0.0;0.0
GUSA7Z_1_2255_1640_2767_2152;2974;1556;[294, 67, 319, 91];[296, 70, 319, 91];290.5;319.0;0.7229219079017639;1.0;0.1778564453125;0.805
GUSA7Z_1_2255_1640_2767_2152;2975;-1;[441, 466, 457, 474];;72.0;0.0;0.0;1.0;0.0;0.0
GUSA7Z_1_2255_1640_2767_2152;2976;-1;[479, 71, 496, 83];;89.0;0.0;0.0;1.0;0.0;0.0
GUSA7Z_1_2255_1640_2767_2152;2977;1558;[416, 17, 437, 34];[416, 18, 439, 37];123.0;261.0;0.4610389471054077;1.0;0.0279083251953125;0.7336244541484717
GUSA7Z_1_2255_1640_2767_2152;2978;-1;[330, 474, 348, 512];;502.0;0.0;0.0;1.0;0.0;0.0
GUSA7Z_1_2255_1640_2767_2152;2979;1553;[118, 459, 208, 512];[122, 460, 209, 511];2775.0;3055.0;0.7930232286453247;1.0;0.75341796875;0.909769757311761
GUSA7Z_1_2255_1640_2767_2152;2980;1554;[44, 405, 65, 451];[44, 408, 65, 451];513.5;646.0;0.7784011363983154;1.0;0.67919921875;0.9347826086956522
GUSA7Z_1_2255_1640_2767_2152;2981;1552;[157, 272, 253, 397];[160, 274, 253, 397];5166.5;5912.0;0.8288373351097107;1.0;0.96044921875;0.95325
GUSA7Z_1_2255_1640_2767_2152;2982;1555;[198, 153, 258, 180];[198, 152, 259, 183];504.5;905.0;0.5932376980781555;1.0;0.2088623046875;0.8566895822316235
GUSA7Z_1_2255_1640_2767_2152;2983;1557;[0, 0, 133, 103];[2, 0, 131, 103];4107.5;4418.0;0.774732768535614;1.0;0.029144287109375;0.9699248120300752
GUSA7Z_1_2460_1640_2972_2152;2984;-1;[213, 200, 228, 217];;146.0;0.0;0.0;1.0;0.0;0.0
GUSA7Z_1_2460_1640_2972_2152;2985;-1;[67, 236, 89, 249];;174.5;0.0;0.0;1.0;0.0;0.0
GUSA7Z_1_2460_1640_2972_2152;2986;1692;[89, 67, 114, 91];[92, 70, 113, 91];290.5;294.0;0.6743002533912659;1.0;0.373779296875;0.735
GUSA7Z_1_2460_1640_2972_2152;2987;-1;[236, 466, 252, 474];;72.0;0.0;0.0;1.0;0.0;0.0
GUSA7Z_1_2460_1640_2972_2152;2988;-1;[274, 71, 291, 83];;89.0;0.0;0.0;1.0;0.0;0.0
GUSA7Z_1_2460_1640_2972_2152;2989;1693;[211, 17, 232, 34];[212, 18, 233, 35];123.0;236.0;0.49295774102211;1.0;0.06756591796875;0.8121827411167513
GUSA7Z_1_2460_1640_2972_2152;2990;1696;[125, 474, 143, 512];[126, 476, 145, 511];502.0;491.0;0.8588640093803406;1.0;0.015777587890625;0.7891246684350133
GUSA7Z_1_2460_1640_2972_2152;2991;1690;[306, 328, 361, 387];[310, 330, 363, 389];1331.0;1932.0;0.6857831478118896;1.0;0.8154296875;0.8389610389610389
GUSA7Z_1_2460_1640_2972_2152;2992;1689;[442, 288, 493, 377];[448, 290, 493, 377];1944.0;1990.0;0.8738338351249695;1.0;0.84716796875;0.8625247851949769
GUSA7Z_1_2460_1640_2972_2152;2993;1691;[0, 272, 48, 397];[0, 274, 49, 397];2986.0;3460.0;0.8102577924728394;1.0;0.53125;0.964233219010289
GUSA7Z_1_2460_1640_2972_2152;2994;1694;[0, 153, 53, 178];[0, 152, 55, 181];446.5;734.0;0.6297662854194641;1.0;0.0279083251953125;0.8307210031347962
GUSA7Z_1_2460_1640_2972_2152;2995;1695;[304, 100, 328, 120];[306, 102, 329, 121];180.0;286.0;0.515320360660553;1.0;0.0247955322265625;0.7600767754318618
GUSA7Z_1_2460_1640_2972_2152;2996;-1;[309, 0, 332, 7];;96.5;0.0;0.0;1.0;0.0;0.0
GUSA7Z_1_2460_1640_2972_2152;-1;1697;;[406, 216, 463, 279];0.0;1864.0;0.0;;0.01363372802734375;0.0
GUSA7Z_1_2665_1640_3177_2152;2997;-1;[371, 295, 384, 303];;51.0;0.0;0.0;1.0;0.0;0.0
GUSA7Z_1_2665_1640_3177_2152;2998;-1;[8, 200, 23, 217];;146.0;0.0;0.0;1.0;0.0;0.0
GUSA7Z_1_2665_1640_3177_2152;2999;-1;[31, 466, 47, 474];;72.0;0.0;0.0;1.0;0.0;0.0
GUSA7Z_1_2665_1640_3177_2152;3000;-1;[69, 71, 86, 83];;89.0;0.0;0.0;1.0;0.0;0.0
GUSA7Z_1_2665_1640_3177_2152;3001;1826;[6, 17, 27, 34];[8, 18, 29, 37];123.0;226.0;0.5072992444038391;1.0;0.0283355712890625;0.672566371681416
GUSA7Z_1_2665_1640_3177_2152;3002;1823;[101, 328, 156, 387];[106, 330, 157, 389];1331.0;1907.0;0.6750483512878418;1.0;0.84912109375;0.8372502937720329
GUSA7Z_1_2665_1640_3177_2152;3003;1825;[454, 342, 512, 436];[456, 344, 511, 435];2445.5;2614.0;0.8200539946556091;1.0;0.509765625;0.9180117388114454
GUSA7Z_1_2665_1640_3177_2152;3004;1824;[237, 288, 288, 377];[244, 290, 289, 377];1944.0;1995.0;0.8579620718955994;1.0;0.83984375;0.8274967574578469
GUSA7Z_1_2665_1640_3177_2152;3005;1822;[436, 116, 493, 152];[440, 118, 495, 153];1158.5;1278.0;0.867786705493927;1.0;0.896484375;0.8285057471264368
GUSA7Z_1_2665_1640_3177_2152;3006;1820;[296, 120, 390, 227];[298, 122, 391, 227];2675.0;3237.0;0.7903722524642944;1.0;0.93017578125;0.9505067401357867
GUSA7Z_1_2665_1640_3177_2152;3007;1827;[99, 100, 123, 120];[102, 102, 125, 123];180.0;297.0;0.43264248967170715;1.0;0.01861572265625;0.6461538461538462
GUSA7Z_1_2665_1640_3177_2152;3008;1821;[330, 21, 385, 88];[332, 24, 385, 89];1602.0;1799.0;0.8233215808868408;1.0;0.9072265625;0.9074371321562332
GUSA7Z_1_2665_1640_3177_2152;3009;-1;[104, 0, 127, 7];;96.5;0.0;0.0;1.0;0.0;0.0
GUSA7Z_1_2870_1640_3382_2152;3010;-1;[391, 305, 405, 313];;62.5;0.0;0.0;1.0;0.0;0.0
GUSA7Z_1_2870_1640_3382_2152;3011;-1;[166, 295, 179, 303];;51.0;0.0;0.0;1.0;0.0;0.0
GUSA7Z_1_2870_1640_3382_2152;3012;1930;[249, 342, 343, 436];[250, 344, 343, 435];2983.0;3274.0;0.8302146196365356;1.0;0.95166015625;0.9577863286555002
GUSA7Z_1_2870_1640_3382_2152;3013;1934;[32, 288, 83, 377];[38, 290, 83, 377];1944.0;2031.0;0.8732951879501343;1.0;0.74755859375;0.8625247851949769
GUSA7Z_1_2870_1640_3382_2152;3014;1935;[481, 154, 494, 174];[482, 154, 503, 185];158.0;395.0;0.3622559607028961;1.0;0.08062744140625;0.35767511177347244
GUSA7Z_1_2870_1640_3382_2152;3015;1933;[231, 116, 288, 152];[234, 118, 289, 153];1158.5;1314.0;0.8515346050262451;1.0;0.9033203125;0.8575432041102289
GUSA7Z_1_2870_1640_3382_2152;3016;1931;[91, 120, 185, 227];[94, 122, 185, 227];2675.0;3187.0;0.7876056432723999;1.0;0.9365234375;0.9499900576655399
GUSA7Z_1_2870_1640_3382_2152;3017;1932;[125, 21, 180, 88];[128, 24, 181, 89];1602.0;1765.0;0.8201219439506531;1.0;0.91650390625;0.8753287743293003
GUSA7Z_1_2870_1640_3382_2152;-1;1936;;[296, 16, 337, 35];0.0;553.0;0.0;;0.006877899169921875;0.0
GUSA7Z_1_3075_1640_3587_2152;3018;-1;[186, 305, 200, 313];;62.5;0.0;0.0;1.0;0.0;0.0
GUSA7Z_1_3075_1640_3587_2152;3019;2020;[44, 342, 138, 436];[46, 344, 137, 435];2983.0;3314.0;0.8287820816040039;1.0;0.96533203125;0.9371887732005433
GUSA7Z_1_3075_1640_3587_2152;3020;2021;[334, 201, 410, 242];[334, 202, 409, 243];1467.0;1992.0;0.7380840182304382;1.0;0.875;0.940144155437167
GUSA7Z_1_3075_1640_3587_2152;3021;2023;[276, 154, 289, 174];[276, 154, 297, 185];158.0;389.0;0.42956119775772095;1.0;0.1806640625;0.39938556067588327
GUSA7Z_1_3075_1640_3587_2152;3022;2022;[26, 116, 83, 152];[30, 118, 83, 153];1158.5;1293.0;0.8657474517822266;1.0;0.875;0.8560570071258907
GUSA7Z_1_3075_1640_3587_2152;-1;2024;;[90, 16, 133, 35];0.0;568.0;0.0;;0.00605010986328125;0.0
GUSA7Z_1_3280_1640_3792_2152;3023;2121;[129, 201, 205, 242];[130, 202, 203, 243];1467.0;1982.0;0.7315689921379089;1.0;0.86962890625;0.9156475384132957
GUSA7Z_1_3280_1640_3792_2152;3024;2122;[71, 154, 84, 174];[72, 156, 91, 185];158.0;349.0;0.3561320900917053;1.0;0.173828125;0.3630252100840336
GUSA7Z_1_3280_1640_3792_2152;3025;2120;[316, 51, 445, 248];[316, 52, 445, 247];10391.5;11181.0;0.9185446500778198;1.0;0.970703125;0.9898477157360406
GUSA7Z_1_3280_1640_3792_2152;-1;2123;;[382, 376, 401, 393];0.0;225.0;0.0;;0.019500732421875;0.0
GUSA7Z_1_3485_1640_3997_2152;3026;-1;[366, 183, 375, 199];;93.0;0.0;0.0;1.0;0.0;0.0
GUSA7Z_1_3485_1640_3997_2152;3027;-1;[375, 495, 387, 502];;50.5;0.0;0.0;1.0;0.0;0.0
GUSA7Z_1_3485_1640_3997_2152;3028;2197;[111, 51, 240, 248];[112, 52, 241, 247];10391.5;11128.0;0.9218479990959167;1.0;0.97314453125;0.9746954076850984
GUSA7Z_1_3485_1640_3997_2152;-1;2198;;[176, 376, 195, 393];0.0;240.0;0.0;;0.01085662841796875;0.0
GUSA7Z_1_3690_1640_4202_2152;3029;-1;[161, 183, 170, 199];;93.0;0.0;0.0;1.0;0.0;0.0
GUSA7Z_1_3690_1640_4202_2152;3030;-1;[170, 495, 182, 502];;50.5;0.0;0.0;1.0;0.0;0.0
GUSA7Z_1_3690_1640_4202_2152;3031;-1;[0, 53, 35, 136];;1581.5;0.0;0.0;1.0;0.0;0.0
GUSA7Z_1_3690_1640_4202_2152;-1;2247;;[364, 90, 381, 123];0.0;410.0;0.0;;0.110107421875;0.0
GUSA7Z_1_0_1845_512_2357;3032;-1;[350, 0, 372, 25];;265.0;0.0;0.0;1.0;0.0;0.0
GUSA7Z_1_0_1845_512_2357;3033;742;[453, 124, 479, 147];[460, 124, 479, 149];277.0;297.0;0.6014670133590698;1.0;0.42431640625;0.6871069182389937
GUSA7Z_1_0_1845_512_2357;-1;741;;[134, 352, 283, 471];0.0;9969.0;0.0;;0.7734375;0.0
GUSA7Z_1_0_1845_512_2357;-1;743;;[300, 248, 321, 275];0.0;392.0;0.0;;0.4072265625;0.0
GUSA7Z_1_205_1845_717_2357;3034;-1;[145, 0, 167, 25];;265.0;0.0;0.0;1.0;0.0;0.0
GUSA7Z_1_205_1845_717_2357;3035;1490;[248, 124, 274, 147];[254, 124, 275, 149];277.0;338.0;0.6876513361930847;1.0;0.27197265625;0.693815987933635
GUSA7Z_1_205_1845_717_2357;3036;1491;[491, 21, 512, 40];[490, 20, 511, 41];230.0;285.0;0.7313432693481445;1.0;0.047607421875;0.8260869565217391
GUSA7Z_1_205_1845_717_2357;-1;1489;;[94, 248, 115, 275];0.0;368.0;0.0;;0.307373046875;0.0
GUSA7Z_1_410_1845_922_2357;3037;2331;[43, 124, 69, 147];[50, 124, 69, 149];277.0;297.0;0.6014670133590698;1.0;0.1519775390625;0.6871069182389937
GUSA7Z_1_410_1845_922_2357;3038;2330;[286, 21, 321, 40];[286, 18, 321, 41];277.5;520.0;0.5636998414993286;1.0;0.5947265625;0.8260869565217391
GUSA7Z_1_410_1845_922_2357;-1;2332;;[274, 136, 315, 169];0.0;639.0;0.0;;0.00530242919921875;0.0
GUSA7Z_1_615_1845_1127_2357;3039;2409;[364, 358, 379, 380];[364, 358, 381, 381];170.0;283.0;0.621874988079071;1.0;0.0167236328125;0.8439897698209718
GUSA7Z_1_615_1845_1127_2357;3040;2406;[480, 320, 496, 336];[478, 318, 499, 337];122.0;253.0;0.5229681730270386;1.0;0.27978515625;0.6416040100250626
GUSA7Z_1_615_1845_1127_2357;3041;2404;[414, 238, 453, 281];[414, 238, 455, 283];639.5;957.0;0.6750972867012024;1.0;0.8681640625;0.9089430894308943
GUSA7Z_1_615_1845_1127_2357;3042;2405;[81, 21, 116, 40];[80, 18, 117, 41];277.5;544.0;0.5463743805885315;1.0;0.71240234375;0.781433607520564
GUSA7Z_1_615_1845_1127_2357;-1;2407;;[452, 42, 485, 67];0.0;586.0;0.0;;0.12213134765625;0.0
GUSA7Z_1_615_1845_1127_2357;-1;2408;;[402, 486, 431, 507];0.0;424.0;0.0;;0.1175537109375;0.0
GUSA7Z_1_615_1845_1127_2357;-1;2410;;[68, 136, 109, 171];0.0;733.0;0.0;;0.005260467529296875;0.0
GUSA7Z_1_820_1845_1332_2357;3043;-1;[460, 230, 476, 242];;133.0;0.0;0.0;1.0;0.0;0.0
GUSA7Z_1_820_1845_1332_2357;3044;-1;[470, 191, 489, 211];;199.5;0.0;0.0;1.0;0.0;0.0
GUSA7Z_1_820_1845_1332_2357;3045;2504;[159, 358, 174, 380];[158, 358, 177, 381];170.0;296.0;0.5970149040222168;1.0;0.02685546875;0.7551487414187643
GUSA7Z_1_820_1845_1332_2357;3046;-1;[316, 329, 334, 336];;96.0;0.0;0.0;1.0;0.0;0.0
GUSA7Z_1_820_1845_1332_2357;3047;2500;[275, 320, 291, 336];[274, 320, 293, 337];122.0;202.0;0.5941422581672668;1.0;0.259765625;0.7925696594427245
GUSA7Z_1_820_1845_1332_2357;3048;2499;[209, 238, 248, 281];[210, 238, 251, 283];639.5;945.0;0.6725490093231201;1.0;0.87255859375;0.8654661016949152
GUSA7Z_1_820_1845_1332_2357;3049;2503;[471, 242, 507, 287];[472, 242, 509, 289];1118.5;1240.0;0.8746223449707031;1.0;0.0872802734375;0.882847533632287
GUSA7Z_1_820_1845_1332_2357;-1;2501;;[198, 486, 225, 507];0.0;416.0;0.0;;0.190673828125;0.0
GUSA7Z_1_820_1845_1332_2357;-1;2502;;[248, 42, 281, 67];0.0;584.0;0.0;;0.08978271484375;0.0
GUSA7Z_1_1025_1845_1537_2357;3050;-1;[255, 230, 271, 242];;133.0;0.0;0.0;1.0;0.0;0.0
GUSA7Z_1_1025_1845_1537_2357;3051;784;[443, 412, 460, 430];[444, 414, 461, 431];240.5;232.0;0.7409836053848267;1.0;0.09039306640625;0.7551622418879056
GUSA7Z_1_1025_1845_1537_2357;3052;785;[265, 191, 284, 211];[268, 192, 285, 213];199.5;234.0;0.7473309636116028;1.0;0.038330078125;0.7020785219399538
GUSA7Z_1_1025_1845_1537_2357;3053;-1;[111, 329, 129, 336];;96.0;0.0;0.0;1.0;0.0;0.0
GUSA7Z_1_1025_1845_1537_2357;3054;782;[70, 320, 86, 336];[70, 318, 87, 337];122.0;215.0;0.5789473652839661;1.0;0.291015625;0.7925696594427245
GUSA7Z_1_1025_1845_1537_2357;3055;779;[4, 238, 43, 281];[4, 238, 45, 283];639.5;972.0;0.6689189076423645;1.0;0.87158203125;0.9089430894308943
GUSA7Z_1_1025_1845_1537_2357;3056;781;[266, 242, 302, 287];[268, 242, 303, 289];1118.5;1196.0;0.8844961524009705;1.0;0.4072265625;0.8818443804034583
GUSA7Z_1_1025_1845_1537_2357;3057;780;[453, 40, 481, 68];[454, 34, 485, 69];454.5;828.0;0.5736961364746094;1.0;0.78662109375;0.6792452830188679
GUSA7Z_1_1025_1845_1537_2357;3058;-1;[504, 10, 512, 26];;96.0;0.0;0.0;1.0;0.0;0.0
GUSA7Z_1_1025_1845_1537_2357;-1;783;;[42, 42, 75, 67];0.0;586.0;0.0;;0.12213134765625;0.0
GUSA7Z_1_1230_1845_1742_2357;3059;-1;[50, 230, 66, 242];;133.0;0.0;0.0;1.0;0.0;0.0
GUSA7Z_1_1230_1845_1742_2357;3060;900;[238, 412, 255, 430];[240, 414, 257, 431];240.5;201.0;0.6644518375396729;1.0;0.09600830078125;0.676056338028169
GUSA7Z_1_1230_1845_1742_2357;3061;899;[60, 191, 79, 211];[62, 192, 79, 213];199.5;235.0;0.7058823704719543;1.0;0.09844970703125;0.7801932367149759
GUSA7Z_1_1230_1845_1742_2357;3062;901;[305, 181, 318, 207];[304, 180, 321, 207];175.5;335.0;0.5641711354255676;1.0;0.0243377685546875;0.7363834422657952
GUSA7Z_1_1230_1845_1742_2357;3063;898;[343, 479, 380, 512];[342, 480, 381, 511];646.5;960.0;0.6714015007019043;1.0;0.3408203125;0.8939984411535464
GUSA7Z_1_1230_1845_1742_2357;3064;897;[349, 415, 367, 427];[350, 414, 377, 433];126.5;333.0;0.3903743326663971;1.0;0.373779296875;0.38857142857142857
GUSA7Z_1_1230_1845_1742_2357;3065;894;[412, 326, 457, 361];[414, 328, 455, 361];664.5;675.0;0.7422434091567993;1.0;0.7919921875;0.8590476190476191
GUSA7Z_1_1230_1845_1742_2357;3066;896;[61, 242, 97, 287];[62, 242, 99, 289];1118.5;1219.0;0.887183427810669;1.0;0.478515625;0.882847533632287
GUSA7Z_1_1230_1845_1742_2357;3067;895;[248, 40, 276, 68];[250, 34, 279, 69];454.5;798.0;0.5816918015480042;1.0;0.77587890625;0.6797385620915033
GUSA7Z_1_1230_1845_1742_2357;3068;-1;[299, 10, 307, 26];;96.0;0.0;0.0;1.0;0.0;0.0
GUSA7Z_1_1435_1845_1947_2357;3069;1036;[33, 412, 50, 430];[34, 414, 51, 431];240.5;220.0;0.7491525411605835;1.0;0.1026611328125;0.7551622418879056
GUSA7Z_1_1435_1845_1947_2357;3070;1037;[100, 181, 113, 207];[100, 180, 117, 207];175.5;302.0;0.5890804529190063;1.0;0.009124755859375;0.7363834422657952
GUSA7Z_1_1435_1845_1947_2357;3071;1035;[138, 479, 175, 512];[138, 480, 177, 511];646.5;940.0;0.6895551085472107;1.0;0.36376953125;0.8939984411535464
GUSA7Z_1_1435_1845_1947_2357;3072;1034;[144, 415, 162, 427];[146, 416, 171, 433];126.5;266.0;0.33134329319000244;1.0;0.401611328125;0.37849462365591396
GUSA7Z_1_1435_1845_1947_2357;3073;1032;[207, 326, 252, 361];[208, 328, 249, 361];664.5;684.0;0.7517899870872498;1.0;0.82080078125;0.8590476190476191
GUSA7Z_1_1435_1845_1947_2357;3074;1031;[322, 244, 512, 361];[324, 246, 511, 359];5305.5;5902.0;0.8785135746002197;1.0;0.9580078125;0.9505623031938821
GUSA7Z_1_1435_1845_1947_2357;3075;-1;[488, 82, 512, 95];;199.5;0.0;0.0;1.0;0.0;0.0
GUSA7Z_1_1435_1845_1947_2357;3076;1033;[43, 40, 71, 68];[44, 36, 73, 69];454.5;733.0;0.6339622735977173;1.0;0.8056640625;0.76751269035533
GUSA7Z_1_1435_1845_1947_2357;3077;-1;[94, 10, 102, 26];;96.0;0.0;0.0;1.0;0.0;0.0
GUSA7Z_1_1640_1845_2152_2357;3078;1155;[2, 326, 47, 361];[2, 328, 45, 361];664.5;729.0;0.7798594832420349;1.0;0.76220703125;0.900952380952381
GUSA7Z_1_1640_1845_2152_2357;3079;1153;[117, 244, 307, 361];[120, 246, 307, 361];5305.5;5834.0;0.8794507384300232;1.0;0.9619140625;0.9673864147548358
GUSA7Z_1_1640_1845_2152_2357;3080;1154;[378, 116, 471, 224];[380, 120, 471, 225];4242.0;4729.0;0.8322981595993042;1.0;0.931640625;0.9337937839171189
GUSA7Z_1_1640_1845_2152_2357;3081;1157;[283, 82, 314, 95];[282, 82, 315, 97];214.5;366.0;0.5857142806053162;1.0;0.34326171875;0.8141414141414142
GUSA7Z_1_1640_1845_2152_2357;-1;1156;;[400, 294, 449, 337];0.0;1284.0;0.0;;0.441650390625;0.0
GUSA7Z_1_1845_1845_2357_2357;3082;1275;[489, 492, 510, 509];[490, 494, 509, 511];161.0;232.0;0.6510791182518005;1.0;0.1229248046875;0.7215189873417721
GUSA7Z_1_1845_1845_2357_2357;3083;1272;[359, 490, 383, 506];[358, 490, 383, 509];207.0;310.0;0.7134503126144409;1.0;0.403564453125;0.8084210526315789
GUSA7Z_1_1845_1845_2357_2357;3084;1267;[294, 276, 366, 381];[298, 276, 367, 381];3088.0;3316.0;0.8758370280265808;1.0;0.947265625;0.9315068493150684
GUSA7Z_1_1845_1845_2357_2357;3085;1271;[454, 200, 475, 246];[454, 202, 475, 247];513.5;725.0;0.7093908786773682;1.0;0.418701171875;0.9361702127659575
GUSA7Z_1_1845_1845_2357_2357;3086;1274;[352, 162, 366, 175];[352, 160, 369, 179];98.5;189.0;0.529411792755127;1.0;0.138427734375;0.5634674922600619
GUSA7Z_1_1845_1845_2357_2357;3087;1269;[376, 59, 410, 105];[378, 60, 413, 107];789.5;1178.0;0.683917224407196;1.0;0.8056640625;0.8140192198982475
GUSA7Z_1_1845_1845_2357_2357;3088;-1;[0, 263, 102, 314];;1507.5;0.0;0.0;1.0;0.0;0.0
GUSA7Z_1_1845_1845_2357_2357;3089;1268;[173, 116, 266, 224];[174, 120, 267, 225];4242.0;4835.0;0.8293103575706482;1.0;0.9306640625;0.9342837613514305
GUSA7Z_1_1845_1845_2357_2357;3090;1273;[78, 82, 109, 95];[78, 82, 111, 97];214.5;349.0;0.5941320061683655;1.0;0.1859130859375;0.8141414141414142
GUSA7Z_1_1845_1845_2357_2357;-1;1270;;[196, 294, 243, 337];0.0;1227.0;0.0;;0.63720703125;0.0
GUSA7Z_1_2050_1845_2562_2357;3091;-1;[477, 31, 499, 44];;174.5;0.0;0.0;1.0;0.0;0.0
GUSA7Z_1_2050_1845_2562_2357;3092;1392;[284, 492, 305, 509];[284, 494, 305, 511];161.0;231.0;0.6389891505241394;1.0;0.29736328125;0.7894736842105263
GUSA7Z_1_2050_1845_2562_2357;3093;1390;[154, 490, 178, 506];[154, 490, 177, 507];207.0;286.0;0.7230769395828247;1.0;0.5390625;0.9041769041769042
GUSA7Z_1_2050_1845_2562_2357;3094;1386;[89, 276, 161, 381];[92, 276, 163, 381];3088.0;3303.0;0.862652599811554;1.0;0.94189453125;0.9324324324324325
GUSA7Z_1_2050_1845_2562_2357;3095;1387;[314, 254, 413, 355];[318, 254, 413, 355];4208.0;4866.0;0.8539086580276489;1.0;0.92138671875;0.9595959595959596
GUSA7Z_1_2050_1845_2562_2357;3096;1391;[249, 200, 270, 246];[250, 204, 269, 247];513.5;641.0;0.7444751262664795;1.0;0.51953125;0.8101522842639594
GUSA7Z_1_2050_1845_2562_2357;3097;1393;[147, 162, 161, 175];[146, 160, 165, 179];98.5;200.0;0.523809552192688;1.0;0.10302734375;0.5041551246537396
GUSA7Z_1_2050_1845_2562_2357;3098;1385;[362, 67, 458, 192];[364, 70, 459, 191];5166.5;5914.0;0.8219005465507507;1.0;0.95166015625;0.9383714214998763
GUSA7Z_1_2050_1845_2562_2357;3099;1389;[171, 59, 205, 105];[172, 60, 207, 107];789.5;1201.0;0.6758026480674744;1.0;0.8017578125;0.861368909512761
GUSA7Z_1_2050_1845_2562_2357;3100;1388;[0, 116, 61, 214];[0, 122, 61, 215];2890.5;3249.0;0.8366998434066772;1.0;0.87158203125;0.9292929292929293
GUSA7Z_1_2255_1845_2767_2357;3101;-1;[418, 0, 433, 12];;121.0;0.0;0.0;1.0;0.0;0.0
GUSA7Z_1_2255_1845_2767_2357;3102;-1;[272, 31, 294, 44];;174.5;0.0;0.0;1.0;0.0;0.0
GUSA7Z_1_2255_1845_2767_2357;3103;-1;[441, 261, 457, 269];;72.0;0.0;0.0;1.0;0.0;0.0
GUSA7Z_1_2255_1845_2767_2357;3104;-1;[463, 435, 491, 470];;469.0;0.0;0.0;1.0;0.0;0.0
GUSA7Z_1_2255_1845_2767_2357;3105;1562;[79, 492, 100, 509];[80, 494, 99, 511];161.0;232.0;0.6510791182518005;1.0;0.2705078125;0.7215189873417721
GUSA7Z_1_2255_1845_2767_2357;3106;-1;[318, 269, 348, 359];;783.5;0.0;0.0;1.0;0.0;0.0
GUSA7Z_1_2255_1845_2767_2357;3107;1560;[109, 254, 208, 355];[112, 254, 209, 355];4208.0;4851.0;0.850676953792572;1.0;0.92138671875;0.96
GUSA7Z_1_2255_1845_2767_2357;3108;1561;[44, 200, 65, 246];[44, 204, 63, 247];513.5;625.0;0.7790530920028687;1.0;0.52734375;0.8101522842639594
GUSA7Z_1_2255_1845_2767_2357;3109;1559;[157, 67, 253, 192];[160, 70, 253, 191];5166.5;5901.0;0.8206581473350525;1.0;0.95556640625;0.93775
GUSA7Z_1_2460_1845_2972_2357;3110;-1;[213, 0, 228, 12];;121.0;0.0;0.0;1.0;0.0;0.0
GUSA7Z_1_2460_1845_2972_2357;3111;-1;[67, 31, 89, 44];;174.5;0.0;0.0;1.0;0.0;0.0
GUSA7Z_1_2460_1845_2972_2357;3112;-1;[236, 261, 252, 269];;72.0;0.0;0.0;1.0;0.0;0.0
GUSA7Z_1_2460_1845_2972_2357;3113;1702;[258, 435, 286, 470];[258, 440, 285, 469];469.0;462.0;0.6814450025558472;1.0;0.11798095703125;0.7989795918367347
GUSA7Z_1_2460_1845_2972_2357;3114;1698;[355, 305, 512, 436];[354, 308, 511, 435];5538.0;6015.0;0.8991490602493286;1.0;0.95166015625;0.9573789504204118
GUSA7Z_1_2460_1845_2972_2357;3115;1704;[113, 269, 143, 359];[116, 272, 143, 361];783.5;894.0;0.7828139662742615;1.0;0.00605010986328125;0.8529411764705882
GUSA7Z_1_2460_1845_2972_2357;3116;1700;[306, 123, 361, 182];[310, 124, 363, 185];1331.0;1980.0;0.6683913469314575;1.0;0.80322265625;0.8403409090909091
GUSA7Z_1_2460_1845_2972_2357;3117;1699;[442, 83, 493, 172];[448, 86, 493, 171];1944.0;1943.0;0.8577797412872314;1.0;0.84912109375;0.8426966292134831
GUSA7Z_1_2460_1845_2972_2357;3118;1701;[0, 67, 48, 192];[0, 70, 49, 191];2986.0;3340.0;0.8177379965782166;1.0;0.56201171875;0.9488645646136252
GUSA7Z_1_2460_1845_2972_2357;-1;1703;;[406, 10, 461, 73];0.0;1796.0;0.0;;0.0222930908203125;0.0
GUSA7Z_1_2665_1845_3177_2357;3119;-1;[371, 90, 384, 98];;51.0;0.0;0.0;1.0;0.0;0.0
GUSA7Z_1_2665_1845_3177_2357;3120;-1;[8, 0, 23, 12];;121.0;0.0;0.0;1.0;0.0;0.0
GUSA7Z_1_2665_1845_3177_2357;3121;-1;[31, 261, 47, 269];;72.0;0.0;0.0;1.0;0.0;0.0
GUSA7Z_1_2665_1845_3177_2357;3122;1833;[53, 435, 81, 470];[54, 440, 81, 469];469.0;470.0;0.6899350881576538;1.0;0.051666259765625;0.7989795918367347
GUSA7Z_1_2665_1845_3177_2357;3123;1832;[300, 480, 368, 512];[306, 480, 369, 511];643.5;861.0;0.710607647895813;1.0;0.22265625;0.8708654281830539
GUSA7Z_1_2665_1845_3177_2357;3124;-1;[470, 377, 512, 482];;3299.0;0.0;0.0;1.0;0.0;0.0
GUSA7Z_1_2665_1845_3177_2357;3125;1828;[150, 303, 309, 436];[150, 306, 309, 435];5547.5;5978.0;0.9064280986785889;1.0;0.962890625;0.9699248120300752
GUSA7Z_1_2665_1845_3177_2357;3126;1830;[101, 123, 156, 182];[104, 124, 157, 185];1331.0;1991.0;0.6719924807548523;1.0;0.81982421875;0.8711727325245523
GUSA7Z_1_2665_1845_3177_2357;3127;1831;[454, 137, 512, 231];[456, 140, 511, 231];2445.5;2610.0;0.819810688495636;1.0;0.31494140625;0.9180117388114454
GUSA7Z_1_2665_1845_3177_2357;3128;1829;[237, 83, 288, 172];[244, 86, 287, 171];1944.0;1925.0;0.8654365539550781;1.0;0.8408203125;0.8052434456928839
GUSA7Z_1_2870_1845_3382_2357;3129;-1;[391, 100, 405, 108];;62.5;0.0;0.0;1.0;0.0;0.0
GUSA7Z_1_2870_1845_3382_2357;3130;-1;[166, 90, 179, 98];;51.0;0.0;0.0;1.0;0.0;0.0
GUSA7Z_1_2870_1845_3382_2357;3131;1940;[95, 480, 163, 512];[100, 480, 165, 511];643.5;870.0;0.7006109952926636;1.0;0.11126708984375;0.8726541554959786
GUSA7Z_1_2870_1845_3382_2357;3132;1938;[265, 343, 426, 512];[268, 344, 429, 511];16631.5;17682.0;0.9246447086334229;1.0;0.89501953125;0.9522194153735114
GUSA7Z_1_2870_1845_3382_2357;3133;-1;[0, 303, 104, 436];;3328.5;0.0;0.0;1.0;0.0;0.0
GUSA7Z_1_2870_1845_3382_2357;3134;1937;[249, 137, 343, 231];[250, 140, 343, 231];2983.0;3283.0;0.8339757919311523;1.0;0.953125;0.9577863286555002
GUSA7Z_1_2870_1845_3382_2357;3135;1939;[32, 83, 83, 172];[40, 86, 83, 171];1944.0;1928.0;0.8451268076896667;1.0;0.67236328125;0.8052434456928839
GUSA7Z_1_2870_1845_3382_2357;-1;1941;;[300, 344, 357, 387];0.0;1186.0;0.0;;0.0279083251953125;0.0
GUSA7Z_1_3075_1845_3587_2357;3136;-1;[186, 100, 200, 108];;62.5;0.0;0.0;1.0;0.0;0.0
GUSA7Z_1_3075_1845_3587_2357;3137;2026;[60, 343, 221, 512];[62, 344, 223, 511];16631.5;17926.0;0.9182438254356384;1.0;0.9208984375;0.9640562030279926
GUSA7Z_1_3075_1845_3587_2357;3138;2025;[44, 137, 138, 231];[46, 140, 137, 231];2983.0;3335.0;0.8215543031692505;1.0;0.96044921875;0.9371887732005433
GUSA7Z_1_3075_1845_3587_2357;3139;2027;[334, 0, 410, 37];[334, 0, 411, 39];1417.0;2012.0;0.7173094749450684;1.0;0.7744140625;0.9363969363969364
GUSA7Z_1_3075_1845_3587_2357;-1;2028;;[94, 344, 153, 385];0.0;1218.0;0.0;;0.0230712890625;0.0
GUSA7Z_1_3280_1845_3792_2357;3140;2124;[129, 0, 205, 37];[130, 0, 205, 37];1417.0;1945.0;0.7305649518966675;1.0;0.7880859375;0.9868421052631579
GUSA7Z_1_3280_1845_3792_2357;-1;2125;;[396, 2, 431, 43];0.0;841.0;0.0;;0.042388916015625;0.0
GUSA7Z_1_3280_1845_3792_2357;-1;2126;;[382, 172, 401, 187];0.0;205.0;0.0;;0.00595855712890625;0.0
GUSA7Z_1_3485_1845_3997_2357;3141;-1;[375, 290, 387, 297];;50.5;0.0;0.0;1.0;0.0;0.0
GUSA7Z_1_3485_1845_3997_2357;3142;-1;[420, 390, 428, 402];;59.0;0.0;0.0;1.0;0.0;0.0
GUSA7Z_1_3485_1845_3997_2357;3143;2199;[469, 323, 499, 360];[468, 322, 499, 365];565.5;952.0;0.5736284852027893;1.0;0.673828125;0.832708177044261
GUSA7Z_1_3485_1845_3997_2357;-1;2200;;[192, 2, 225, 43];0.0;804.0;0.0;;0.01137542724609375;0.0
GUSA7Z_1_3485_1845_3997_2357;-1;2201;;[176, 172, 195, 187];0.0;221.0;0.0;;0.006984710693359375;0.0
GUSA7Z_1_3690_1845_4202_2357;3144;-1;[306, 377, 316, 390];;83.0;0.0;0.0;1.0;0.0;0.0
GUSA7Z_1_3690_1845_4202_2357;3145;-1;[170, 290, 182, 297];;50.5;0.0;0.0;1.0;0.0;0.0
GUSA7Z_1_3690_1845_4202_2357;3146;-1;[215, 390, 223, 402];;59.0;0.0;0.0;1.0;0.0;0.0
GUSA7Z_1_3690_1845_4202_2357;3147;2248;[264, 323, 294, 360];[264, 322, 295, 365];565.5;970.0;0.5548204183578491;1.0;0.78125;0.832708177044261
GUSA7Z_1_3895_1845_4407_2357;3148;-1;[101, 377, 111, 390];;83.0;0.0;0.0;1.0;0.0;0.0
GUSA7Z_1_3895_1845_4407_2357;3149;-1;[10, 390, 18, 402];;59.0;0.0;0.0;1.0;0.0;0.0
GUSA7Z_1_3895_1845_4407_2357;3150;2284;[59, 323, 89, 360];[58, 322, 91, 365];565.5;993.0;0.5483871102333069;1.0;0.642578125;0.7822410147991543
GUSA7Z_1_615_2050_1127_2562;3151;2412;[464, 384, 487, 404];[464, 384, 487, 405];188.5;326.0;0.6378830075263977;1.0;0.2705078125;0.9523809523809523
GUSA7Z_1_615_2050_1127_2562;3152;2415;[364, 153, 379, 175];[364, 154, 381, 177];170.0;275.0;0.6050156950950623;1.0;0.0282135009765625;0.7758620689655172
GUSA7Z_1_615_2050_1127_2562;3153;2413;[480, 115, 496, 131];[480, 114, 499, 133];122.0;221.0;0.5465116500854492;1.0;0.1981201171875;0.7091412742382271
GUSA7Z_1_615_2050_1127_2562;3154;2411;[414, 33, 453, 76];[414, 34, 455, 77];639.5;892.0;0.7126556038856506;1.0;0.861328125;0.9089900110987791
GUSA7Z_1_615_2050_1127_2562;-1;2414;;[402, 280, 431, 301];0.0;442.0;0.0;;0.08819580078125;0.0
GUSA7Z_1_820_2050_1332_2562;3155;-1;[460, 25, 476, 37];;133.0;0.0;0.0;1.0;0.0;0.0
GUSA7Z_1_820_2050_1332_2562;3156;-1;[472, 0, 485, 6];;59.5;0.0;0.0;1.0;0.0;0.0
GUSA7Z_1_820_2050_1332_2562;3157;-1;[480, 501, 508, 512];;140.5;0.0;0.0;1.0;0.0;0.0
GUSA7Z_1_820_2050_1332_2562;3158;2507;[259, 384, 282, 404];[260, 386, 281, 405];188.5;249.0;0.6677631735801697;1.0;0.441650390625;0.7858627858627859
GUSA7Z_1_820_2050_1332_2562;3159;2506;[309, 350, 404, 435];[314, 352, 401, 433];2735.0;2805.0;0.8223319053649902;1.0;0.79931640625;0.8726934984520124
GUSA7Z_1_820_2050_1332_2562;3160;2511;[159, 153, 174, 175];[158, 154, 175, 177];170.0;278.0;0.6050156950950623;1.0;0.0194244384765625;0.7758620689655172
GUSA7Z_1_820_2050_1332_2562;3161;-1;[316, 124, 334, 131];;96.0;0.0;0.0;1.0;0.0;0.0
GUSA7Z_1_820_2050_1332_2562;3162;2508;[275, 115, 291, 131];[274, 114, 293, 131];122.0;211.0;0.5836734771728516;1.0;0.332763671875;0.7925696594427245
GUSA7Z_1_820_2050_1332_2562;3163;2505;[209, 33, 248, 76];[210, 34, 249, 77];639.5;888.0;0.7028985619544983;1.0;0.87744140625;0.9078498293515358
GUSA7Z_1_820_2050_1332_2562;3164;2509;[471, 37, 507, 82];[472, 38, 509, 83];1118.5;1163.0;0.9063491821289062;1.0;0.262939453125;0.8825214899713467
GUSA7Z_1_820_2050_1332_2562;-1;2510;;[198, 280, 225, 301];0.0;421.0;0.0;;0.167724609375;0.0
GUSA7Z_1_1025_2050_1537_2562;3165;-1;[255, 25, 271, 37];;133.0;0.0;0.0;1.0;0.0;0.0
GUSA7Z_1_1025_2050_1537_2562;3166;791;[443, 207, 460, 225];[444, 208, 461, 227];240.5;240.0;0.8087248206138611;1.0;0.10052490234375;0.7619047619047619
GUSA7Z_1_1025_2050_1537_2562;3167;-1;[267, 0, 280, 6];;59.5;0.0;0.0;1.0;0.0;0.0
GUSA7Z_1_1025_2050_1537_2562;3168;-1;[275, 501, 303, 512];;140.5;0.0;0.0;1.0;0.0;0.0
GUSA7Z_1_1025_2050_1537_2562;3169;788;[54, 384, 77, 404];[54, 386, 75, 405];188.5;274.0;0.6461538672447205;1.0;0.515625;0.7858627858627859
GUSA7Z_1_1025_2050_1537_2562;3170;787;[104, 350, 199, 435];[108, 352, 197, 433];2735.0;2886.0;0.8326705694198608;1.0;0.74609375;0.8927554179566564
GUSA7Z_1_1025_2050_1537_2562;3171;-1;[111, 124, 129, 131];;96.0;0.0;0.0;1.0;0.0;0.0
GUSA7Z_1_1025_2050_1537_2562;3172;790;[70, 115, 86, 131];[70, 114, 87, 131];122.0;192.0;0.6150442361831665;1.0;0.2861328125;0.8858131487889274
GUSA7Z_1_1025_2050_1537_2562;3173;786;[4, 33, 43, 76];[4, 34, 45, 79];639.5;918.0;0.6925403475761414;1.0;0.85498046875;0.8694267515923567
GUSA7Z_1_1025_2050_1537_2562;3174;789;[266, 37, 302, 82];[268, 38, 303, 83];1118.5;1154.0;0.8953211903572083;1.0;0.462890625;0.8805179517363155
GUSA7Z_1_1025_2050_1537_2562;-1;792;;[428, 334, 455, 365];0.0;477.0;0.0;;0.036224365234375;0.0
GUSA7Z_1_1230_2050_1742_2562;3175;-1;[50, 25, 66, 37];;133.0;0.0;0.0;1.0;0.0;0.0
GUSA7Z_1_1230_2050_1742_2562;3176;907;[238, 207, 255, 225];[240, 208, 257, 227];240.5;237.0;0.7179487347602844;1.0;0.155029296875;0.6818181818181818
GUSA7Z_1_1230_2050_1742_2562;3177;-1;[62, 0, 75, 6];;59.5;0.0;0.0;1.0;0.0;0.0
GUSA7Z_1_1230_2050_1742_2562;3178;-1;[503, 502, 511, 512];;44.5;0.0;0.0;1.0;0.0;0.0
GUSA7Z_1_1230_2050_1742_2562;3179;-1;[70, 501, 98, 512];;140.5;0.0;0.0;1.0;0.0;0.0
GUSA7Z_1_1230_2050_1742_2562;3180;904;[467, 344, 507, 385];[468, 340, 509, 387];680.5;1207.0;0.5752688050270081;1.0;0.615234375;0.8125
GUSA7Z_1_1230_2050_1742_2562;3181;902;[343, 274, 380, 310];[342, 274, 383, 311];662.0;1147.0;0.6273701786994934;1.0;0.822265625;0.8780487804878049
GUSA7Z_1_1230_2050_1742_2562;3182;906;[349, 210, 367, 222];[350, 210, 377, 229];126.5;334.0;0.39295393228530884;1.0;0.35400390625;0.38857142857142857
GUSA7Z_1_1230_2050_1742_2562;3183;903;[412, 121, 457, 156];[414, 124, 453, 157];664.5;658.0;0.7202380895614624;1.0;0.81396484375;0.7732342007434945
GUSA7Z_1_1230_2050_1742_2562;3184;905;[61, 37, 97, 82];[62, 38, 99, 83];1118.5;1205.0;0.8870843052864075;1.0;0.56396484375;0.8825214899713467
GUSA7Z_1_1230_2050_1742_2562;-1;908;;[224, 334, 251, 365];0.0;459.0;0.0;;0.037322998046875;0.0
GUSA7Z_1_1230_2050_1742_2562;-1;909;;[142, 148, 169, 165];0.0;294.0;0.0;;0.006931304931640625;0.0
GUSA7Z_1_1435_2050_1947_2562;3185;1044;[33, 207, 50, 225];[34, 208, 51, 227];240.5;240.0;0.8087248206138611;1.0;0.1766357421875;0.7619047619047619
GUSA7Z_1_1435_2050_1947_2562;3186;-1;[298, 502, 306, 512];;44.5;0.0;0.0;1.0;0.0;0.0
GUSA7Z_1_1435_2050_1947_2562;3187;1042;[384, 488, 426, 506];[382, 488, 427, 507];509.0;683.0;0.7594594359397888;1.0;0.60400390625;0.8842105263157894
GUSA7Z_1_1435_2050_1947_2562;3188;1041;[262, 344, 302, 385];[262, 340, 303, 387];680.5;1254.0;0.573782742023468;1.0;0.67236328125;0.851063829787234
GUSA7Z_1_1435_2050_1947_2562;3189;1040;[138, 274, 175, 310];[138, 274, 177, 311];662.0;1110.0;0.6518391966819763;1.0;0.810546875;0.9230769230769231
GUSA7Z_1_1435_2050_1947_2562;3190;1043;[144, 210, 162, 222];[144, 210, 173, 229];126.5;335.0;0.40591397881507874;1.0;0.56591796875;0.39201451905626133
GUSA7Z_1_1435_2050_1947_2562;3191;1039;[207, 121, 252, 156];[208, 124, 249, 157];664.5;701.0;0.7354312539100647;1.0;0.81982421875;0.8118811881188119
GUSA7Z_1_1435_2050_1947_2562;3192;1038;[322, 39, 512, 156];[324, 40, 511, 155];5305.5;6035.0;0.8676654100418091;1.0;0.95947265625;0.9673864147548358
GUSA7Z_1_1435_2050_1947_2562;-1;1045;;[18, 332, 47, 365];0.0;523.0;0.0;;0.039794921875;0.0
GUSA7Z_1_1640_2050_2152_2562;3193;-1;[93, 502, 101, 512];;44.5;0.0;0.0;1.0;0.0;0.0
GUSA7Z_1_1640_2050_2152_2562;3194;1161;[179, 488, 221, 506];[178, 488, 221, 507];509.0;683.0;0.7621621489524841;1.0;0.673828125;0.9253365973072215
GUSA7Z_1_1640_2050_2152_2562;3195;1163;[323, 454, 362, 495];[324, 468, 347, 497];602.0;376.0;0.49381017684936523;1.0;0.1666259765625;0.37750759878419454
GUSA7Z_1_1640_2050_2152_2562;3196;1160;[57, 344, 97, 385];[58, 340, 99, 387];680.5;1219.0;0.5695817470550537;1.0;0.6943359375;0.8125
GUSA7Z_1_1640_2050_2152_2562;3197;1159;[2, 121, 47, 156];[2, 124, 45, 157];664.5;715.0;0.7590643167495728;1.0;0.763671875;0.8504326328800988
GUSA7Z_1_1640_2050_2152_2562;3198;1158;[117, 39, 307, 156];[120, 40, 307, 155];5305.5;5953.0;0.8714600205421448;1.0;0.96435546875;0.9673864147548358
GUSA7Z_1_1640_2050_2152_2562;3199;-1;[378, 0, 425, 19];;592.5;0.0;0.0;1.0;0.0;0.0
GUSA7Z_1_1640_2050_2152_2562;-1;1162;;[400, 92, 449, 131];0.0;1265.0;0.0;;0.422607421875;0.0
GUSA7Z_1_1845_2050_2357_2562;3200;1283;[346, 444, 419, 512];[348, 454, 421, 511];1731.0;2012.0;0.7562472820281982;1.0;0.021209716796875;0.796967309964553
GUSA7Z_1_1845_2050_2357_2562;3201;1277;[458, 368, 504, 431];[460, 370, 507, 429];1361.0;1531.0;0.8378216624259949;1.0;0.9140625;0.8442276422764228
GUSA7Z_1_1845_2050_2357_2562;3202;1280;[489, 287, 510, 304];[490, 288, 509, 305];161.0;227.0;0.6629629731178284;1.0;0.368408203125;0.8085106382978723
GUSA7Z_1_1845_2050_2357_2562;3203;1279;[359, 285, 383, 301];[360, 286, 383, 303];207.0;283.0;0.6960486173629761;1.0;0.418701171875;0.8023255813953488
GUSA7Z_1_1845_2050_2357_2562;3204;1276;[294, 71, 366, 176];[298, 72, 367, 175];3088.0;3310.0;0.8697829842567444;1.0;0.95263671875;0.9140023489494976
GUSA7Z_1_1845_2050_2357_2562;3205;1282;[454, 0, 475, 41];[454, 0, 475, 43];497.0;644.0;0.7610241770744324;1.0;0.16455078125;0.9534883720930233
GUSA7Z_1_1845_2050_2357_2562;3206;-1;[0, 490, 16, 506];;176.0;0.0;0.0;1.0;0.0;0.0
GUSA7Z_1_1845_2050_2357_2562;3207;1281;[118, 454, 157, 495];[118, 454, 157, 497];602.0;921.0;0.6716867685317993;1.0;0.1800537109375;0.9534883720930233
GUSA7Z_1_1845_2050_2357_2562;3208;-1;[0, 58, 102, 109];;1507.5;0.0;0.0;1.0;0.0;0.0
GUSA7Z_1_1845_2050_2357_2562;3209;-1;[173, 0, 220, 19];;592.5;0.0;0.0;1.0;0.0;0.0
GUSA7Z_1_1845_2050_2357_2562;-1;1278;;[196, 92, 243, 131];0.0;1226.0;0.0;;0.4765625;0.0
GUSA7Z_1_2050_2050_2562_2562;3210;-1;[398, 394, 416, 406];;126.5;0.0;0.0;1.0;0.0;0.0
GUSA7Z_1_2050_2050_2562_2562;3211;-1;[453, 355, 475, 366];;151.5;0.0;0.0;1.0;0.0;0.0
GUSA7Z_1_2050_2050_2562_2562;3212;1397;[431, 451, 512, 512];[436, 450, 511, 511];1876.0;2413.0;0.7262569665908813;1.0;0.67236328125;0.8971291866028708
GUSA7Z_1_2050_2050_2562_2562;3213;1401;[141, 444, 214, 512];[142, 452, 215, 511];1731.0;2085.0;0.743907630443573;1.0;0.01763916015625;0.8457097352179972
GUSA7Z_1_2050_2050_2562_2562;3214;1396;[253, 368, 299, 431];[256, 370, 301, 429];1361.0;1529.0;0.8307508826255798;1.0;0.91552734375;0.8411803713527851
GUSA7Z_1_2050_2050_2562_2562;3215;1398;[284, 287, 305, 304];[284, 288, 305, 305];161.0;239.0;0.6824817657470703;1.0;0.486328125;0.8888888888888888
GUSA7Z_1_2050_2050_2562_2562;3216;1399;[154, 285, 178, 301];[154, 286, 179, 303];207.0;291.0;0.6934523582458496;1.0;0.39599609375;0.8017817371937639
GUSA7Z_1_2050_2050_2562_2562;3217;1394;[89, 71, 161, 176];[92, 72, 163, 175];3088.0;3265.0;0.8646385669708252;1.0;0.94482421875;0.9151429307236673
GUSA7Z_1_2050_2050_2562_2562;3218;1395;[314, 49, 413, 150];[318, 50, 413, 151];4208.0;4714.0;0.8587771058082581;1.0;0.92578125;0.9411531602932435
GUSA7Z_1_2050_2050_2562_2562;3219;1400;[249, 0, 270, 41];[250, 0, 269, 41];497.0;611.0;0.772393524646759;1.0;0.38671875;0.9047619047619048
GUSA7Z_1_2255_2050_2767_2562;3220;-1;[441, 56, 457, 64];;72.0;0.0;0.0;1.0;0.0;0.0
GUSA7Z_1_2255_2050_2767_2562;3221;-1;[193, 394, 211, 406];;126.5;0.0;0.0;1.0;0.0;0.0
GUSA7Z_1_2255_2050_2767_2562;3222;-1;[248, 355, 270, 366];;151.5;0.0;0.0;1.0;0.0;0.0
GUSA7Z_1_2255_2050_2767_2562;3223;-1;[463, 230, 491, 265];;469.0;0.0;0.0;1.0;0.0;0.0
GUSA7Z_1_2255_2050_2767_2562;3224;1566;[226, 451, 310, 512];[230, 450, 309, 511];1880.5;2341.0;0.7543185949325562;1.0;0.84912109375;0.9110128771862387
GUSA7Z_1_2255_2050_2767_2562;3225;1565;[424, 384, 503, 477];[426, 388, 503, 477];2266.5;2602.0;0.8239858746528625;1.0;0.90869140625;0.9327616714305158
GUSA7Z_1_2255_2050_2767_2562;3226;1564;[48, 368, 94, 431];[50, 370, 95, 431];1361.0;1548.0;0.839073657989502;1.0;0.92529296875;0.9070631970260223
GUSA7Z_1_2255_2050_2767_2562;3227;1569;[354, 332, 393, 351];[354, 334, 393, 353];255.0;450.0;0.5928853750228882;1.0;0.1357421875;0.8095238095238095
GUSA7Z_1_2255_2050_2767_2562;3228;1567;[79, 287, 100, 304];[80, 288, 99, 307];161.0;255.0;0.6404109597206116;1.0;0.46875;0.7342995169082126
GUSA7Z_1_2255_2050_2767_2562;3229;1570;[318, 64, 348, 154];[322, 66, 349, 155];783.5;935.0;0.7871747016906738;1.0;0.0050201416015625;0.8127886323268206
GUSA7Z_1_2255_2050_2767_2562;3230;1563;[109, 49, 208, 150];[114, 50, 209, 151];4208.0;4717.0;0.855708658695221;1.0;0.9306640625;0.9221110457131646
GUSA7Z_1_2255_2050_2767_2562;3231;1568;[44, 0, 65, 41];[44, 2, 65, 41];497.0;576.0;0.7893129587173462;1.0;0.25537109375;0.9512195121951219
GUSA7Z_1_2460_2050_2972_2562;3232;-1;[236, 56, 252, 64];;72.0;0.0;0.0;1.0;0.0;0.0
GUSA7Z_1_2460_2050_2972_2562;3233;-1;[0, 394, 6, 405];;40.5;0.0;0.0;1.0;0.0;0.0
GUSA7Z_1_2460_2050_2972_2562;3234;-1;[43, 355, 65, 366];;151.5;0.0;0.0;1.0;0.0;0.0
GUSA7Z_1_2460_2050_2972_2562;3235;1710;[258, 230, 286, 265];[258, 234, 285, 265];469.0;495.0;0.725806474685669;1.0;0.019561767578125;0.8540816326530613
GUSA7Z_1_2460_2050_2972_2562;3236;1708;[21, 451, 105, 512];[26, 450, 103, 511];1880.5;2263.0;0.7514608502388;1.0;0.84814453125;0.8882907133243607
GUSA7Z_1_2460_2050_2972_2562;3237;1706;[219, 384, 298, 477];[222, 388, 297, 477];2266.5;2572.0;0.8217191100120544;1.0;0.93505859375;0.9085340955492037
GUSA7Z_1_2460_2050_2972_2562;3238;1707;[343, 368, 409, 444];[344, 370, 411, 443];1168.0;1850.0;0.6387225389480591;1.0;0.87890625;0.9192173576133281
GUSA7Z_1_2460_2050_2972_2562;3239;1709;[149, 332, 188, 351];[148, 334, 189, 353];255.0;485.0;0.5642458200454712;1.0;0.263671875;0.7736289381563594
GUSA7Z_1_2460_2050_2972_2562;3240;-1;[503, 299, 512, 320];;71.0;0.0;0.0;1.0;0.0;0.0
GUSA7Z_1_2460_2050_2972_2562;3241;1705;[355, 100, 512, 231];[354, 104, 511, 229];5538.0;5979.0;0.9024043083190918;1.0;0.96044921875;0.9423931954378504
GUSA7Z_1_2460_2050_2972_2562;3242;-1;[113, 64, 143, 154];;783.5;0.0;0.0;1.0;0.0;0.0
GUSA7Z_1_2665_2050_3177_2562;3243;-1;[31, 56, 47, 64];;72.0;0.0;0.0;1.0;0.0;0.0
GUSA7Z_1_2665_2050_3177_2562;3244;1838;[53, 230, 81, 265];[52, 236, 81, 265];469.0;492.0;0.6888889074325562;1.0;0.005535125732421875;0.8047571853320119
GUSA7Z_1_2665_2050_3177_2562;3245;1835;[14, 384, 93, 477];[16, 388, 93, 477];2266.5;2591.0;0.8220338821411133;1.0;0.9208984375;0.9327616714305158
GUSA7Z_1_2665_2050_3177_2562;3246;1836;[138, 368, 204, 444];[140, 370, 205, 443];1168.0;1772.0;0.6426011323928833;1.0;0.87841796875;0.9180585576734133
GUSA7Z_1_2665_2050_3177_2562;3247;1837;[298, 275, 368, 320];[300, 276, 369, 319];689.0;834.0;0.7081243991851807;1.0;0.64599609375;0.915753210147197
GUSA7Z_1_2665_2050_3177_2562;3248;-1;[470, 172, 512, 277];;3299.0;0.0;0.0;1.0;0.0;0.0
GUSA7Z_1_2665_2050_3177_2562;3249;1834;[150, 98, 309, 231];[150, 100, 309, 231];5547.5;6043.0;0.9022319912910461;1.0;0.96142578125;0.9849624060150376
GUSA7Z_1_2665_2050_3177_2562;3250;-1;[462, 0, 512, 26];;576.5;0.0;0.0;1.0;0.0;0.0
GUSA7Z_1_2870_2050_3382_2562;3251;-1;[381, 328, 512, 512];;13089.0;0.0;0.0;1.0;0.0;0.0
GUSA7Z_1_2870_2050_3382_2562;3252;1943;[93, 275, 163, 320];[94, 276, 165, 319];689.0;877.0;0.7021484375;1.0;0.640625;0.9168726823238567
GUSA7Z_1_2870_2050_3382_2562;3253;1942;[265, 138, 426, 359];[266, 140, 429, 359];19131.5;20172.0;0.9395849704742432;1.0;0.96728515625;0.9669407803962691
GUSA7Z_1_2870_2050_3382_2562;3254;-1;[0, 98, 104, 231];;3328.5;0.0;0.0;1.0;0.0;0.0
GUSA7Z_1_2870_2050_3382_2562;3255;-1;[257, 0, 308, 26];;578.5;0.0;0.0;1.0;0.0;0.0
GUSA7Z_1_2870_2050_3382_2562;-1;1944;;[300, 140, 355, 181];0.0;1106.0;0.0;;0.012054443359375;0.0
GUSA7Z_1_3075_2050_3587_2562;3256;2030;[176, 320, 358, 512];[180, 326, 361, 511];18562.5;19400.0;0.8765444159507751;1.0;0.583984375;0.92763176427505
GUSA7Z_1_3075_2050_3587_2562;3257;2029;[60, 138, 221, 359];[60, 140, 223, 359];19131.5;20323.0;0.9362194538116455;1.0;0.9658203125;0.9789000249868125
GUSA7Z_1_3075_2050_3587_2562;3258;-1;[52, 0, 103, 26];;578.5;0.0;0.0;1.0;0.0;0.0
GUSA7Z_1_3280_2050_3792_2562;3259;2127;[0, 320, 153, 512];[2, 326, 155, 511];17383.0;17706.0;0.8355459570884705;1.0;0.0634765625;0.9391178645868352
GUSA7Z_1_3485_2050_3997_2562;3260;-1;[375, 344, 387, 350];;60.0;0.0;0.0;1.0;0.0;0.0
GUSA7Z_1_3485_2050_3997_2562;3261;-1;[375, 85, 387, 92];;50.5;0.0;0.0;1.0;0.0;0.0
GUSA7Z_1_3485_2050_3997_2562;3262;-1;[420, 185, 428, 197];;59.0;0.0;0.0;1.0;0.0;0.0
GUSA7Z_1_3485_2050_3997_2562;3263;2203;[426, 435, 453, 473];[426, 434, 457, 477];365.5;738.0;0.4968944191932678;1.0;0.4921875;0.7696924231057765
GUSA7Z_1_3485_2050_3997_2562;3264;2202;[469, 118, 499, 155];[468, 118, 499, 161];565.5;963.0;0.5623216032981873;1.0;0.7373046875;0.832708177044261
GUSA7Z_1_3690_2050_4202_2562;3265;-1;[306, 172, 316, 185];;83.0;0.0;0.0;1.0;0.0;0.0
GUSA7Z_1_3690_2050_4202_2562;3266;-1;[351, 437, 366, 446];;88.0;0.0;0.0;1.0;0.0;0.0
GUSA7Z_1_3690_2050_4202_2562;3267;-1;[170, 344, 182, 350];;60.0;0.0;0.0;1.0;0.0;0.0
GUSA7Z_1_3690_2050_4202_2562;3268;-1;[170, 85, 182, 92];;50.5;0.0;0.0;1.0;0.0;0.0
GUSA7Z_1_3690_2050_4202_2562;3269;-1;[215, 185, 223, 197];;59.0;0.0;0.0;1.0;0.0;0.0
GUSA7Z_1_3690_2050_4202_2562;3270;2250;[221, 435, 248, 473];[220, 434, 251, 477];365.5;712.0;0.5306388735771179;1.0;0.5869140625;0.7696924231057765
GUSA7Z_1_3690_2050_4202_2562;3271;2249;[264, 118, 294, 155];[264, 118, 295, 161];565.5;960.0;0.5485391020774841;1.0;0.7490234375;0.832708177044261
GUSA7Z_1_3895_2050_4407_2562;3272;-1;[101, 172, 111, 185];;83.0;0.0;0.0;1.0;0.0;0.0
GUSA7Z_1_3895_2050_4407_2562;3273;-1;[146, 437, 161, 446];;88.0;0.0;0.0;1.0;0.0;0.0
GUSA7Z_1_3895_2050_4407_2562;3274;-1;[10, 185, 18, 197];;59.0;0.0;0.0;1.0;0.0;0.0
GUSA7Z_1_3895_2050_4407_2562;3275;2286;[16, 435, 43, 473];[16, 436, 45, 477];365.5;650.0;0.543055534362793;1.0;0.60595703125;0.821546052631579
GUSA7Z_1_3895_2050_4407_2562;3276;2285;[59, 118, 89, 155];[58, 118, 91, 161];565.5;980.0;0.5454545617103577;1.0;0.72509765625;0.7822410147991543
GUSA7Z_1_4017_2050_4529_2562;3277;-1;[24, 437, 39, 446];;88.0;0.0;0.0;1.0;0.0;0.0
GUSA7Z_1_0_2255_512_2767;3278;-1;[447, 480, 466, 497];;191.0;0.0;0.0;1.0;0.0;0.0
GUSA7Z_1_205_2255_717_2767;3279;-1;[242, 480, 261, 497];;191.0;0.0;0.0;1.0;0.0;0.0
GUSA7Z_1_205_2255_717_2767;3280;1495;[440, 438, 469, 460];[440, 436, 471, 461];342.5;452.0;0.7485029697418213;1.0;0.040374755859375;0.8232258064516129
GUSA7Z_1_205_2255_717_2767;-1;1496;;[394, 56, 453, 141];0.0;2796.0;0.0;;0.007755279541015625;0.0
GUSA7Z_1_410_2255_922_2767;3281;-1;[37, 480, 56, 497];;191.0;0.0;0.0;1.0;0.0;0.0
GUSA7Z_1_410_2255_922_2767;3282;2335;[235, 438, 264, 460];[234, 436, 265, 461];342.5;432.0;0.7933194041252136;1.0;0.058349609375;0.8232258064516129
GUSA7Z_1_410_2255_922_2767;-1;2336;;[288, 12, 307, 39];0.0;287.0;0.0;;0.0097808837890625;0.0
GUSA7Z_1_410_2255_922_2767;-1;2337;;[190, 56, 249, 141];0.0;2827.0;0.0;;0.00812530517578125;0.0
GUSA7Z_1_615_2255_1127_2767;3283;2417;[398, 441, 432, 471];[400, 442, 427, 473];284.0;487.0;0.517241358757019;1.0;0.2493896484375;0.729050279329609
GUSA7Z_1_615_2255_1127_2767;3284;2419;[30, 438, 59, 460];[30, 436, 61, 461];342.5;425.0;0.7944915294647217;1.0;0.047943115234375;0.8232258064516129
GUSA7Z_1_615_2255_1127_2767;3285;2416;[464, 179, 487, 199];[464, 180, 487, 201];188.5;298.0;0.6470588445663452;1.0;0.341552734375;0.8636363636363636
GUSA7Z_1_615_2255_1127_2767;-1;2418;;[402, 76, 431, 97];0.0;439.0;0.0;;0.153076171875;0.0
GUSA7Z_1_615_2255_1127_2767;-1;2420;;[84, 12, 103, 39];0.0;278.0;0.0;;0.00555419921875;0.0
GUSA7Z_1_820_2255_1332_2767;3286;2516;[193, 441, 227, 471];[196, 442, 227, 473];284.0;543.0;0.5338842868804932;1.0;0.175537109375;0.8308687615526802
GUSA7Z_1_820_2255_1332_2767;3287;2512;[367, 378, 478, 478];[370, 380, 479, 477];4500.0;5310.0;0.831780731678009;1.0;0.9365234375;0.9356077520764491
GUSA7Z_1_820_2255_1332_2767;3288;2513;[466, 296, 508, 330];[466, 298, 511, 329];604.0;889.0;0.6659836173057556;1.0;0.87158203125;0.8560157790927022
GUSA7Z_1_820_2255_1332_2767;3289;2515;[259, 179, 282, 199];[260, 180, 281, 199];188.5;264.0;0.6688103079795837;1.0;0.521484375;0.8673913043478261
GUSA7Z_1_820_2255_1332_2767;3290;2514;[309, 145, 404, 230];[312, 146, 401, 227];2735.0;2890.0;0.8450184464454651;1.0;0.810546875;0.8927554179566564
GUSA7Z_1_820_2255_1332_2767;-1;2517;;[196, 76, 225, 97];0.0;436.0;0.0;;0.167236328125;0.0
GUSA7Z_1_1025_2255_1537_2767;3291;803;[423, 396, 434, 414];[422, 398, 441, 419];84.5;267.0;0.30225080251693726;1.0;0.00572967529296875;0.4180522565320665
GUSA7Z_1_1025_2255_1537_2767;3292;-1;[0, 441, 22, 467];;169.5;0.0;0.0;1.0;0.0;0.0
GUSA7Z_1_1025_2255_1537_2767;3293;795;[162, 378, 273, 478];[164, 380, 275, 477];4500.0;5302.0;0.8386690616607666;1.0;0.94677734375;0.9361607933415973
GUSA7Z_1_1025_2255_1537_2767;3294;798;[337, 342, 383, 378];[338, 342, 385, 381];702.5;1017.0;0.7076502442359924;1.0;0.763671875;0.8667736757624398
GUSA7Z_1_1025_2255_1537_2767;3295;800;[443, 2, 460, 20];[444, 4, 461, 21];240.5;227.0;0.746666669845581;1.0;0.06732177734375;0.7551622418879056
GUSA7Z_1_1025_2255_1537_2767;3296;797;[261, 296, 303, 330];[262, 296, 307, 329];604.0;913.0;0.6563126444816589;1.0;0.8310546875;0.8673076923076923
GUSA7Z_1_1025_2255_1537_2767;3297;799;[54, 179, 77, 199];[56, 182, 77, 199];188.5;225.0;0.6689895391464233;1.0;0.57568359375;0.7760869565217391
GUSA7Z_1_1025_2255_1537_2767;3298;796;[104, 145, 199, 230];[106, 148, 197, 229];2735.0;2949.0;0.8384451866149902;1.0;0.90380859375;0.9128173374613003
GUSA7Z_1_1025_2255_1537_2767;-1;801;;[428, 128, 455, 161];0.0;465.0;0.0;;0.06439208984375;0.0
GUSA7Z_1_1025_2255_1537_2767;-1;802;;[396, 326, 427, 341];0.0;365.0;0.0;;0.045684814453125;0.0
GUSA7Z_1_1230_2255_1742_2767;3299;-1;[218, 396, 229, 414];;84.5;0.0;0.0;1.0;0.0;0.0
GUSA7Z_1_1230_2255_1742_2767;3300;-1;[335, 408, 350, 418];;93.0;0.0;0.0;1.0;0.0;0.0
GUSA7Z_1_1230_2255_1742_2767;3301;-1;[319, 496, 337, 511];;154.5;0.0;0.0;1.0;0.0;0.0
GUSA7Z_1_1230_2255_1742_2767;3302;923;[462, 403, 483, 415];[462, 402, 485, 417];169.5;253.0;0.6000000238418579;1.0;0.010406494140625;0.7304347826086957
GUSA7Z_1_1230_2255_1742_2767;3303;918;[396, 453, 418, 479];[396, 454, 419, 481];334.5;396.0;0.7990970611572266;1.0;0.546875;0.8553654743390358
GUSA7Z_1_1230_2255_1742_2767;3304;917;[0, 389, 68, 457];[0, 392, 69, 457];2185.0;2515.0;0.8497757911682129;1.0;0.67724609375;0.9426316911921518
GUSA7Z_1_1230_2255_1742_2767;3305;915;[132, 342, 178, 378];[132, 342, 181, 381];702.5;999.0;0.7278658151626587;1.0;0.74169921875;0.8665620094191523
GUSA7Z_1_1230_2255_1742_2767;3306;920;[238, 2, 255, 20];[240, 4, 257, 21];240.5;219.0;0.7119205594062805;1.0;0.11279296875;0.676056338028169
GUSA7Z_1_1230_2255_1742_2767;3307;-1;[503, 297, 512, 328];;154.5;0.0;0.0;1.0;0.0;0.0
GUSA7Z_1_1230_2255_1742_2767;3308;913;[56, 296, 98, 330];[56, 296, 103, 329];604.0;954.0;0.634782612323761;1.0;0.845703125;0.8700564971751412
GUSA7Z_1_1230_2255_1742_2767;3309;916;[467, 139, 507, 180];[468, 136, 509, 181];680.5;1172.0;0.5824176073074341;1.0;0.6875;0.8478260869565217
GUSA7Z_1_1230_2255_1742_2767;3310;914;[343, 69, 380, 105];[342, 70, 383, 107];662.0;1140.0;0.6252073049545288;1.0;0.8427734375;0.8333333333333334
GUSA7Z_1_1230_2255_1742_2767;3311;919;[349, 5, 367, 17];[348, 4, 377, 25];126.5;395.0;0.3574766218662262;1.0;0.445556640625;0.35467980295566504
GUSA7Z_1_1230_2255_1742_2767;-1;921;;[224, 128, 251, 161];0.0;472.0;0.0;;0.05242919921875;0.0
GUSA7Z_1_1230_2255_1742_2767;-1;922;;[192, 326, 221, 341];0.0;351.0;0.0;;0.02508544921875;0.0
GUSA7Z_1_1435_2255_1947_2767;3312;-1;[13, 396, 24, 414];;84.5;0.0;0.0;1.0;0.0;0.0
GUSA7Z_1_1435_2255_1947_2767;3313;-1;[130, 408, 145, 418];;93.0;0.0;0.0;1.0;0.0;0.0
GUSA7Z_1_1435_2255_1947_2767;3314;-1;[114, 496, 132, 511];;154.5;0.0;0.0;1.0;0.0;0.0
GUSA7Z_1_1435_2255_1947_2767;3315;1059;[257, 403, 278, 415];[258, 402, 279, 417];169.5;231.0;0.6105263233184814;1.0;0.0296478271484375;0.7339449541284404
GUSA7Z_1_1435_2255_1947_2767;3316;-1;[357, 503, 375, 512];;109.0;0.0;0.0;1.0;0.0;0.0
GUSA7Z_1_1435_2255_1947_2767;3317;1055;[191, 453, 213, 479];[192, 454, 215, 481];334.5;383.0;0.7845804691314697;1.0;0.53125;0.7859281437125748
GUSA7Z_1_1435_2255_1947_2767;3318;1053;[332, 350, 352, 376];[332, 350, 353, 379];321.0;426.0;0.7601712942123413;1.0;0.55078125;0.8538587848932676
GUSA7Z_1_1435_2255_1947_2767;3319;1057;[33, 2, 50, 20];[34, 4, 51, 21];240.5;232.0;0.7409836053848267;1.0;0.09075927734375;0.7551622418879056
GUSA7Z_1_1435_2255_1947_2767;3320;1056;[298, 297, 321, 328];[298, 298, 321, 329];289.0;464.0;0.6543689370155334;1.0;0.42626953125;0.9375
GUSA7Z_1_1435_2255_1947_2767;3321;1051;[384, 283, 426, 301];[382, 282, 427, 301];509.0;723.0;0.7265725135803223;1.0;0.75927734375;0.8842105263157894
GUSA7Z_1_1435_2255_1947_2767;3322;1052;[262, 139, 302, 180];[262, 136, 303, 181];680.5;1198.0;0.5922179222106934;1.0;0.7041015625;0.8888888888888888
GUSA7Z_1_1435_2255_1947_2767;3323;1050;[138, 69, 175, 105];[138, 70, 177, 105];662.0;1092.0;0.6429794430732727;1.0;0.8291015625;0.9236804564907275
GUSA7Z_1_1435_2255_1947_2767;3324;1054;[144, 5, 162, 17];[144, 4, 173, 25];126.5;375.0;0.3713592290878296;1.0;0.544921875;0.35467980295566504
GUSA7Z_1_1435_2255_1947_2767;-1;1058;;[18, 126, 47, 161];0.0;524.0;0.0;;0.036773681640625;0.0
GUSA7Z_1_1640_2255_2152_2767;3325;1171;[52, 403, 73, 415];[52, 402, 75, 417];169.5;258.0;0.5903225541114807;1.0;0.039337158203125;0.7304347826086957
GUSA7Z_1_1640_2255_2152_2767;3326;-1;[152, 503, 170, 512];;109.0;0.0;0.0;1.0;0.0;0.0
GUSA7Z_1_1640_2255_2152_2767;3327;-1;[279, 498, 319, 512];;147.0;0.0;0.0;1.0;0.0;0.0
GUSA7Z_1_1640_2255_2152_2767;3328;-1;[0, 453, 8, 473];;100.0;0.0;0.0;1.0;0.0;0.0
GUSA7Z_1_1640_2255_2152_2767;3329;1168;[127, 350, 147, 376];[128, 350, 147, 379];321.0;407.0;0.7237687110900879;1.0;0.418701171875;0.8561525129982669
GUSA7Z_1_1640_2255_2152_2767;3330;1169;[93, 297, 116, 328];[92, 298, 117, 329];289.0;492.0;0.626838207244873;1.0;0.33642578125;0.8646616541353384
GUSA7Z_1_1640_2255_2152_2767;3331;1166;[179, 283, 221, 301];[178, 282, 223, 301];509.0;716.0;0.731517493724823;1.0;0.79931640625;0.8842105263157894
GUSA7Z_1_1640_2255_2152_2767;3332;1170;[323, 249, 362, 290];[324, 250, 361, 293];602.0;841.0;0.6211498975753784;1.0;0.1800537109375;0.8654970760233918
GUSA7Z_1_1640_2255_2152_2767;3333;1167;[57, 139, 97, 180];[58, 136, 99, 181];680.5;1147.0;0.596308171749115;1.0;0.72021484375;0.8478260869565217
GUSA7Z_1_1845_2255_2357_2767;3334;-1;[325, 409, 342, 420];;117.5;0.0;0.0;1.0;0.0;0.0
GUSA7Z_1_1845_2255_2357_2767;3335;-1;[394, 462, 412, 476];;107.5;0.0;0.0;1.0;0.0;0.0
GUSA7Z_1_1845_2255_2357_2767;3336;-1;[74, 498, 114, 512];;147.0;0.0;0.0;1.0;0.0;0.0
GUSA7Z_1_1845_2255_2357_2767;3337;-1;[325, 409, 341, 418];;103.5;0.0;0.0;1.0;0.0;0.0
GUSA7Z_1_1845_2255_2357_2767;3338;1286;[300, 239, 419, 363];[302, 244, 421, 363];4960.5;5635.0;0.8641185164451599;1.0;0.97802734375;0.9285714285714286
GUSA7Z_1_1845_2255_2357_2767;3339;1287;[458, 163, 504, 226];[460, 166, 505, 225];1361.0;1486.0;0.8465286493301392;1.0;0.90673828125;0.8779168075752452
GUSA7Z_1_1845_2255_2357_2767;3340;1289;[489, 82, 510, 99];[490, 84, 509, 101];161.0;236.0;0.6441280841827393;1.0;0.352294921875;0.7215189873417721
GUSA7Z_1_1845_2255_2357_2767;3341;1288;[359, 80, 383, 96];[360, 82, 383, 97];207.0;264.0;0.7142857313156128;1.0;0.56201171875;0.7911547911547911
GUSA7Z_1_1845_2255_2357_2767;3342;1291;[0, 285, 16, 301];[0, 284, 17, 301];176.0;244.0;0.7102473378181458;1.0;0.005344390869140625;0.8858131487889274
GUSA7Z_1_1845_2255_2357_2767;3343;1290;[118, 249, 157, 290];[118, 250, 155, 293];602.0;883.0;0.6276276111602783;1.0;0.182373046875;0.8654970760233918
GUSA7Z_1_2050_2255_2562_2767;3344;-1;[120, 409, 137, 420];;117.5;0.0;0.0;1.0;0.0;0.0
GUSA7Z_1_2050_2255_2562_2767;3345;-1;[189, 462, 207, 476];;107.5;0.0;0.0;1.0;0.0;0.0
GUSA7Z_1_2050_2255_2562_2767;3346;1408;[311, 364, 361, 402];[310, 366, 359, 403];780.5;1086.0;0.7054329514503479;1.0;0.85791015625;0.8705289672544081
GUSA7Z_1_2050_2255_2562_2767;3347;-1;[398, 189, 416, 201];;126.5;0.0;0.0;1.0;0.0;0.0
GUSA7Z_1_2050_2255_2562_2767;3348;-1;[453, 150, 475, 161];;151.5;0.0;0.0;1.0;0.0;0.0
GUSA7Z_1_2050_2255_2562_2767;3349;-1;[120, 409, 136, 418];;103.5;0.0;0.0;1.0;0.0;0.0
GUSA7Z_1_2050_2255_2562_2767;3350;1406;[430, 246, 512, 333];[432, 246, 511, 333];2490.0;3694.0;0.6725708246231079;1.0;0.92236328125;0.9634146341463414
GUSA7Z_1_2050_2255_2562_2767;3351;1405;[95, 239, 214, 363];[96, 244, 215, 363];4960.5;5666.0;0.8694626688957214;1.0;0.95654296875;0.944
GUSA7Z_1_2050_2255_2562_2767;3352;1407;[253, 163, 299, 226];[256, 166, 301, 225];1361.0;1504.0;0.8279181718826294;1.0;0.91748046875;0.8411803713527851
GUSA7Z_1_2050_2255_2562_2767;3353;1410;[284, 82, 305, 99];[284, 84, 305, 101];161.0;238.0;0.6382978558540344;1.0;0.451416015625;0.7894736842105263
GUSA7Z_1_2050_2255_2562_2767;3354;1409;[154, 80, 178, 96];[154, 82, 177, 97];207.0;262.0;0.7015873193740845;1.0;0.556640625;0.7911547911547911
GUSA7Z_1_2255_2255_2767_2767;3355;1577;[106, 364, 156, 402];[106, 364, 155, 403];780.5;1106.0;0.7262712121009827;1.0;0.85888671875;0.9553617239610056
GUSA7Z_1_2255_2255_2767_2767;3356;-1;[193, 189, 211, 201];;126.5;0.0;0.0;1.0;0.0;0.0
GUSA7Z_1_2255_2255_2767_2767;3357;-1;[248, 150, 270, 161];;151.5;0.0;0.0;1.0;0.0;0.0
GUSA7Z_1_2255_2255_2767_2767;3358;1580;[463, 25, 491, 60];[462, 30, 491, 59];469.0;491.0;0.7071197628974915;1.0;0.01507568359375;0.8047571853320119
GUSA7Z_1_2255_2255_2767_2767;3359;1574;[225, 246, 310, 333];[228, 246, 309, 333];2494.5;3599.0;0.6818767786026001;1.0;0.95166015625;0.9529411764705882
GUSA7Z_1_2255_2255_2767_2767;3360;1576;[424, 179, 503, 272];[426, 182, 503, 271];2266.5;2617.0;0.8187872171401978;1.0;0.91845703125;0.9327616714305158
GUSA7Z_1_2255_2255_2767_2767;3361;1575;[48, 163, 94, 226];[50, 164, 95, 225];1361.0;1562.0;0.8399525880813599;1.0;0.92041015625;0.9070631970260223
GUSA7Z_1_2255_2255_2767_2767;3362;1579;[354, 127, 393, 146];[354, 130, 393, 147];255.0;440.0;0.5960000157356262;1.0;0.10858154296875;0.8
GUSA7Z_1_2255_2255_2767_2767;3363;1578;[79, 82, 100, 99];[80, 84, 99, 101];161.0;236.0;0.6441280841827393;1.0;0.458984375;0.7215189873417721
GUSA7Z_1_2255_2255_2767_2767;-1;1581;;[322, 386, 451, 457];0.0;1377.0;0.0;;0.006168365478515625;0.0
GUSA7Z_1_2460_2255_2972_2767;3364;1716;[336, 374, 396, 414];[338, 376, 399, 415];1541.0;1669.0;0.8733258843421936;1.0;0.56982421875;0.8559223300970874
GUSA7Z_1_2460_2255_2972_2767;3365;-1;[0, 189, 6, 200];;40.5;0.0;0.0;1.0;0.0;0.0
GUSA7Z_1_2460_2255_2972_2767;3366;-1;[43, 150, 65, 161];;151.5;0.0;0.0;1.0;0.0;0.0
GUSA7Z_1_2460_2255_2972_2767;3367;1718;[258, 25, 286, 60];[258, 30, 285, 59];469.0;460.0;0.6785714030265808;1.0;0.1048583984375;0.7989795918367347
GUSA7Z_1_2460_2255_2972_2767;3368;1713;[20, 246, 105, 333];[24, 246, 105, 333];2494.5;3596.0;0.677294909954071;1.0;0.95166015625;0.9529411764705882
GUSA7Z_1_2460_2255_2972_2767;3369;1714;[219, 179, 298, 272];[222, 182, 297, 271];2266.5;2596.0;0.8183737993240356;1.0;0.943359375;0.9085340955492037
GUSA7Z_1_2460_2255_2972_2767;3370;1715;[343, 163, 409, 239];[344, 164, 411, 239];1168.0;1860.0;0.6433915495872498;1.0;0.8896484375;0.9436701509872242
GUSA7Z_1_2460_2255_2972_2767;3371;1717;[149, 127, 188, 146];[150, 130, 187, 147];255.0;423.0;0.5942623019218445;1.0;0.1561279296875;0.7609254498714653
GUSA7Z_1_2460_2255_2972_2767;3372;-1;[503, 94, 512, 115];;71.0;0.0;0.0;1.0;0.0;0.0
GUSA7Z_1_2665_2255_3177_2767;3373;1845;[131, 374, 191, 414];[132, 374, 193, 415];1541.0;1738.0;0.8730853199958801;1.0;0.6298828125;0.9287682014954742
GUSA7Z_1_2665_2255_3177_2767;3374;1847;[53, 25, 81, 60];[52, 30, 81, 59];469.0;511.0;0.7023621797561646;1.0;0.042572021484375;0.8047571853320119
GUSA7Z_1_2665_2255_3177_2767;3375;1844;[340, 327, 409, 376];[342, 328, 411, 375];1741.5;1813.0;0.8914572596549988;1.0;0.87646484375;0.9061870503597123
GUSA7Z_1_2665_2255_3177_2767;3376;1842;[14, 179, 93, 272];[16, 182, 93, 271];2266.5;2635.0;0.81792813539505;1.0;0.92138671875;0.9327616714305158
GUSA7Z_1_2665_2255_3177_2767;3377;1843;[138, 163, 204, 239];[138, 164, 205, 239];1168.0;1869.0;0.6460925936698914;1.0;0.87890625;0.9723040659988215
GUSA7Z_1_2665_2255_3177_2767;3378;1846;[298, 70, 368, 115];[300, 72, 369, 115];689.0;836.0;0.6925373077392578;1.0;0.6279296875;0.915753210147197
GUSA7Z_1_2665_2255_3177_2767;3379;-1;[470, 0, 512, 72];;2298.0;0.0;0.0;1.0;0.0;0.0
GUSA7Z_1_2870_2255_3382_2767;3380;1947;[135, 327, 204, 376];[136, 328, 207, 375];1741.5;1859.0;0.882469117641449;1.0;0.8740234375;0.9074389551391255
GUSA7Z_1_2870_2255_3382_2767;3381;1948;[381, 123, 512, 366];[384, 138, 511, 367];15963.0;14582.0;0.799896240234375;1.0;0.77197265625;0.9060075093867335
GUSA7Z_1_2870_2255_3382_2767;3382;1949;[93, 70, 163, 115];[96, 72, 165, 115];689.0;819.0;0.6663376092910767;1.0;0.46484375;0.8902966625463535
GUSA7Z_1_2870_2255_3382_2767;3383;1950;[265, 0, 426, 154];[266, 2, 429, 155];14298.5;14230.0;0.8905540704727173;1.0;0.021697998046875;0.9569905166646991
GUSA7Z_1_3075_2255_3587_2767;3384;2036;[458, 416, 487, 451];[458, 416, 489, 453];294.0;561.0;0.516853928565979;1.0;0.247314453125;0.8849171752397559
GUSA7Z_1_3075_2255_3587_2767;3385;2035;[380, 351, 428, 398];[380, 350, 427, 399];1049.0;1398.0;0.7261825203895569;1.0;0.69580078125;0.94
GUSA7Z_1_3075_2255_3587_2767;3386;2034;[176, 115, 358, 366];[180, 122, 361, 367];21475.5;22268.0;0.889909029006958;1.0;0.8857421875;0.9321171799549308
GUSA7Z_1_3075_2255_3587_2767;3387;2037;[60, 0, 221, 154];[60, 0, 223, 155];14298.5;14466.0;0.9146580100059509;1.0;0.0472412109375;0.9813576093409856
GUSA7Z_1_3280_2255_3792_2767;3388;-1;[376, 462, 400, 479];;170.0;0.0;0.0;1.0;0.0;0.0
GUSA7Z_1_3280_2255_3792_2767;3389;2133;[253, 416, 282, 451];[252, 416, 285, 455];294.0;596.0;0.504601240158081;1.0;0.466796875;0.7886557886557887
GUSA7Z_1_3280_2255_3792_2767;3390;2131;[175, 351, 223, 398];[176, 350, 225, 401];1049.0;1474.0;0.7174052596092224;1.0;0.76611328125;0.8676355066771406
GUSA7Z_1_3280_2255_3792_2767;3391;2132;[0, 115, 153, 366];[0, 120, 155, 365];20276.5;21561.0;0.8884299397468567;1.0;0.4921875;0.9637981127709356
GUSA7Z_1_3485_2255_3997_2767;3392;-1;[377, 316, 392, 332];;121.5;0.0;0.0;1.0;0.0;0.0
GUSA7Z_1_3485_2255_3997_2767;3393;-1;[171, 462, 195, 479];;170.0;0.0;0.0;1.0;0.0;0.0
GUSA7Z_1_3485_2255_3997_2767;3394;2205;[48, 416, 77, 451];[48, 416, 81, 455];294.0;605.0;0.47774481773376465;1.0;0.0794677734375;0.7886557886557887
GUSA7Z_1_3485_2255_3997_2767;3395;-1;[0, 351, 18, 381];;226.0;0.0;0.0;1.0;0.0;0.0
GUSA7Z_1_3485_2255_3997_2767;3396;-1;[376, 316, 393, 334];;113.0;0.0;0.0;1.0;0.0;0.0
GUSA7Z_1_3485_2255_3997_2767;3397;-1;[375, 139, 387, 145];;60.0;0.0;0.0;1.0;0.0;0.0
GUSA7Z_1_3485_2255_3997_2767;3398;2204;[426, 230, 453, 268];[426, 230, 455, 271];365.5;663.0;0.5422343611717224;1.0;0.318359375;0.862910008410429
GUSA7Z_1_3690_2255_4202_2767;3399;-1;[172, 316, 187, 332];;121.5;0.0;0.0;1.0;0.0;0.0
GUSA7Z_1_3690_2255_4202_2767;3400;-1;[351, 232, 366, 241];;88.0;0.0;0.0;1.0;0.0;0.0
GUSA7Z_1_3690_2255_4202_2767;3401;-1;[171, 316, 188, 334];;113.0;0.0;0.0;1.0;0.0;0.0
GUSA7Z_1_3690_2255_4202_2767;3402;-1;[170, 139, 182, 145];;60.0;0.0;0.0;1.0;0.0;0.0
GUSA7Z_1_3690_2255_4202_2767;3403;2251;[221, 230, 248, 268];[220, 230, 251, 271];365.5;687.0;0.5387700796127319;1.0;0.56201171875;0.8072383949645948
GUSA7Z_1_3690_2255_4202_2767;-1;2252;;[286, 404, 303, 421];0.0;194.0;0.0;;0.010009765625;0.0
GUSA7Z_1_3895_2255_4407_2767;3404;-1;[146, 232, 161, 241];;88.0;0.0;0.0;1.0;0.0;0.0
GUSA7Z_1_3895_2255_4407_2767;3405;2287;[16, 230, 43, 268];[16, 232, 45, 271];365.5;617.0;0.5571635365486145;1.0;0.55810546875;0.8202531645569621
GUSA7Z_1_4017_2255_4529_2767;3406;-1;[24, 232, 39, 241];;88.0;0.0;0.0;1.0;0.0;0.0
GUSA7Z_1_0_2460_512_2972;3407;-1;[447, 275, 466, 292];;191.0;0.0;0.0;1.0;0.0;0.0
GUSA7Z_1_0_2460_512_2972;-1;746;;[246, 352, 281, 395];0.0;930.0;0.0;;0.09332275390625;0.0
GUSA7Z_1_205_2460_717_2972;3408;-1;[242, 275, 261, 292];;191.0;0.0;0.0;1.0;0.0;0.0
GUSA7Z_1_205_2460_717_2972;3409;1498;[440, 233, 469, 255];[440, 232, 471, 257];342.5;415.0;0.8315098285675049;1.0;0.0169830322265625;0.8232258064516129
GUSA7Z_1_205_2460_717_2972;-1;1497;;[40, 352, 75, 393];0.0;972.0;0.0;;0.09234619140625;0.0
GUSA7Z_1_410_2460_922_2972;3410;-1;[37, 275, 56, 292];;191.0;0.0;0.0;1.0;0.0;0.0
GUSA7Z_1_410_2460_922_2972;3411;-1;[339, 504, 358, 512];;91.5;0.0;0.0;1.0;0.0;0.0
GUSA7Z_1_410_2460_922_2972;3412;2338;[408, 329, 512, 390];[410, 332, 509, 391];2658.5;2560.0;0.885223388671875;1.0;0.9384765625;0.8911997516684774
GUSA7Z_1_410_2460_922_2972;3413;2340;[235, 233, 264, 255];[236, 232, 265, 257];342.5;413.0;0.8095238208770752;1.0;0.01146697998046875;0.8246318607764391
GUSA7Z_1_410_2460_922_2972;-1;2339;;[426, 478, 447, 495];0.0;246.0;0.0;;0.2069091796875;0.0
GUSA7Z_1_615_2460_1127_2972;3414;-1;[134, 504, 153, 512];;91.5;0.0;0.0;1.0;0.0;0.0
GUSA7Z_1_615_2460_1127_2972;3415;2423;[345, 464, 363, 487];[346, 466, 365, 487];191.0;262.0;0.6666666865348816;1.0;0.76220703125;0.7828947368421053
GUSA7Z_1_615_2460_1127_2972;3416;2422;[406, 454, 488, 512];[406, 460, 485, 511];2113.0;2584.0;0.8039215803146362;1.0;0.78662109375;0.8471404541631623
GUSA7Z_1_615_2460_1127_2972;3417;2421;[203, 329, 350, 390];[204, 332, 351, 391];3262.5;3390.0;0.8824161291122437;1.0;0.9580078125;0.9232446576537288
GUSA7Z_1_615_2460_1127_2972;3418;2424;[398, 236, 432, 266];[400, 238, 433, 267];284.0;556.0;0.5160771608352661;1.0;0.34765625;0.8288621646623496
GUSA7Z_1_615_2460_1127_2972;3419;2426;[30, 233, 59, 255];[30, 232, 59, 257];342.5;400.0;0.8348214030265808;1.0;0.050140380859375;0.88
GUSA7Z_1_615_2460_1127_2972;-1;2425;;[220, 478, 243, 495];0.0;267.0;0.0;;0.24658203125;0.0
GUSA7Z_1_820_2460_1332_2972;3420;2522;[140, 464, 158, 487];[140, 466, 159, 487];191.0;264.0;0.662420392036438;1.0;0.73388671875;0.8689655172413793
GUSA7Z_1_820_2460_1332_2972;3421;2521;[201, 454, 283, 512];[202, 460, 281, 511];2113.0;2581.0;0.8078745603561401;1.0;0.7578125;0.8471404541631623
GUSA7Z_1_820_2460_1332_2972;3422;2519;[0, 329, 145, 390];[2, 332, 145, 391];3254.5;3344.0;0.8757764101028442;1.0;0.9423828125;0.9227859368046284
GUSA7Z_1_820_2460_1332_2972;3423;2524;[193, 236, 227, 266];[196, 238, 227, 269];284.0;527.0;0.5165016651153564;1.0;0.264404296875;0.779874213836478
GUSA7Z_1_820_2460_1332_2972;3424;2518;[367, 173, 478, 273];[370, 174, 479, 271];4500.0;5286.0;0.8345918655395508;1.0;0.94384765625;0.9356077520764491
GUSA7Z_1_820_2460_1332_2972;3425;2520;[466, 91, 508, 125];[466, 92, 511, 125];604.0;869.0;0.6722338199615479;1.0;0.84375;0.9076620825147348
GUSA7Z_1_820_2460_1332_2972;3426;2525;[309, 0, 387, 25];[310, 2, 387, 23];993.0;915.0;0.602885365486145;1.0;0.01142120361328125;0.8292307692307692
GUSA7Z_1_820_2460_1332_2972;-1;2523;;[16, 478, 37, 495];0.0;244.0;0.0;;0.30078125;0.0
GUSA7Z_1_1025_2460_1537_2972;3427;810;[423, 191, 434, 209];[422, 192, 441, 213];84.5;279.0;0.31545740365982056;1.0;0.012725830078125;0.4560975609756098
GUSA7Z_1_1025_2460_1537_2972;3428;-1;[456, 358, 471, 373];;123.0;0.0;0.0;1.0;0.0;0.0
GUSA7Z_1_1025_2460_1537_2972;3429;807;[0, 454, 78, 512];[2, 458, 75, 511];2058.0;2389.0;0.8071318864822388;1.0;0.71875;0.8552166224580018
GUSA7Z_1_1025_2460_1537_2972;3430;-1;[0, 236, 22, 262];;169.5;0.0;0.0;1.0;0.0;0.0
GUSA7Z_1_1025_2460_1537_2972;3431;804;[162, 173, 273, 273];[164, 174, 273, 271];4500.0;5212.0;0.8523122072219849;1.0;0.94287109375;0.9525225225225226
GUSA7Z_1_1025_2460_1537_2972;3432;806;[337, 137, 383, 173];[338, 138, 385, 175];702.5;989.0;0.7242990732192993;1.0;0.80078125;0.8653846153846154
GUSA7Z_1_1025_2460_1537_2972;3433;805;[261, 91, 303, 125];[262, 92, 307, 125];604.0;888.0;0.6524389982223511;1.0;0.822265625;0.8673076923076923
GUSA7Z_1_1025_2460_1537_2972;3434;809;[104, 0, 182, 25];[106, 2, 183, 23];993.0;873.0;0.5921658873558044;1.0;0.0262603759765625;0.8097412480974124
GUSA7Z_1_1025_2460_1537_2972;-1;808;;[396, 122, 427, 137];0.0;364.0;0.0;;0.06829833984375;0.0
GUSA7Z_1_1230_2460_1742_2972;3435;-1;[218, 191, 229, 209];;84.5;0.0;0.0;1.0;0.0;0.0
GUSA7Z_1_1230_2460_1742_2972;3436;-1;[335, 203, 350, 213];;93.0;0.0;0.0;1.0;0.0;0.0
GUSA7Z_1_1230_2460_1742_2972;3437;-1;[319, 291, 337, 306];;154.5;0.0;0.0;1.0;0.0;0.0
GUSA7Z_1_1230_2460_1742_2972;3438;-1;[251, 358, 266, 373];;123.0;0.0;0.0;1.0;0.0;0.0
GUSA7Z_1_1230_2460_1742_2972;3439;930;[462, 198, 483, 210];[462, 196, 485, 211];169.5;241.0;0.6678445339202881;1.0;0.00760650634765625;0.7304347826086957
GUSA7Z_1_1230_2460_1742_2972;3440;926;[414, 455, 441, 481];[414, 456, 443, 483];286.5;480.0;0.6228240132331848;1.0;0.716796875;0.8333333333333334
GUSA7Z_1_1230_2460_1742_2972;3441;928;[396, 248, 418, 274];[396, 248, 419, 277];334.5;403.0;0.8134831190109253;1.0;0.556640625;0.8575712143928036
GUSA7Z_1_1230_2460_1742_2972;3442;927;[0, 184, 68, 252];[0, 188, 69, 251];2185.0;2461.0;0.8214685320854187;1.0;0.658203125;0.9140174951994879
GUSA7Z_1_1230_2460_1742_2972;3443;925;[132, 137, 178, 173];[132, 138, 181, 175];702.5;997.0;0.7273576259613037;1.0;0.7705078125;0.8660570199031737
GUSA7Z_1_1230_2460_1742_2972;3444;-1;[503, 92, 512, 123];;154.5;0.0;0.0;1.0;0.0;0.0
GUSA7Z_1_1230_2460_1742_2972;3445;924;[56, 91, 98, 125];[56, 92, 103, 125];604.0;923.0;0.6494538187980652;1.0;0.83740234375;0.8700564971751412
GUSA7Z_1_1230_2460_1742_2972;-1;929;;[192, 122, 221, 137];0.0;352.0;0.0;;0.050140380859375;0.0
GUSA7Z_1_1435_2460_1947_2972;3446;-1;[13, 191, 24, 209];;84.5;0.0;0.0;1.0;0.0;0.0
GUSA7Z_1_1435_2460_1947_2972;3447;-1;[130, 203, 145, 213];;93.0;0.0;0.0;1.0;0.0;0.0
GUSA7Z_1_1435_2460_1947_2972;3448;-1;[114, 291, 132, 306];;154.5;0.0;0.0;1.0;0.0;0.0
GUSA7Z_1_1435_2460_1947_2972;3449;-1;[46, 358, 61, 373];;123.0;0.0;0.0;1.0;0.0;0.0
GUSA7Z_1_1435_2460_1947_2972;3450;1065;[257, 198, 278, 210];[258, 196, 279, 211];169.5;225.0;0.6498194932937622;1.0;0.038604736328125;0.7339449541284404
GUSA7Z_1_1435_2460_1947_2972;3451;-1;[357, 298, 376, 310];;139.5;0.0;0.0;1.0;0.0;0.0
GUSA7Z_1_1435_2460_1947_2972;3452;-1;[382, 428, 400, 448];;151.0;0.0;0.0;1.0;0.0;0.0
GUSA7Z_1_1435_2460_1947_2972;3453;1061;[209, 455, 236, 481];[210, 456, 239, 483];286.5;494.0;0.5914972424507141;1.0;0.69091796875;0.7784431137724551
GUSA7Z_1_1435_2460_1947_2972;3454;-1;[490, 343, 512, 384];;626.5;0.0;0.0;1.0;0.0;0.0
GUSA7Z_1_1435_2460_1947_2972;3455;1062;[191, 248, 213, 274];[192, 248, 215, 277];334.5;411.0;0.7705627679824829;1.0;0.6259765625;0.7878787878787878
GUSA7Z_1_1435_2460_1947_2972;3456;1063;[332, 145, 352, 171];[332, 144, 353, 175];321.0;442.0;0.7351129651069641;1.0;0.5849609375;0.7987711213517665
GUSA7Z_1_1435_2460_1947_2972;3457;1064;[298, 92, 321, 123];[298, 94, 323, 125];289.0;454.0;0.646484375;1.0;0.401611328125;0.8124238733252132
GUSA7Z_1_1435_2460_1947_2972;3458;1060;[384, 78, 426, 96];[382, 78, 429, 97];509.0;722.0;0.7269230484962463;1.0;0.75048828125;0.8465845464725644
GUSA7Z_1_1640_2460_2152_2972;3459;-1;[447, 480, 504, 512];;1140.5;0.0;0.0;1.0;0.0;0.0
GUSA7Z_1_1640_2460_2152_2972;3460;-1;[345, 432, 362, 450];;163.0;0.0;0.0;1.0;0.0;0.0
GUSA7Z_1_1640_2460_2152_2972;3461;1179;[52, 198, 73, 210];[52, 196, 75, 211];169.5;247.0;0.6517241597175598;1.0;0.0279083251953125;0.7304347826086957
GUSA7Z_1_1640_2460_2152_2972;3462;-1;[152, 298, 171, 310];;139.5;0.0;0.0;1.0;0.0;0.0
GUSA7Z_1_1640_2460_2152_2972;3463;-1;[177, 428, 195, 448];;151.0;0.0;0.0;1.0;0.0;0.0
GUSA7Z_1_1640_2460_2152_2972;3464;1174;[4, 455, 31, 481];[4, 454, 33, 483];286.5;535.0;0.5654450058937073;1.0;0.66015625;0.8347205707491082
GUSA7Z_1_1640_2460_2152_2972;3465;1172;[279, 277, 334, 384];[284, 280, 335, 383];2051.5;2219.0;0.7792758345603943;1.0;0.923828125;0.8600534402137608
GUSA7Z_1_1640_2460_2152_2972;3466;-1;[0, 248, 8, 268];;100.0;0.0;0.0;1.0;0.0;0.0
GUSA7Z_1_1640_2460_2152_2972;3467;1175;[127, 145, 147, 171];[128, 144, 147, 175];321.0;409.0;0.7386609315872192;1.0;0.537109375;0.8032520325203252
GUSA7Z_1_1640_2460_2152_2972;3468;1176;[93, 92, 116, 123];[92, 92, 117, 125];289.0;514.0;0.5961199402809143;1.0;0.39599609375;0.8642424242424243
GUSA7Z_1_1640_2460_2152_2972;3469;1173;[179, 78, 221, 96];[176, 78, 223, 97];509.0;730.0;0.7195431590080261;1.0;0.71240234375;0.8465845464725644
GUSA7Z_1_1640_2460_2152_2972;3470;1177;[323, 44, 362, 85];[324, 44, 361, 87];602.0;845.0;0.6310380101203918;1.0;0.1365966796875;0.9067543335325762
GUSA7Z_1_1640_2460_2152_2972;-1;1178;;[440, 390, 483, 425];0.0;1069.0;0.0;;0.09771728515625;0.0
GUSA7Z_1_1845_2460_2357_2972;3471;-1;[455, 375, 469, 395];;198.0;0.0;0.0;1.0;0.0;0.0
GUSA7Z_1_1845_2460_2357_2972;3472;-1;[325, 204, 342, 215];;117.5;0.0;0.0;1.0;0.0;0.0
GUSA7Z_1_1845_2460_2357_2972;3473;-1;[394, 257, 412, 271];;107.5;0.0;0.0;1.0;0.0;0.0
GUSA7Z_1_1845_2460_2357_2972;3474;-1;[242, 480, 299, 512];;1140.5;0.0;0.0;1.0;0.0;0.0
GUSA7Z_1_1845_2460_2357_2972;3475;-1;[140, 432, 157, 450];;163.0;0.0;0.0;1.0;0.0;0.0
GUSA7Z_1_1845_2460_2357_2972;3476;1293;[74, 277, 129, 384];[78, 280, 131, 383];2051.5;2253.0;0.7678843140602112;1.0;0.9306640625;0.8624199638811361
GUSA7Z_1_1845_2460_2357_2972;3477;-1;[325, 204, 341, 213];;103.5;0.0;0.0;1.0;0.0;0.0
GUSA7Z_1_1845_2460_2357_2972;3478;1292;[300, 34, 419, 158];[302, 38, 421, 159];4960.5;5743.0;0.8594738841056824;1.0;0.98583984375;0.9288785974197816
GUSA7Z_1_1845_2460_2357_2972;3479;-1;[458, 0, 499, 21];;411.5;0.0;0.0;1.0;0.0;0.0
GUSA7Z_1_1845_2460_2357_2972;3480;-1;[0, 80, 16, 96];;176.0;0.0;0.0;1.0;0.0;0.0
GUSA7Z_1_1845_2460_2357_2972;3481;1294;[118, 44, 157, 85];[118, 44, 157, 87];602.0;931.0;0.6646766066551208;1.0;0.1895751953125;0.9534883720930233
GUSA7Z_1_1845_2460_2357_2972;-1;1295;;[234, 388, 279, 425];0.0;1152.0;0.0;;0.10595703125;0.0
GUSA7Z_1_2050_2460_2562_2972;3482;-1;[250, 375, 264, 395];;198.0;0.0;0.0;1.0;0.0;0.0
GUSA7Z_1_2050_2460_2562_2972;3483;-1;[120, 204, 137, 215];;117.5;0.0;0.0;1.0;0.0;0.0
GUSA7Z_1_2050_2460_2562_2972;3484;-1;[189, 257, 207, 271];;107.5;0.0;0.0;1.0;0.0;0.0
GUSA7Z_1_2050_2460_2562_2972;3485;-1;[37, 480, 94, 512];;1140.5;0.0;0.0;1.0;0.0;0.0
GUSA7Z_1_2050_2460_2562_2972;3486;1414;[434, 339, 472, 372];[434, 338, 475, 377];601.0;921.0;0.6777201890945435;1.0;0.8154296875;0.7842401500938087
GUSA7Z_1_2050_2460_2562_2972;3487;1413;[311, 159, 361, 197];[310, 160, 359, 199];780.5;1086.0;0.7332186102867126;1.0;0.85986328125;0.8727272727272727
GUSA7Z_1_2050_2460_2562_2972;3488;-1;[120, 204, 136, 213];;103.5;0.0;0.0;1.0;0.0;0.0
GUSA7Z_1_2050_2460_2562_2972;3489;1412;[430, 41, 512, 128];[432, 42, 511, 129];2490.0;3594.0;0.6757661700248718;1.0;0.94091796875;0.9419104394842646
GUSA7Z_1_2050_2460_2562_2972;3490;1411;[95, 34, 214, 158];[98, 38, 215, 159];4960.5;5709.0;0.8605544567108154;1.0;0.955078125;0.9284332688588007
GUSA7Z_1_2050_2460_2562_2972;3491;-1;[253, 0, 294, 21];;411.5;0.0;0.0;1.0;0.0;0.0
GUSA7Z_1_2050_2460_2562_2972;-1;1415;;[30, 388, 73, 427];0.0;1123.0;0.0;;0.27197265625;0.0
GUSA7Z_1_2255_2460_2767_2972;3492;1588;[45, 375, 59, 395];[44, 376, 59, 395];198.0;211.0;0.7769230604171753;1.0;0.00582122802734375;0.8896321070234113
GUSA7Z_1_2255_2460_2767_2972;3493;-1;[490, 429, 512, 462];;465.5;0.0;0.0;1.0;0.0;0.0
GUSA7Z_1_2255_2460_2767_2972;3494;1583;[295, 423, 377, 471];[300, 424, 377, 473];1095.5;1552.0;0.6886016726493835;1.0;0.87646484375;0.884841075794621
GUSA7Z_1_2255_2460_2767_2972;3495;1585;[229, 339, 267, 372];[228, 338, 269, 375];601.0;905.0;0.6826722621917725;1.0;0.83447265625;0.8266315095583389
GUSA7Z_1_2255_2460_2767_2972;3496;1584;[106, 159, 156, 197];[104, 160, 155, 199];780.5;1152.0;0.6993464231491089;1.0;0.873046875;0.8733140655105973
GUSA7Z_1_2255_2460_2767_2972;3497;1582;[225, 41, 310, 128];[228, 42, 309, 129];2494.5;3587.0;0.6774027347564697;1.0;0.9541015625;0.9317817014446228
GUSA7Z_1_2255_2460_2767_2972;3498;1586;[424, 0, 494, 67];[426, 2, 491, 67];2014.5;2029.0;0.8506689667701721;1.0;0.474609375;0.9008528784648188
GUSA7Z_1_2255_2460_2767_2972;3499;-1;[48, 0, 89, 21];;411.5;0.0;0.0;1.0;0.0;0.0
GUSA7Z_1_2255_2460_2767_2972;-1;1587;;[322, 180, 451, 251];0.0;1392.0;0.0;;0.01024627685546875;0.0
GUSA7Z_1_2460_2460_2972_2972;3500;1724;[285, 429, 414, 468];[286, 430, 415, 469];3411.0;3656.0;0.9184683561325073;1.0;0.301513671875;0.93574451712197
GUSA7Z_1_2460_2460_2972_2972;3501;1720;[90, 423, 172, 471];[96, 424, 173, 473];1095.5;1482.0;0.6890096664428711;1.0;0.875;0.8634276045443559
GUSA7Z_1_2460_2460_2972_2972;3502;1721;[24, 339, 62, 372];[24, 338, 65, 375];601.0;855.0;0.725055456161499;1.0;0.87255859375;0.8266315095583389
GUSA7Z_1_2460_2460_2972_2972;3503;1723;[336, 169, 396, 209];[338, 170, 399, 211];1541.0;1706.0;0.8761746883392334;1.0;0.447509765625;0.8571428571428571
GUSA7Z_1_2460_2460_2972_2972;3504;1719;[20, 41, 105, 128];[22, 42, 103, 129];2494.5;3556.0;0.6852092742919922;1.0;0.95556640625;0.9317817014446228
GUSA7Z_1_2460_2460_2972_2972;3505;1722;[219, 0, 289, 67];[222, 2, 285, 67];2014.5;1969.0;0.8581466674804688;1.0;0.509765625;0.8731343283582089
GUSA7Z_1_2460_2460_2972_2972;3506;-1;[343, 0, 405, 34];;342.0;0.0;0.0;1.0;0.0;0.0
GUSA7Z_1_2665_2460_3177_2972;3507;1850;[484, 450, 512, 500];[484, 450, 511, 499];907.5;992.0;0.8005343079566956;1.0;0.43017578125;0.945
GUSA7Z_1_2665_2460_3177_2972;3508;1852;[80, 429, 209, 468];[82, 430, 211, 469];3411.0;3550.0;0.9310436844825745;1.0;0.1961669921875;0.9216959511077158
GUSA7Z_1_2665_2460_3177_2972;3509;1851;[131, 169, 191, 209];[132, 170, 193, 211];1541.0;1731.0;0.8774051666259766;1.0;0.392333984375;0.885
GUSA7Z_1_2665_2460_3177_2972;3510;1848;[340, 122, 409, 171];[342, 124, 411, 171];1741.5;1732.0;0.8850868344306946;1.0;0.8671875;0.9061870503597123
GUSA7Z_1_2665_2460_3177_2972;3511;1849;[14, 0, 84, 67];[16, 2, 81, 67];2014.5;1992.0;0.8623411059379578;1.0;0.6259765625;0.9008528784648188
GUSA7Z_1_2665_2460_3177_2972;3512;-1;[138, 0, 200, 34];;342.0;0.0;0.0;1.0;0.0;0.0
GUSA7Z_1_2870_2460_3382_2972;3513;-1;[493, 457, 509, 468];;113.0;0.0;0.0;1.0;0.0;0.0
GUSA7Z_1_2870_2460_3382_2972;3514;1952;[279, 450, 327, 500];[280, 448, 329, 501];1128.5;1750.0;0.6652102470397949;1.0;0.85888671875;0.887797506611258
GUSA7Z_1_2870_2460_3382_2972;3515;1951;[135, 122, 204, 171];[136, 124, 205, 169];1741.5;1777.0;0.8654327392578125;1.0;0.8857421875;0.8931698774080561
GUSA7Z_1_2870_2460_3382_2972;3516;1953;[381, 0, 512, 161];[384, 4, 511, 161];11951.0;11910.0;0.8546820282936096;1.0;0.8173828125;0.9453795457778199
GUSA7Z_1_3075_2460_3587_2972;3517;-1;[288, 457, 304, 468];;113.0;0.0;0.0;1.0;0.0;0.0
GUSA7Z_1_3075_2460_3587_2972;3518;2039;[74, 450, 122, 500];[74, 450, 125, 501];1128.5;1713.0;0.6806020140647888;1.0;0.85107421875;0.922722029988466
GUSA7Z_1_3075_2460_3587_2972;3519;2042;[352, 428, 373, 461];[350, 426, 375, 461];220.0;467.0;0.5185185074806213;1.0;0.049774169921875;0.792
GUSA7Z_1_3075_2460_3587_2972;3520;2041;[458, 211, 487, 246];[456, 212, 491, 249];294.0;585.0;0.5046296119689941;1.0;0.23095703125;0.7447129909365559
GUSA7Z_1_3075_2460_3587_2972;3521;2040;[380, 146, 428, 193];[380, 146, 425, 195];1049.0;1380.0;0.7013157606124878;1.0;0.67724609375;0.90153452685422
GUSA7Z_1_3075_2460_3587_2972;3522;2038;[176, 0, 356, 161];[180, 2, 359, 161];13790.0;14820.0;0.86678147315979;1.0;0.88720703125;0.9499949078317548
GUSA7Z_1_3280_2460_3792_2972;3523;-1;[479, 321, 495, 333];;109.0;0.0;0.0;1.0;0.0;0.0
GUSA7Z_1_3280_2460_3792_2972;3524;-1;[376, 257, 400, 274];;170.0;0.0;0.0;1.0;0.0;0.0
GUSA7Z_1_3280_2460_3792_2972;3525;-1;[83, 457, 99, 468];;113.0;0.0;0.0;1.0;0.0;0.0
GUSA7Z_1_3280_2460_3792_2972;3526;2138;[316, 428, 327, 453];[316, 426, 331, 455];168.0;337.0;0.5376344323158264;1.0;0.010986328125;0.632183908045977
GUSA7Z_1_3280_2460_3792_2972;3527;2136;[147, 428, 168, 461];[146, 428, 169, 461];220.0;386.0;0.5691609978675842;1.0;0.015960693359375;0.9130434782608695
GUSA7Z_1_3280_2460_3792_2972;3528;2135;[253, 211, 282, 246];[252, 210, 285, 249];294.0;604.0;0.5091463327407837;1.0;0.443603515625;0.7886557886557887
GUSA7Z_1_3280_2460_3792_2972;3529;2134;[175, 146, 223, 193];[176, 146, 223, 195];1049.0;1419.0;0.7352746725082397;1.0;0.74755859375;0.94
GUSA7Z_1_3280_2460_3792_2972;3530;2137;[0, 0, 151, 161];[2, 2, 155, 161];12591.0;13267.0;0.8502479791641235;1.0;0.013427734375;0.9496532649216338
GUSA7Z_1_3485_2460_3997_2972;3531;-1;[377, 111, 392, 127];;121.5;0.0;0.0;1.0;0.0;0.0
GUSA7Z_1_3485_2460_3997_2972;3532;-1;[274, 321, 290, 333];;109.0;0.0;0.0;1.0;0.0;0.0
GUSA7Z_1_3485_2460_3997_2972;3533;-1;[171, 257, 195, 274];;170.0;0.0;0.0;1.0;0.0;0.0
GUSA7Z_1_3485_2460_3997_2972;3534;2208;[111, 428, 122, 453];[110, 426, 127, 455];168.0;348.0;0.5208333134651184;1.0;0.04052734375;0.5578093306288032
GUSA7Z_1_3485_2460_3997_2972;3535;2207;[48, 211, 77, 246];[48, 210, 81, 249];294.0;595.0;0.4946889281272888;1.0;0.050323486328125;0.7886557886557887
GUSA7Z_1_3485_2460_3997_2972;3536;-1;[0, 146, 18, 176];;226.0;0.0;0.0;1.0;0.0;0.0
GUSA7Z_1_3485_2460_3997_2972;3537;-1;[376, 111, 393, 129];;113.0;0.0;0.0;1.0;0.0;0.0
GUSA7Z_1_3485_2460_3997_2972;3538;2206;[426, 25, 453, 63];[426, 26, 455, 67];365.5;655.0;0.5371900796890259;1.0;0.6259765625;0.821546052631579
GUSA7Z_1_3485_2460_3997_2972;-1;2209;;[490, 198, 507, 215];0.0;235.0;0.0;;0.005428314208984375;0.0
GUSA7Z_1_3690_2460_4202_2972;3539;-1;[172, 111, 187, 127];;121.5;0.0;0.0;1.0;0.0;0.0
GUSA7Z_1_3690_2460_4202_2972;3540;-1;[69, 321, 85, 333];;109.0;0.0;0.0;1.0;0.0;0.0
GUSA7Z_1_3690_2460_4202_2972;3541;-1;[351, 27, 366, 36];;88.0;0.0;0.0;1.0;0.0;0.0
GUSA7Z_1_3690_2460_4202_2972;3542;-1;[171, 111, 188, 129];;113.0;0.0;0.0;1.0;0.0;0.0
GUSA7Z_1_3690_2460_4202_2972;3543;2253;[221, 25, 248, 63];[220, 26, 251, 67];365.5;684.0;0.5335120558738708;1.0;0.73095703125;0.7696456086286595
GUSA7Z_1_3895_2460_4407_2972;3544;-1;[146, 27, 161, 36];;88.0;0.0;0.0;1.0;0.0;0.0
GUSA7Z_1_3895_2460_4407_2972;3545;2288;[16, 25, 43, 63];[16, 26, 45, 67];365.5;658.0;0.5320600271224976;1.0;0.63525390625;0.821546052631579
GUSA7Z_1_4017_2460_4529_2972;3546;-1;[24, 27, 39, 36];;88.0;0.0;0.0;1.0;0.0;0.0
GUSA7Z_1_0_2665_512_3177;3547;-1;[447, 70, 466, 87];;191.0;0.0;0.0;1.0;0.0;0.0
GUSA7Z_1_0_2665_512_3177;-1;747;;[246, 146, 281, 189];0.0;971.0;0.0;;0.053009033203125;0.0
GUSA7Z_1_205_2665_717_3177;3548;-1;[242, 70, 261, 87];;191.0;0.0;0.0;1.0;0.0;0.0
GUSA7Z_1_205_2665_717_3177;3549;1499;[440, 28, 469, 50];[440, 26, 471, 51];342.5;421.0;0.8308026194572449;1.0;0.09912109375;0.8232258064516129
GUSA7Z_1_205_2665_717_3177;-1;1500;;[40, 148, 77, 189];0.0;942.0;0.0;;0.0276947021484375;0.0
GUSA7Z_1_410_2665_922_3177;3550;-1;[37, 70, 56, 87];;191.0;0.0;0.0;1.0;0.0;0.0
GUSA7Z_1_410_2665_922_3177;3551;-1;[339, 299, 358, 309];;109.0;0.0;0.0;1.0;0.0;0.0
GUSA7Z_1_410_2665_922_3177;3552;2344;[378, 452, 436, 512];[378, 452, 437, 511];1532.5;1680.0;0.7966457009315491;1.0;0.02203369140625;0.9669398135066403
GUSA7Z_1_410_2665_922_3177;3553;2341;[408, 124, 512, 185];[410, 128, 509, 185];2658.5;2581.0;0.8895747661590576;1.0;0.9423828125;0.8895018915510718
GUSA7Z_1_410_2665_922_3177;3554;2342;[235, 28, 264, 50];[236, 28, 265, 51];342.5;370.0;0.879146933555603;1.0;0.155029296875;0.8940493468795355
GUSA7Z_1_410_2665_922_3177;-1;2343;;[426, 274, 447, 291];0.0;226.0;0.0;;0.06927490234375;0.0
GUSA7Z_1_615_2665_1127_3177;3555;-1;[134, 299, 153, 309];;109.0;0.0;0.0;1.0;0.0;0.0
GUSA7Z_1_615_2665_1127_3177;3556;2433;[173, 452, 231, 512];[174, 452, 231, 511];1532.5;1634.0;0.8138412237167358;1.0;0.0455322265625;0.9663793103448276
GUSA7Z_1_615_2665_1127_3177;3557;2429;[345, 259, 363, 282];[346, 262, 363, 281];191.0;235.0;0.6543624401092529;1.0;0.72021484375;0.7801932367149759
GUSA7Z_1_615_2665_1127_3177;3558;2428;[406, 249, 488, 309];[406, 256, 485, 307];2117.0;2657.0;0.7890625;1.0;0.8857421875;0.8189024390243902
GUSA7Z_1_615_2665_1127_3177;3559;2427;[203, 124, 350, 185];[204, 126, 351, 185];3262.5;3449.0;0.8865759372711182;1.0;0.96337890625;0.9543540881896743
GUSA7Z_1_615_2665_1127_3177;3560;2430;[398, 31, 432, 61];[400, 32, 431, 63];284.0;529.0;0.5257048010826111;1.0;0.367431640625;0.8308687615526802
GUSA7Z_1_615_2665_1127_3177;3561;2432;[30, 28, 59, 50];[30, 28, 61, 51];342.5;391.0;0.8709677457809448;1.0;0.093017578125;0.8948106591865358
GUSA7Z_1_615_2665_1127_3177;-1;2431;;[220, 272, 241, 291];0.0;270.0;0.0;;0.19677734375;0.0
GUSA7Z_1_820_2665_1332_3177;3562;-1;[489, 394, 500, 408];;99.0;0.0;0.0;1.0;0.0;0.0
GUSA7Z_1_820_2665_1332_3177;3563;-1;[0, 500, 26, 512];;236.0;0.0;0.0;1.0;0.0;0.0
GUSA7Z_1_820_2665_1332_3177;3564;2529;[140, 259, 158, 282];[140, 262, 159, 281];191.0;256.0;0.6453673839569092;1.0;0.70751953125;0.789838337182448
GUSA7Z_1_820_2665_1332_3177;3565;2528;[201, 249, 283, 309];[200, 254, 281, 307];2117.0;2736.0;0.7688598036766052;1.0;0.84912109375;0.852604061934446
GUSA7Z_1_820_2665_1332_3177;3566;2526;[0, 124, 145, 185];[2, 126, 145, 185];3254.5;3342.0;0.8753709197044373;1.0;0.95068359375;0.953872244205766
GUSA7Z_1_820_2665_1332_3177;3567;2530;[193, 31, 227, 61];[196, 32, 227, 63];284.0;521.0;0.5295109748840332;1.0;0.4130859375;0.8308687615526802
GUSA7Z_1_820_2665_1332_3177;3568;2527;[375, 0, 478, 68];[378, 0, 479, 67];3281.5;3698.0;0.8518331050872803;1.0;0.89501953125;0.947532173667091
GUSA7Z_1_820_2665_1332_3177;-1;2531;;[16, 274, 37, 291];0.0;223.0;0.0;;0.162353515625;0.0
GUSA7Z_1_1025_2665_1537_3177;3569;-1;[319, 418, 348, 432];;141.5;0.0;0.0;1.0;0.0;0.0
GUSA7Z_1_1025_2665_1537_3177;3570;-1;[284, 394, 295, 408];;99.0;0.0;0.0;1.0;0.0;0.0
GUSA7Z_1_1025_2665_1537_3177;3571;-1;[456, 153, 471, 168];;123.0;0.0;0.0;1.0;0.0;0.0
GUSA7Z_1_1025_2665_1537_3177;3572;813;[387, 480, 400, 496];[386, 480, 403, 501];161.5;258.0;0.6258503198623657;1.0;0.25537109375;0.5826330532212886
GUSA7Z_1_1025_2665_1537_3177;3573;-1;[438, 366, 512, 508];;3616.5;0.0;0.0;1.0;0.0;0.0
GUSA7Z_1_1025_2665_1537_3177;3574;812;[0, 249, 78, 309];[2, 254, 75, 307];2062.0;2358.0;0.7983871102333069;1.0;0.85205078125;0.8267094017094017
GUSA7Z_1_1025_2665_1537_3177;3575;-1;[0, 31, 22, 57];;169.5;0.0;0.0;1.0;0.0;0.0
GUSA7Z_1_1025_2665_1537_3177;3576;811;[170, 0, 273, 68];[172, 0, 273, 67];3281.5;3704.0;0.8507840037345886;1.0;0.89306640625;0.9661621930325528
GUSA7Z_1_1230_2665_1742_3177;3577;-1;[114, 418, 143, 432];;141.5;0.0;0.0;1.0;0.0;0.0
GUSA7Z_1_1230_2665_1742_3177;3578;-1;[79, 394, 90, 408];;99.0;0.0;0.0;1.0;0.0;0.0
GUSA7Z_1_1230_2665_1742_3177;3579;-1;[335, 0, 350, 8];;80.0;0.0;0.0;1.0;0.0;0.0
GUSA7Z_1_1230_2665_1742_3177;3580;-1;[319, 86, 337, 101];;154.5;0.0;0.0;1.0;0.0;0.0
GUSA7Z_1_1230_2665_1742_3177;3581;-1;[251, 153, 266, 168];;123.0;0.0;0.0;1.0;0.0;0.0
GUSA7Z_1_1230_2665_1742_3177;3582;-1;[462, 0, 483, 5];;74.5;0.0;0.0;1.0;0.0;0.0
GUSA7Z_1_1230_2665_1742_3177;3583;-1;[426, 342, 442, 351];;52.0;0.0;0.0;1.0;0.0;0.0
GUSA7Z_1_1230_2665_1742_3177;3584;-1;[436, 327, 450, 343];;137.5;0.0;0.0;1.0;0.0;0.0
GUSA7Z_1_1230_2665_1742_3177;3585;934;[182, 480, 195, 496];[182, 480, 197, 501];161.5;214.0;0.5281690359115601;1.0;0.401611328125;0.6603174603174603
GUSA7Z_1_1230_2665_1742_3177;3586;-1;[506, 450, 512, 458];;37.0;0.0;0.0;1.0;0.0;0.0
GUSA7Z_1_1230_2665_1742_3177;3587;931;[233, 366, 353, 508];[234, 370, 353, 507];5777.5;5964.0;0.9177373647689819;1.0;0.962890625;0.9567488262910798
GUSA7Z_1_1230_2665_1742_3177;3588;932;[414, 250, 441, 276];[414, 252, 443, 277];286.5;433.0;0.6604166626930237;1.0;0.62451171875;0.8318356867779204
GUSA7Z_1_1230_2665_1742_3177;3589;933;[396, 43, 418, 69];[396, 44, 419, 73];334.5;406.0;0.7741228342056274;1.0;0.4609375;0.7982583454281568
GUSA7Z_1_1230_2665_1742_3177;3590;935;[0, 0, 68, 47];[0, 2, 69, 47];2060.5;2135.0;0.8606418967247009;1.0;0.05224609375;0.9441530391854366
GUSA7Z_1_1435_2665_1947_3177;3591;-1;[313, 348, 324, 367];;112.5;0.0;0.0;1.0;0.0;0.0
GUSA7Z_1_1435_2665_1947_3177;3592;-1;[130, 0, 145, 8];;80.0;0.0;0.0;1.0;0.0;0.0
GUSA7Z_1_1435_2665_1947_3177;3593;-1;[114, 86, 132, 101];;154.5;0.0;0.0;1.0;0.0;0.0
GUSA7Z_1_1435_2665_1947_3177;3594;-1;[46, 153, 61, 168];;123.0;0.0;0.0;1.0;0.0;0.0
GUSA7Z_1_1435_2665_1947_3177;3595;-1;[257, 0, 278, 5];;74.5;0.0;0.0;1.0;0.0;0.0
GUSA7Z_1_1435_2665_1947_3177;3596;-1;[357, 93, 376, 105];;139.5;0.0;0.0;1.0;0.0;0.0
GUSA7Z_1_1435_2665_1947_3177;3597;-1;[221, 342, 237, 351];;52.0;0.0;0.0;1.0;0.0;0.0
GUSA7Z_1_1435_2665_1947_3177;3598;-1;[231, 327, 245, 343];;137.5;0.0;0.0;1.0;0.0;0.0
GUSA7Z_1_1435_2665_1947_3177;3599;-1;[382, 223, 400, 243];;151.0;0.0;0.0;1.0;0.0;0.0
GUSA7Z_1_1435_2665_1947_3177;3600;-1;[416, 317, 429, 334];;91.5;0.0;0.0;1.0;0.0;0.0
GUSA7Z_1_1435_2665_1947_3177;3601;-1;[448, 312, 459, 329];;101.5;0.0;0.0;1.0;0.0;0.0
GUSA7Z_1_1435_2665_1947_3177;3602;-1;[394, 339, 413, 357];;135.5;0.0;0.0;1.0;0.0;0.0
GUSA7Z_1_1435_2665_1947_3177;3603;-1;[436, 500, 451, 512];;77.5;0.0;0.0;1.0;0.0;0.0
GUSA7Z_1_1435_2665_1947_3177;3604;-1;[301, 448, 314, 458];;75.5;0.0;0.0;1.0;0.0;0.0
GUSA7Z_1_1435_2665_1947_3177;3605;1066;[28, 366, 148, 508];[30, 368, 147, 507];5777.5;5926.0;0.917687714099884;1.0;0.9697265625;0.9544014084507042
GUSA7Z_1_1435_2665_1947_3177;3606;1067;[209, 250, 236, 276];[210, 250, 237, 279];286.5;464.0;0.6336633563041687;1.0;0.64404296875;0.8355995055624228
GUSA7Z_1_1435_2665_1947_3177;3607;-1;[490, 138, 512, 179];;626.5;0.0;0.0;1.0;0.0;0.0
GUSA7Z_1_1435_2665_1947_3177;3608;1068;[191, 43, 213, 69];[190, 44, 215, 71];334.5;415.0;0.807947039604187;1.0;0.5830078125;0.7890961262553802
GUSA7Z_1_1640_2665_2152_3177;3609;1181;[406, 275, 504, 365];[408, 278, 505, 365];3808.0;3803.0;0.9041525721549988;1.0;0.93212890625;0.9376894577298753
GUSA7Z_1_1640_2665_2152_3177;3610;-1;[108, 348, 119, 367];;112.5;0.0;0.0;1.0;0.0;0.0
GUSA7Z_1_1640_2665_2152_3177;3611;-1;[345, 227, 362, 245];;163.0;0.0;0.0;1.0;0.0;0.0
GUSA7Z_1_1640_2665_2152_3177;3612;-1;[52, 0, 73, 5];;74.5;0.0;0.0;1.0;0.0;0.0
GUSA7Z_1_1640_2665_2152_3177;3613;-1;[152, 93, 171, 105];;139.5;0.0;0.0;1.0;0.0;0.0
GUSA7Z_1_1640_2665_2152_3177;3614;-1;[16, 342, 32, 351];;52.0;0.0;0.0;1.0;0.0;0.0
GUSA7Z_1_1640_2665_2152_3177;3615;-1;[26, 327, 40, 343];;137.5;0.0;0.0;1.0;0.0;0.0
GUSA7Z_1_1640_2665_2152_3177;3616;-1;[177, 223, 195, 243];;151.0;0.0;0.0;1.0;0.0;0.0
GUSA7Z_1_1640_2665_2152_3177;3617;-1;[211, 317, 224, 334];;91.5;0.0;0.0;1.0;0.0;0.0
GUSA7Z_1_1640_2665_2152_3177;3618;-1;[243, 312, 254, 329];;101.5;0.0;0.0;1.0;0.0;0.0
GUSA7Z_1_1640_2665_2152_3177;3619;-1;[189, 339, 208, 357];;135.5;0.0;0.0;1.0;0.0;0.0
GUSA7Z_1_1640_2665_2152_3177;3620;-1;[231, 500, 246, 512];;77.5;0.0;0.0;1.0;0.0;0.0
GUSA7Z_1_1640_2665_2152_3177;3621;-1;[96, 448, 109, 458];;75.5;0.0;0.0;1.0;0.0;0.0
GUSA7Z_1_1640_2665_2152_3177;3622;1180;[360, 413, 456, 486];[364, 416, 455, 487];2617.0;2817.0;0.8300756812095642;1.0;0.93603515625;0.8973094802084801
GUSA7Z_1_1640_2665_2152_3177;3623;1183;[4, 250, 31, 276];[4, 250, 33, 277];286.5;487.0;0.6175908446311951;1.0;0.56982421875;0.896551724137931
GUSA7Z_1_1640_2665_2152_3177;3624;1182;[279, 72, 334, 179];[284, 76, 335, 179];2051.5;2295.0;0.7686510682106018;1.0;0.90380859375;0.8600534402137608
GUSA7Z_1_1640_2665_2152_3177;3625;-1;[0, 43, 8, 63];;100.0;0.0;0.0;1.0;0.0;0.0
GUSA7Z_1_1640_2665_2152_3177;-1;1184;;[440, 184, 483, 221];0.0;1112.0;0.0;;0.07080078125;0.0
GUSA7Z_1_1845_2665_2357_3177;3626;-1;[455, 170, 469, 190];;198.0;0.0;0.0;1.0;0.0;0.0
GUSA7Z_1_1845_2665_2357_3177;3627;-1;[325, 0, 342, 10];;112.5;0.0;0.0;1.0;0.0;0.0
GUSA7Z_1_1845_2665_2357_3177;3628;-1;[394, 52, 412, 66];;107.5;0.0;0.0;1.0;0.0;0.0
GUSA7Z_1_1845_2665_2357_3177;3629;1299;[329, 471, 369, 505];[332, 474, 371, 507];662.5;886.0;0.7234262228012085;1.0;0.7578125;0.7646666666666667
GUSA7Z_1_1845_2665_2357_3177;3630;-1;[427, 293, 512, 347];;3133.5;0.0;0.0;1.0;0.0;0.0
GUSA7Z_1_1845_2665_2357_3177;3631;1297;[201, 275, 299, 365];[204, 278, 301, 365];3808.0;3811.0;0.906611979007721;1.0;0.93994140625;0.9189459639759839
GUSA7Z_1_1845_2665_2357_3177;3632;-1;[140, 227, 157, 245];;163.0;0.0;0.0;1.0;0.0;0.0
GUSA7Z_1_1845_2665_2357_3177;3633;-1;[6, 317, 19, 334];;91.5;0.0;0.0;1.0;0.0;0.0
GUSA7Z_1_1845_2665_2357_3177;3634;-1;[38, 312, 49, 329];;101.5;0.0;0.0;1.0;0.0;0.0
GUSA7Z_1_1845_2665_2357_3177;3635;-1;[26, 500, 41, 512];;77.5;0.0;0.0;1.0;0.0;0.0
GUSA7Z_1_1845_2665_2357_3177;3636;1296;[155, 413, 251, 486];[158, 414, 251, 487];2617.0;2867.0;0.8468582034111023;1.0;0.94482421875;0.9429657794676806
GUSA7Z_1_1845_2665_2357_3177;3637;1298;[74, 72, 129, 179];[80, 76, 131, 179];2051.5;2121.0;0.7799212336540222;1.0;0.92138671875;0.8285995731406994
GUSA7Z_1_1845_2665_2357_3177;3638;-1;[325, 0, 341, 8];;101.5;0.0;0.0;1.0;0.0;0.0
GUSA7Z_1_1845_2665_2357_3177;-1;1300;;[234, 184, 279, 221];0.0;1109.0;0.0;;0.1246337890625;0.0
GUSA7Z_1_2050_2665_2562_3177;3639;-1;[250, 170, 264, 190];;198.0;0.0;0.0;1.0;0.0;0.0
GUSA7Z_1_2050_2665_2562_3177;3640;-1;[120, 0, 137, 10];;112.5;0.0;0.0;1.0;0.0;0.0
GUSA7Z_1_2050_2665_2562_3177;3641;-1;[189, 52, 207, 66];;107.5;0.0;0.0;1.0;0.0;0.0
GUSA7Z_1_2050_2665_2562_3177;3642;1419;[124, 471, 164, 505];[126, 476, 167, 507];662.5;881.0;0.718426525592804;1.0;0.740234375;0.7207325049051668
GUSA7Z_1_2050_2665_2562_3177;3643;1416;[222, 293, 473, 512];[226, 294, 475, 511];20996.0;21167.0;0.9618560671806335;1.0;0.9755859375;0.9674385863581394
GUSA7Z_1_2050_2665_2562_3177;3644;1417;[0, 275, 94, 365];[0, 278, 95, 365];3767.0;3779.0;0.9055041670799255;1.0;0.91259765625;0.9568269568269568
GUSA7Z_1_2050_2665_2562_3177;3645;1418;[434, 134, 472, 167];[432, 132, 475, 171];601.0;946.0;0.6592742204666138;1.0;0.810546875;0.7477638640429338
GUSA7Z_1_2050_2665_2562_3177;3646;1421;[0, 414, 46, 486];[0, 416, 45, 487];1331.0;1435.0;0.8042959570884705;1.0;0.1744384765625;0.938337801608579
GUSA7Z_1_2050_2665_2562_3177;3647;-1;[120, 0, 136, 8];;101.5;0.0;0.0;1.0;0.0;0.0
GUSA7Z_1_2050_2665_2562_3177;-1;1420;;[30, 184, 73, 221];0.0;1117.0;0.0;;0.202392578125;0.0
GUSA7Z_1_2255_2665_2767_3177;3648;-1;[337, 429, 358, 439];;109.5;0.0;0.0;1.0;0.0;0.0
GUSA7Z_1_2255_2665_2767_3177;3649;-1;[45, 170, 59, 190];;198.0;0.0;0.0;1.0;0.0;0.0
GUSA7Z_1_2255_2665_2767_3177;3650;1589;[17, 293, 268, 512];[20, 294, 271, 511];20996.0;21227.0;0.9607977271080017;1.0;0.96435546875;0.9675656238763035
GUSA7Z_1_2255_2665_2767_3177;3651;-1;[490, 224, 512, 257];;465.5;0.0;0.0;1.0;0.0;0.0
GUSA7Z_1_2255_2665_2767_3177;3652;1590;[295, 218, 377, 266];[300, 220, 377, 267];1095.5;1510.0;0.6765578389167786;1.0;0.87646484375;0.8826314477946673
GUSA7Z_1_2255_2665_2767_3177;3653;1591;[229, 134, 267, 167];[228, 132, 269, 171];601.0;883.0;0.6994652152061462;1.0;0.85986328125;0.7842401500938087
GUSA7Z_1_2460_2665_2972_3177;3654;-1;[319, 388, 331, 411];;161.0;0.0;0.0;1.0;0.0;0.0
GUSA7Z_1_2460_2665_2972_3177;3655;-1;[132, 429, 153, 439];;109.5;0.0;0.0;1.0;0.0;0.0
GUSA7Z_1_2460_2665_2972_3177;3656;1725;[353, 399, 420, 454];[354, 398, 421, 455];1559.5;2368.0;0.6860136985778809;1.0;0.91650390625;0.9370160041300981
GUSA7Z_1_2460_2665_2972_3177;3657;-1;[0, 326, 63, 479];;7546.0;0.0;0.0;1.0;0.0;0.0
GUSA7Z_1_2460_2665_2972_3177;3658;1728;[285, 224, 414, 263];[286, 226, 415, 263];3411.0;3546.0;0.9308326840400696;1.0;0.25244140625;0.9344909234411997
GUSA7Z_1_2460_2665_2972_3177;3659;1726;[90, 218, 172, 266];[96, 220, 173, 267];1095.5;1455.0;0.6893616914749146;1.0;0.8798828125;0.8612958856861296
GUSA7Z_1_2460_2665_2972_3177;3660;1727;[24, 134, 62, 167];[24, 134, 65, 171];601.0;844.0;0.7306397557258606;1.0;0.8798828125;0.8266315095583389
GUSA7Z_1_2460_2665_2972_3177;-1;1729;;[118, 2, 169, 47];0.0;658.0;0.0;;0.0062408447265625;0.0
GUSA7Z_1_2665_2665_3177_3177;3661;-1;[114, 388, 126, 411];;161.0;0.0;0.0;1.0;0.0;0.0
GUSA7Z_1_2665_2665_3177_3177;3662;1854;[436, 456, 471, 487];[434, 454, 475, 491];589.5;974.0;0.6178467273712158;1.0;0.80078125;0.7152274225444957
GUSA7Z_1_2665_2665_3177_3177;3663;1853;[148, 399, 215, 454];[150, 398, 217, 455];1559.5;2384.0;0.6821457147598267;1.0;0.916015625;0.909900738101298
GUSA7Z_1_2665_2665_3177_3177;3664;1855;[484, 245, 512, 295];[484, 244, 511, 295];907.5;1000.0;0.7925860285758972;1.0;0.218017578125;0.9460406447091801
GUSA7Z_1_2665_2665_3177_3177;3665;1856;[80, 224, 209, 263];[82, 224, 211, 263];3411.0;3604.0;0.9231578707695007;1.0;0.08538818359375;0.9694656488549618
GUSA7Z_1_2870_2665_3382_3177;3666;-1;[493, 252, 509, 263];;113.0;0.0;0.0;1.0;0.0;0.0
GUSA7Z_1_2870_2665_3382_3177;3667;-1;[352, 332, 364, 347];;92.5;0.0;0.0;1.0;0.0;0.0
GUSA7Z_1_2870_2665_3382_3177;3668;1955;[231, 456, 266, 487];[228, 454, 269, 491];589.5;949.0;0.6306930780410767;1.0;0.806640625;0.7152274225444957
GUSA7Z_1_2870_2665_3382_3177;3669;1954;[279, 245, 327, 295];[280, 244, 329, 297];1128.5;1670.0;0.695602536201477;1.0;0.85498046875;0.887797506611258
GUSA7Z_1_3075_2665_3587_3177;3670;2045;[385, 415, 424, 434];[386, 414, 425, 437];434.5;607.0;0.7194029688835144;1.0;0.138427734375;0.7882096069868996
GUSA7Z_1_3075_2665_3587_3177;3671;-1;[288, 252, 304, 263];;113.0;0.0;0.0;1.0;0.0;0.0
GUSA7Z_1_3075_2665_3587_3177;3672;-1;[147, 332, 159, 347];;92.5;0.0;0.0;1.0;0.0;0.0
GUSA7Z_1_3075_2665_3587_3177;3673;2044;[26, 456, 61, 487];[24, 456, 65, 489];589.5;827.0;0.68327796459198;1.0;0.83544921875;0.8019216555801921
GUSA7Z_1_3075_2665_3587_3177;3674;2049;[497, 419, 512, 447];[496, 424, 511, 447];267.5;250.0;0.6898550987243652;1.0;0.005641937255859375;0.7268623024830699
GUSA7Z_1_3075_2665_3587_3177;3675;2047;[412, 359, 431, 368];[412, 356, 437, 373];113.5;304.0;0.41566264629364014;1.0;0.0234222412109375;0.4023529411764706
GUSA7Z_1_3075_2665_3587_3177;3676;2043;[74, 245, 122, 295];[74, 244, 123, 297];1128.5;1684.0;0.6941444277763367;1.0;0.845703125;0.9241432422025414
GUSA7Z_1_3075_2665_3587_3177;3677;2046;[352, 223, 373, 256];[350, 222, 377, 257];220.0;466.0;0.5206286907196045;1.0;0.05126953125;0.7333333333333333
GUSA7Z_1_3075_2665_3587_3177;3678;2048;[458, 6, 487, 41];[458, 6, 491, 45];294.0;551.0;0.5193548202514648;1.0;0.02001953125;0.7886557886557887
GUSA7Z_1_3280_2665_3792_3177;3679;-1;[479, 116, 495, 128];;109.0;0.0;0.0;1.0;0.0;0.0
GUSA7Z_1_3280_2665_3792_3177;3680;-1;[376, 52, 400, 69];;170.0;0.0;0.0;1.0;0.0;0.0
GUSA7Z_1_3280_2665_3792_3177;3681;-1;[420, 488, 436, 504];;165.5;0.0;0.0;1.0;0.0;0.0
GUSA7Z_1_3280_2665_3792_3177;3682;2140;[180, 415, 219, 434];[180, 416, 219, 437];434.5;574.0;0.758293867111206;1.0;0.273681640625;0.8181818181818182
GUSA7Z_1_3280_2665_3792_3177;3683;-1;[83, 252, 99, 263];;113.0;0.0;0.0;1.0;0.0;0.0
GUSA7Z_1_3280_2665_3792_3177;3684;2139;[292, 410, 333, 447];[290, 408, 335, 451];765.5;1174.0;0.6761363744735718;1.0;0.83642578125;0.7839793281653746
GUSA7Z_1_3280_2665_3792_3177;3685;2143;[207, 359, 226, 368];[208, 356, 231, 373];113.5;284.0;0.4331210255622864;1.0;0.025665283203125;0.405
GUSA7Z_1_3280_2665_3792_3177;3686;2144;[316, 223, 327, 248];[316, 222, 331, 251];168.0;333.0;0.54347825050354;1.0;0.00997161865234375;0.632183908045977
GUSA7Z_1_3280_2665_3792_3177;3687;2142;[147, 223, 168, 256];[146, 222, 171, 257];220.0;416.0;0.5421940684318542;1.0;0.0333251953125;0.792
GUSA7Z_1_3280_2665_3792_3177;3688;2141;[253, 6, 282, 41];[252, 6, 285, 43];294.0;555.0;0.5340909361839294;1.0;0.08038330078125;0.8312858312858313
GUSA7Z_1_3485_2665_3997_3177;3689;-1;[274, 116, 290, 128];;109.0;0.0;0.0;1.0;0.0;0.0
GUSA7Z_1_3485_2665_3997_3177;3690;2214;[171, 52, 195, 69];[172, 54, 195, 71];170.0;256.0;0.6171616911888123;1.0;0.00971221923828125;0.7599118942731278
GUSA7Z_1_3485_2665_3997_3177;3691;-1;[215, 488, 231, 504];;165.5;0.0;0.0;1.0;0.0;0.0
GUSA7Z_1_3485_2665_3997_3177;3692;-1;[0, 418, 14, 429];;130.0;0.0;0.0;1.0;0.0;0.0
GUSA7Z_1_3485_2665_3997_3177;3693;2210;[87, 410, 128, 447];[84, 408, 131, 451];765.5;1197.0;0.6648044586181641;1.0;0.81982421875;0.7506185056902523
GUSA7Z_1_3485_2665_3997_3177;3694;-1;[396, 385, 405, 403];;118.5;0.0;0.0;1.0;0.0;0.0
GUSA7Z_1_3485_2665_3997_3177;3695;2212;[2, 359, 21, 368];[2, 356, 27, 373];113.5;311.0;0.4046920835971832;1.0;0.053009033203125;0.4023529411764706
GUSA7Z_1_3485_2665_3997_3177;3696;2213;[111, 223, 122, 248];[110, 222, 127, 251];168.0;358.0;0.5115089416503906;1.0;0.026458740234375;0.5578093306288032
GUSA7Z_1_3485_2665_3997_3177;3697;2211;[48, 6, 77, 41];[48, 6, 81, 45];294.0;590.0;0.4871406853199005;1.0;0.1634521484375;0.7886557886557887
GUSA7Z_1_3690_2665_4202_3177;3698;-1;[69, 116, 85, 128];;109.0;0.0;0.0;1.0;0.0;0.0
GUSA7Z_1_3690_2665_4202_3177;3699;2254;[10, 488, 26, 504];[10, 488, 29, 505];165.5;241.0;0.6962962746620178;1.0;0.00582122802734375;0.7925696594427245
GUSA7Z_1_3690_2665_4202_3177;3700;2255;[191, 385, 200, 403];[190, 384, 205, 407];118.5;248.0;0.5142857432365417;1.0;0.00582122802734375;0.46956521739130436
GUSA7Z_1_0_2870_512_3382;3701;-1;[358, 379, 370, 393];;82.5;0.0;0.0;1.0;0.0;0.0
GUSA7Z_1_0_2870_512_3382;3702;-1;[264, 413, 280, 420];;68.5;0.0;0.0;1.0;0.0;0.0
GUSA7Z_1_205_2870_717_3382;3703;-1;[408, 476, 422, 484];;67.0;0.0;0.0;1.0;0.0;0.0
GUSA7Z_1_205_2870_717_3382;3704;-1;[153, 379, 165, 393];;82.5;0.0;0.0;1.0;0.0;0.0
GUSA7Z_1_205_2870_717_3382;3705;-1;[59, 413, 75, 420];;68.5;0.0;0.0;1.0;0.0;0.0
GUSA7Z_1_205_2870_717_3382;3706;1501;[379, 460, 402, 503];[378, 460, 405, 505];715.0;940.0;0.7734531164169312;1.0;0.72314453125;0.8139917695473251
GUSA7Z_1_205_2870_717_3382;-1;1502;;[394, 316, 425, 351];0.0;831.0;0.0;;0.486328125;0.0
GUSA7Z_1_205_2870_717_3382;-1;1503;;[244, 54, 263, 73];0.0;247.0;0.0;;0.00530242919921875;0.0
GUSA7Z_1_410_2870_922_3382;3707;-1;[203, 476, 217, 484];;67.0;0.0;0.0;1.0;0.0;0.0
GUSA7Z_1_410_2870_922_3382;3708;-1;[339, 94, 358, 104];;109.0;0.0;0.0;1.0;0.0;0.0
GUSA7Z_1_410_2870_922_3382;3709;2348;[437, 487, 460, 507];[438, 488, 461, 509];215.5;336.0;0.6256544589996338;1.0;0.46875;0.7961904761904762
GUSA7Z_1_410_2870_922_3382;3710;2346;[174, 460, 197, 503];[174, 460, 199, 503];715.0;859.0;0.7804622054100037;1.0;0.70556640625;0.92
GUSA7Z_1_410_2870_922_3382;3711;2345;[378, 247, 437, 342];[380, 248, 437, 339];2391.5;2516.0;0.8968659043312073;1.0;0.880859375;0.9254237288135593
GUSA7Z_1_410_2870_922_3382;-1;2347;;[188, 316, 221, 351];0.0;858.0;0.0;;0.470703125;0.0
GUSA7Z_1_410_2870_922_3382;-1;2349;;[426, 68, 447, 85];0.0;240.0;0.0;;0.0823974609375;0.0
GUSA7Z_1_615_2870_1127_3382;3712;-1;[0, 476, 12, 484];;62.5;0.0;0.0;1.0;0.0;0.0
GUSA7Z_1_615_2870_1127_3382;3713;-1;[459, 496, 477, 512];;136.5;0.0;0.0;1.0;0.0;0.0
GUSA7Z_1_615_2870_1127_3382;3714;-1;[134, 94, 153, 104];;109.0;0.0;0.0;1.0;0.0;0.0
GUSA7Z_1_615_2870_1127_3382;3715;2437;[232, 487, 255, 507];[232, 488, 257, 509];215.5;347.0;0.6561679840087891;1.0;0.509765625;0.7974452554744526
GUSA7Z_1_615_2870_1127_3382;3716;2438;[375, 304, 428, 386];[376, 306, 429, 389];1273.5;1625.0;0.7302525639533997;1.0;0.4130859375;0.9073064340239912
GUSA7Z_1_615_2870_1127_3382;3717;2434;[173, 247, 232, 342];[174, 248, 231, 341];2391.5;2462.0;0.9032496213912964;1.0;0.90185546875;0.9457627118644067
GUSA7Z_1_615_2870_1127_3382;3718;2436;[345, 54, 363, 77];[346, 56, 365, 77];191.0;268.0;0.6613923907279968;1.0;0.75341796875;0.7828947368421053
GUSA7Z_1_615_2870_1127_3382;3719;2435;[406, 44, 488, 104];[406, 48, 485, 103];2117.0;2727.0;0.7754605412483215;1.0;0.88720703125;0.883130081300813
GUSA7Z_1_615_2870_1127_3382;-1;2439;;[220, 68, 243, 85];0.0;263.0;0.0;;0.154052734375;0.0
GUSA7Z_1_820_2870_1332_3382;3720;-1;[489, 189, 500, 203];;99.0;0.0;0.0;1.0;0.0;0.0
GUSA7Z_1_820_2870_1332_3382;3721;-1;[396, 331, 406, 346];;94.5;0.0;0.0;1.0;0.0;0.0
GUSA7Z_1_820_2870_1332_3382;3722;-1;[499, 410, 512, 425];;123.0;0.0;0.0;1.0;0.0;0.0
GUSA7Z_1_820_2870_1332_3382;3723;-1;[254, 496, 272, 512];;136.5;0.0;0.0;1.0;0.0;0.0
GUSA7Z_1_820_2870_1332_3382;3724;2540;[304, 397, 321, 412];[306, 398, 323, 415];138.5;157.0;0.5526315569877625;1.0;0.007755279541015625;0.6287425149700598
GUSA7Z_1_820_2870_1332_3382;3725;2535;[27, 487, 50, 507];[28, 488, 51, 509];215.5;313.0;0.673184335231781;1.0;0.470703125;0.7961904761904762
GUSA7Z_1_820_2870_1332_3382;3726;2539;[464, 362, 484, 384];[464, 364, 487, 385];223.0;298.0;0.6732954382896423;1.0;0.03607177734375;0.7648183556405354
GUSA7Z_1_820_2870_1332_3382;3727;2537;[492, 355, 512, 392];[492, 356, 511, 393];493.5;486.0;0.7391999959945679;1.0;0.182373046875;0.9011857707509882
GUSA7Z_1_820_2870_1332_3382;3728;2534;[305, 320, 323, 340];[306, 320, 323, 343];132.5;252.0;0.5479452013969421;1.0;0.6298828125;0.8272506082725061
GUSA7Z_1_820_2870_1332_3382;3729;2536;[170, 304, 223, 386];[170, 306, 225, 391];1273.5;1718.0;0.6911314725875854;1.0;0.447509765625;0.8868437565362894
GUSA7Z_1_820_2870_1332_3382;3730;2541;[0, 295, 27, 332];[0, 298, 27, 315];584.5;345.0;0.4907275438308716;1.0;0.00763702392578125;0.4594594594594595
GUSA7Z_1_820_2870_1332_3382;3731;2533;[140, 54, 158, 77];[140, 56, 159, 77];191.0;267.0;0.652996838092804;1.0;0.716796875;0.8689655172413793
GUSA7Z_1_820_2870_1332_3382;3732;2532;[201, 44, 283, 104];[200, 48, 281, 103];2117.0;2827.0;0.7546218633651733;1.0;0.861328125;0.8844221105527639
GUSA7Z_1_820_2870_1332_3382;-1;2538;;[16, 68, 37, 85];0.0;236.0;0.0;;0.1199951171875;0.0
GUSA7Z_1_1025_2870_1537_3382;3733;-1;[319, 213, 348, 227];;141.5;0.0;0.0;1.0;0.0;0.0
GUSA7Z_1_1025_2870_1537_3382;3734;-1;[284, 189, 295, 203];;99.0;0.0;0.0;1.0;0.0;0.0
GUSA7Z_1_1025_2870_1537_3382;3735;-1;[191, 331, 201, 346];;94.5;0.0;0.0;1.0;0.0;0.0
GUSA7Z_1_1025_2870_1537_3382;3736;819;[294, 410, 318, 425];[296, 412, 317, 427];195.5;226.0;0.6961130499839783;1.0;0.0276947021484375;0.6791044776119403
GUSA7Z_1_1025_2870_1537_3382;3737;-1;[49, 496, 67, 512];;136.5;0.0;0.0;1.0;0.0;0.0
GUSA7Z_1_1025_2870_1537_3382;3738;-1;[99, 397, 116, 412];;138.5;0.0;0.0;1.0;0.0;0.0
GUSA7Z_1_1025_2870_1537_3382;3739;818;[259, 362, 279, 384];[258, 364, 281, 385];223.0;297.0;0.6828571557998657;1.0;0.1104736328125;0.7648183556405354
GUSA7Z_1_1025_2870_1537_3382;3740;815;[287, 355, 328, 393];[288, 356, 327, 395];568.0;797.0;0.7266514897346497;1.0;0.638671875;0.8820293398533008
GUSA7Z_1_1025_2870_1537_3382;3741;816;[100, 320, 118, 340];[102, 320, 119, 341];132.5;249.0;0.5559440851211548;1.0;0.5546875;0.8060453400503779
GUSA7Z_1_1025_2870_1537_3382;3742;-1;[0, 311, 18, 368];;631.0;0.0;0.0;1.0;0.0;0.0
GUSA7Z_1_1025_2870_1537_3382;3743;817;[387, 275, 400, 291];[386, 274, 403, 295];161.5;263.0;0.6406779885292053;1.0;0.303955078125;0.5826330532212886
GUSA7Z_1_1025_2870_1537_3382;3744;-1;[438, 161, 512, 303];;3616.5;0.0;0.0;1.0;0.0;0.0
GUSA7Z_1_1025_2870_1537_3382;3745;814;[0, 44, 78, 104];[2, 50, 75, 101];2062.0;2377.0;0.7980107069015503;1.0;0.8857421875;0.7955128205128205
GUSA7Z_1_1230_2870_1742_3382;3746;-1;[114, 213, 143, 227];;141.5;0.0;0.0;1.0;0.0;0.0
GUSA7Z_1_1230_2870_1742_3382;3747;-1;[79, 189, 90, 203];;99.0;0.0;0.0;1.0;0.0;0.0
GUSA7Z_1_1230_2870_1742_3382;3748;941;[89, 410, 113, 425];[92, 410, 113, 427];195.5;244.0;0.6928327679634094;1.0;0.034759521484375;0.7835820895522388
GUSA7Z_1_1230_2870_1742_3382;3749;-1;[426, 137, 442, 146];;52.0;0.0;0.0;1.0;0.0;0.0
GUSA7Z_1_1230_2870_1742_3382;3750;-1;[436, 122, 450, 138];;137.5;0.0;0.0;1.0;0.0;0.0
GUSA7Z_1_1230_2870_1742_3382;3751;-1;[490, 330, 506, 343];;108.0;0.0;0.0;1.0;0.0;0.0
GUSA7Z_1_1230_2870_1742_3382;3752;940;[54, 362, 74, 384];[54, 364, 75, 385];223.0;278.0;0.6893491148948669;1.0;0.1268310546875;0.8316008316008316
GUSA7Z_1_1230_2870_1742_3382;3753;938;[82, 355, 123, 393];[84, 354, 123, 395];568.0;813.0;0.715410590171814;1.0;0.673828125;0.8847761194029851
GUSA7Z_1_1230_2870_1742_3382;3754;939;[182, 275, 195, 291];[182, 274, 197, 295];161.5;222.0;0.5734767317771912;1.0;0.34521484375;0.6603174603174603
GUSA7Z_1_1230_2870_1742_3382;3755;-1;[506, 245, 512, 253];;37.0;0.0;0.0;1.0;0.0;0.0
GUSA7Z_1_1230_2870_1742_3382;3756;936;[233, 161, 353, 303];[234, 164, 353, 303];5777.5;5966.0;0.9171755313873291;1.0;0.9716796875;0.9707159624413145
GUSA7Z_1_1230_2870_1742_3382;3757;937;[414, 45, 441, 71];[414, 46, 443, 73];286.5;479.0;0.623552143573761;1.0;0.69775390625;0.8333333333333334
GUSA7Z_1_1230_2870_1742_3382;-1;942;;[32, 244, 53, 259];0.0;225.0;0.0;;0.007259368896484375;0.0
GUSA7Z_1_1435_2870_1947_3382;3758;-1;[313, 143, 324, 162];;112.5;0.0;0.0;1.0;0.0;0.0
GUSA7Z_1_1435_2870_1947_3382;3759;-1;[221, 137, 237, 146];;52.0;0.0;0.0;1.0;0.0;0.0
GUSA7Z_1_1435_2870_1947_3382;3760;-1;[231, 122, 245, 138];;137.5;0.0;0.0;1.0;0.0;0.0
GUSA7Z_1_1435_2870_1947_3382;3761;-1;[382, 18, 400, 38];;151.0;0.0;0.0;1.0;0.0;0.0
GUSA7Z_1_1435_2870_1947_3382;3762;-1;[416, 112, 429, 129];;91.5;0.0;0.0;1.0;0.0;0.0
GUSA7Z_1_1435_2870_1947_3382;3763;-1;[448, 107, 459, 124];;101.5;0.0;0.0;1.0;0.0;0.0
GUSA7Z_1_1435_2870_1947_3382;3764;-1;[394, 134, 413, 152];;135.5;0.0;0.0;1.0;0.0;0.0
GUSA7Z_1_1435_2870_1947_3382;3765;-1;[285, 330, 301, 343];;108.0;0.0;0.0;1.0;0.0;0.0
GUSA7Z_1_1435_2870_1947_3382;3766;-1;[436, 295, 451, 316];;114.5;0.0;0.0;1.0;0.0;0.0
GUSA7Z_1_1435_2870_1947_3382;3767;1072;[472, 483, 496, 501];[472, 482, 499, 499];200.0;335.0;0.6133333444595337;1.0;0.041778564453125;0.757396449704142
GUSA7Z_1_1435_2870_1947_3382;3768;1071;[389, 413, 407, 438];[390, 414, 407, 439];170.5;301.0;0.5813953280448914;1.0;0.498046875;0.8736616702355461
GUSA7Z_1_1435_2870_1947_3382;3769;-1;[301, 243, 314, 253];;75.5;0.0;0.0;1.0;0.0;0.0
GUSA7Z_1_1435_2870_1947_3382;3770;1069;[28, 161, 148, 303];[30, 164, 147, 303];5777.5;5890.0;0.9153156280517578;1.0;0.96435546875;0.9544014084507042
GUSA7Z_1_1435_2870_1947_3382;3771;1070;[209, 45, 236, 71];[210, 46, 237, 73];286.5;453.0;0.6431451439857483;1.0;0.7373046875;0.8322663252240717
GUSA7Z_1_1640_2870_2152_3382;3772;-1;[357, 379, 374, 389];;104.0;0.0;0.0;1.0;0.0;0.0
GUSA7Z_1_1640_2870_2152_3382;3773;-1;[454, 478, 512, 498];;775.0;0.0;0.0;1.0;0.0;0.0
GUSA7Z_1_1640_2870_2152_3382;3774;1185;[406, 70, 504, 160];[408, 72, 505, 161];3808.0;3847.0;0.9113466739654541;1.0;0.9501953125;0.9381454747362576
GUSA7Z_1_1640_2870_2152_3382;3775;-1;[108, 143, 119, 162];;112.5;0.0;0.0;1.0;0.0;0.0
GUSA7Z_1_1640_2870_2152_3382;3776;-1;[345, 22, 362, 40];;163.0;0.0;0.0;1.0;0.0;0.0
GUSA7Z_1_1640_2870_2152_3382;3777;-1;[16, 137, 32, 146];;52.0;0.0;0.0;1.0;0.0;0.0
GUSA7Z_1_1640_2870_2152_3382;3778;-1;[26, 122, 40, 138];;137.5;0.0;0.0;1.0;0.0;0.0
GUSA7Z_1_1640_2870_2152_3382;3779;-1;[177, 18, 195, 38];;151.0;0.0;0.0;1.0;0.0;0.0
GUSA7Z_1_1640_2870_2152_3382;3780;-1;[211, 112, 224, 129];;91.5;0.0;0.0;1.0;0.0;0.0
GUSA7Z_1_1640_2870_2152_3382;3781;-1;[243, 107, 254, 124];;101.5;0.0;0.0;1.0;0.0;0.0
GUSA7Z_1_1640_2870_2152_3382;3782;-1;[189, 134, 208, 152];;135.5;0.0;0.0;1.0;0.0;0.0
GUSA7Z_1_1640_2870_2152_3382;3783;-1;[357, 378, 374, 389];;116.5;0.0;0.0;1.0;0.0;0.0
GUSA7Z_1_1640_2870_2152_3382;3784;-1;[80, 330, 96, 343];;108.0;0.0;0.0;1.0;0.0;0.0
GUSA7Z_1_1640_2870_2152_3382;3785;-1;[231, 295, 246, 316];;114.5;0.0;0.0;1.0;0.0;0.0
GUSA7Z_1_1640_2870_2152_3382;3786;1189;[267, 483, 291, 501];[266, 482, 293, 499];200.0;339.0;0.6127321124076843;1.0;0.046539306640625;0.757396449704142
GUSA7Z_1_1640_2870_2152_3382;3787;1188;[184, 413, 202, 438];[184, 414, 203, 439];170.5;337.0;0.5408970713615417;1.0;0.56396484375;0.8762677484787018
GUSA7Z_1_1640_2870_2152_3382;3788;-1;[96, 243, 109, 253];;75.5;0.0;0.0;1.0;0.0;0.0
GUSA7Z_1_1640_2870_2152_3382;3789;1186;[360, 208, 456, 281];[364, 210, 455, 281];2617.0;2906.0;0.8417761325836182;1.0;0.93701171875;0.9219463470319634
GUSA7Z_1_1640_2870_2152_3382;3790;1187;[4, 45, 31, 71];[6, 46, 33, 73];286.5;459.0;0.6264821887016296;1.0;0.65673828125;0.7754342431761787
GUSA7Z_1_1845_2870_2357_3382;3791;-1;[152, 379, 169, 389];;104.0;0.0;0.0;1.0;0.0;0.0
GUSA7Z_1_1845_2870_2357_3382;3792;1301;[249, 374, 419, 512];[252, 376, 423, 511];8991.5;9608.0;0.9011414647102356;1.0;0.96240234375;0.939375
GUSA7Z_1_1845_2870_2357_3382;3793;1304;[329, 266, 369, 300];[332, 270, 373, 303];662.5;860.0;0.7108559608459473;1.0;0.7880859375;0.6924516531503431
GUSA7Z_1_1845_2870_2357_3382;3794;-1;[427, 88, 512, 142];;3133.5;0.0;0.0;1.0;0.0;0.0
GUSA7Z_1_1845_2870_2357_3382;3795;1303;[201, 70, 299, 160];[204, 72, 299, 161];3808.0;3800.0;0.9057743549346924;1.0;0.94140625;0.9377453729669097
GUSA7Z_1_1845_2870_2357_3382;3796;-1;[140, 22, 157, 40];;163.0;0.0;0.0;1.0;0.0;0.0
GUSA7Z_1_1845_2870_2357_3382;3797;-1;[6, 112, 19, 129];;91.5;0.0;0.0;1.0;0.0;0.0
GUSA7Z_1_1845_2870_2357_3382;3798;-1;[38, 107, 49, 124];;101.5;0.0;0.0;1.0;0.0;0.0
GUSA7Z_1_1845_2870_2357_3382;3799;-1;[152, 378, 169, 389];;116.5;0.0;0.0;1.0;0.0;0.0
GUSA7Z_1_1845_2870_2357_3382;3800;-1;[26, 295, 41, 316];;114.5;0.0;0.0;1.0;0.0;0.0
GUSA7Z_1_1845_2870_2357_3382;3801;1305;[62, 483, 86, 501];[62, 482, 89, 499];200.0;322.0;0.6353591084480286;1.0;0.0097808837890625;0.757396449704142
GUSA7Z_1_1845_2870_2357_3382;3802;1302;[155, 208, 251, 281];[158, 210, 251, 281];2617.0;2858.0;0.8425867557525635;1.0;0.943359375;0.942208904109589
GUSA7Z_1_2050_2870_2562_3382;3803;1423;[44, 374, 214, 512];[48, 376, 217, 511];8991.5;9557.0;0.9065057039260864;1.0;0.97119140625;0.9390320553111251
GUSA7Z_1_2050_2870_2562_3382;3804;1427;[404, 370, 412, 388];[394, 368, 415, 393];73.5;322.0;0.27450981736183167;1.0;0.04052734375;0.2742857142857143
GUSA7Z_1_2050_2870_2562_3382;3805;1425;[124, 266, 164, 300];[126, 270, 167, 303];662.5;891.0;0.7116564512252808;1.0;0.8115234375;0.7247298156389066
GUSA7Z_1_2050_2870_2562_3382;3806;1422;[222, 88, 473, 308];[226, 90, 475, 309];20997.5;21242.0;0.9610466361045837;1.0;0.98388671875;0.9631696628208568
GUSA7Z_1_2050_2870_2562_3382;3807;1424;[0, 70, 94, 160];[2, 72, 95, 159];3767.0;3777.0;0.8980087637901306;1.0;0.90869140625;0.9364689364689365
GUSA7Z_1_2050_2870_2562_3382;3808;1426;[0, 209, 46, 281];[0, 210, 45, 281];1331.0;1493.0;0.827995240688324;1.0;0.05145263671875;0.9646739130434783
GUSA7Z_1_2255_2870_2767_3382;3809;-1;[481, 340, 497, 354];;95.5;0.0;0.0;1.0;0.0;0.0
GUSA7Z_1_2255_2870_2767_3382;3810;-1;[337, 224, 358, 234];;109.5;0.0;0.0;1.0;0.0;0.0
GUSA7Z_1_2255_2870_2767_3382;3811;1593;[451, 426, 512, 484];[452, 426, 511, 481];1331.0;1901.0;0.6771084070205688;1.0;0.89990234375;0.9171848501978519
GUSA7Z_1_2255_2870_2767_3382;3812;1595;[199, 370, 207, 388];[190, 368, 211, 393];73.5;331.0;0.2684931457042694;1.0;0.060760498046875;0.2742857142857143
GUSA7Z_1_2255_2870_2767_3382;3813;1592;[17, 88, 268, 308];[20, 90, 271, 307];20997.5;21215.0;0.9598580002784729;1.0;0.97705078125;0.9632188434071343
GUSA7Z_1_2255_2870_2767_3382;3814;-1;[490, 19, 512, 52];;465.5;0.0;0.0;1.0;0.0;0.0
GUSA7Z_1_2255_2870_2767_3382;3815;1594;[295, 13, 377, 61];[302, 14, 377, 63];1095.5;1372.0;0.7293814420700073;1.0;0.86083984375;0.8627019089574156
GUSA7Z_1_2460_2870_2972_3382;3816;-1;[319, 183, 331, 206];;161.0;0.0;0.0;1.0;0.0;0.0
GUSA7Z_1_2460_2870_2972_3382;3817;-1;[276, 340, 292, 354];;95.5;0.0;0.0;1.0;0.0;0.0
GUSA7Z_1_2460_2870_2972_3382;3818;-1;[132, 224, 153, 234];;109.5;0.0;0.0;1.0;0.0;0.0
GUSA7Z_1_2460_2870_2972_3382;3819;1731;[246, 426, 318, 484];[246, 426, 321, 481];1458.0;2256.0;0.6613844633102417;1.0;0.9189453125;0.912232204561161
GUSA7Z_1_2460_2870_2972_3382;3820;1730;[353, 194, 420, 249];[354, 194, 421, 251];1559.5;2394.0;0.674622118473053;1.0;0.927734375;0.9370160041300981
GUSA7Z_1_2460_2870_2972_3382;3821;-1;[0, 121, 63, 274];;7546.0;0.0;0.0;1.0;0.0;0.0
GUSA7Z_1_2460_2870_2972_3382;3822;1733;[285, 19, 414, 58];[286, 20, 415, 59];3411.0;3572.0;0.9253968000411987;1.0;0.2861328125;0.93574451712197
GUSA7Z_1_2460_2870_2972_3382;3823;1732;[90, 13, 172, 61];[98, 14, 171, 63];1095.5;1361.0;0.7188703417778015;1.0;0.88232421875;0.8405193532582068
GUSA7Z_1_2665_2870_3177_3382;3824;-1;[114, 183, 126, 206];;161.0;0.0;0.0;1.0;0.0;0.0
GUSA7Z_1_2665_2870_3177_3382;3825;-1;[71, 340, 87, 354];;95.5;0.0;0.0;1.0;0.0;0.0
GUSA7Z_1_2665_2870_3177_3382;3826;1857;[41, 426, 113, 484];[42, 426, 115, 481];1458.0;2159.0;0.6835497617721558;1.0;0.91552734375;0.9111059262715819
GUSA7Z_1_2665_2870_3177_3382;3827;1859;[436, 251, 471, 282];[434, 250, 475, 285];589.5;924.0;0.6266397833824158;1.0;0.81884765625;0.7560975609756098
GUSA7Z_1_2665_2870_3177_3382;3828;1858;[148, 194, 215, 249];[148, 194, 217, 251];1559.5;2453.0;0.6634241342544556;1.0;0.90966796875;0.9369438087973557
GUSA7Z_1_2665_2870_3177_3382;3829;1860;[484, 40, 512, 90];[484, 40, 511, 89];907.5;989.0;0.7932564616203308;1.0;0.28857421875;0.945
GUSA7Z_1_2665_2870_3177_3382;3830;1861;[80, 19, 209, 58];[82, 20, 211, 59];3411.0;3584.0;0.9214134812355042;1.0;0.1466064453125;0.9216959511077158
GUSA7Z_1_2870_2870_3382_3382;3831;-1;[493, 47, 509, 58];;113.0;0.0;0.0;1.0;0.0;0.0
GUSA7Z_1_2870_2870_3382_3382;3832;-1;[352, 127, 364, 142];;92.5;0.0;0.0;1.0;0.0;0.0
GUSA7Z_1_2870_2870_3382_3382;3833;1956;[423, 426, 512, 507];[424, 428, 511, 507];2246.0;2694.0;0.808707594871521;1.0;0.900390625;0.953391593841032
GUSA7Z_1_2870_2870_3382_3382;3834;1958;[231, 251, 266, 282];[228, 250, 269, 285];589.5;884.0;0.6603375673294067;1.0;0.80078125;0.7560975609756098
GUSA7Z_1_2870_2870_3382_3382;3835;1957;[279, 40, 327, 90];[280, 40, 329, 93];1128.5;1712.0;0.679508626461029;1.0;0.86328125;0.887797506611258
GUSA7Z_1_3075_2870_3587_3382;3836;2053;[385, 210, 424, 229];[386, 210, 423, 231];434.5;604.0;0.7246596217155457;1.0;0.138916015625;0.8625766871165644
GUSA7Z_1_3075_2870_3587_3382;3837;-1;[288, 47, 304, 58];;113.0;0.0;0.0;1.0;0.0;0.0
GUSA7Z_1_3075_2870_3587_3382;3838;-1;[147, 127, 159, 142];;92.5;0.0;0.0;1.0;0.0;0.0
GUSA7Z_1_3075_2870_3587_3382;3839;2050;[218, 426, 314, 507];[220, 426, 315, 509];2340.0;2931.0;0.7861635088920593;1.0;0.90869140625;0.9461911271281223
GUSA7Z_1_3075_2870_3587_3382;3840;2052;[26, 251, 61, 282];[24, 250, 65, 285];589.5;905.0;0.6656217575073242;1.0;0.85888671875;0.7560975609756098
GUSA7Z_1_3075_2870_3587_3382;3841;2056;[497, 214, 512, 242];[496, 220, 511, 243];267.5;237.0;0.6823529601097107;1.0;0.0232391357421875;0.6739606126914661
GUSA7Z_1_3075_2870_3587_3382;3842;2054;[412, 154, 431, 163];[412, 152, 437, 169];113.5;287.0;0.4236760139465332;1.0;0.048126220703125;0.4023529411764706
GUSA7Z_1_3075_2870_3587_3382;3843;2051;[74, 40, 122, 90];[74, 40, 123, 91];1128.5;1670.0;0.6967447400093079;1.0;0.875;0.9603841536614646
GUSA7Z_1_3075_2870_3587_3382;3844;2055;[352, 18, 373, 51];[350, 16, 375, 51];220.0;469.0;0.5194552540779114;1.0;0.0272674560546875;0.792
GUSA7Z_1_3280_2870_3792_3382;3845;2152;[420, 283, 436, 299];[420, 282, 439, 299];165.5;229.0;0.6842105388641357;1.0;0.021942138671875;0.7925696594427245
GUSA7Z_1_3280_2870_3792_3382;3846;2148;[180, 210, 219, 229];[180, 210, 219, 233];434.5;588.0;0.7484567761421204;1.0;0.195556640625;0.8260869565217391
GUSA7Z_1_3280_2870_3792_3382;3847;-1;[83, 47, 99, 58];;113.0;0.0;0.0;1.0;0.0;0.0
GUSA7Z_1_3280_2870_3792_3382;3848;-1;[473, 487, 512, 507];;511.5;0.0;0.0;1.0;0.0;0.0
GUSA7Z_1_3280_2870_3792_3382;3849;2145;[13, 426, 109, 507];[16, 428, 111, 507];2340.0;2920.0;0.7651821970939636;1.0;0.91796875;0.926014620620116
GUSA7Z_1_3280_2870_3792_3382;3850;2147;[392, 352, 407, 371];[392, 352, 409, 375];131.0;270.0;0.5233333110809326;1.0;0.2421875;0.7289002557544757
GUSA7Z_1_3280_2870_3792_3382;3851;2146;[292, 205, 333, 242];[290, 202, 335, 245];765.5;1194.0;0.6674679517745972;1.0;0.83203125;0.7839793281653746
GUSA7Z_1_3280_2870_3792_3382;3852;2149;[207, 154, 226, 163];[208, 152, 231, 169];113.5;267.0;0.4243420958518982;1.0;0.08758544921875;0.405
GUSA7Z_1_3280_2870_3792_3382;3853;2150;[316, 18, 327, 43];[316, 16, 331, 47];168.0;348.0;0.5194805264472961;1.0;0.046905517578125;0.5913978494623656
GUSA7Z_1_3280_2870_3792_3382;3854;2151;[147, 18, 168, 51];[146, 16, 169, 51];220.0;416.0;0.5557940006256104;1.0;0.02508544921875;0.8608695652173913
GUSA7Z_1_3485_2870_3997_3382;3855;2221;[346, 316, 364, 323];[344, 312, 367, 329];76.5;302.0;0.299401193857193;1.0;0.0053863525390625;0.32225063938618925
GUSA7Z_1_3485_2870_3997_3382;3856;2220;[215, 283, 231, 299];[216, 284, 235, 299];165.5;216.0;0.6666666865348816;1.0;0.0141143798828125;0.7120253164556962
GUSA7Z_1_3485_2870_3997_3382;3857;-1;[0, 213, 14, 224];;130.0;0.0;0.0;1.0;0.0;0.0
GUSA7Z_1_3485_2870_3997_3382;3858;2216;[268, 446, 363, 512];[268, 448, 363, 511];2409.5;2976.0;0.7705321311950684;1.0;0.80810546875;0.9545454545454546
GUSA7Z_1_3485_2870_3997_3382;3859;2217;[187, 352, 202, 371];[186, 352, 205, 375];131.0;290.0;0.5015873312950134;1.0;0.1883544921875;0.6521739130434783
GUSA7Z_1_3485_2870_3997_3382;3860;2215;[87, 205, 128, 242];[84, 202, 131, 245];765.5;1210.0;0.6553894281387329;1.0;0.82421875;0.7506185056902523
GUSA7Z_1_3485_2870_3997_3382;3861;-1;[396, 180, 405, 198];;118.5;0.0;0.0;1.0;0.0;0.0
GUSA7Z_1_3485_2870_3997_3382;3862;2219;[2, 154, 21, 163];[2, 152, 27, 169];113.5;275.0;0.4299674332141876;1.0;0.11553955078125;0.4023529411764706
GUSA7Z_1_3485_2870_3997_3382;3863;2218;[111, 18, 122, 43];[110, 16, 127, 45];168.0;366.0;0.5;1.0;0.1375732421875;0.5578093306288032
GUSA7Z_1_3690_2870_4202_3382;3864;-1;[353, 323, 368, 343];;143.5;0.0;0.0;1.0;0.0;0.0
GUSA7Z_1_3690_2870_4202_3382;3865;-1;[141, 316, 159, 323];;76.5;0.0;0.0;1.0;0.0;0.0
GUSA7Z_1_3690_2870_4202_3382;3866;2257;[10, 283, 26, 299];[10, 284, 29, 299];165.5;214.0;0.7200000286102295;1.0;0.049041748046875;0.7973421926910299
GUSA7Z_1_3690_2870_4202_3382;3867;2256;[63, 446, 158, 512];[64, 448, 159, 511];2409.5;2893.0;0.7814362049102783;1.0;0.75927734375;0.935101847465656
GUSA7Z_1_3690_2870_4202_3382;3868;-1;[191, 180, 200, 198];;118.5;0.0;0.0;1.0;0.0;0.0
GUSA7Z_1_3895_2870_4407_3382;3869;-1;[306, 466, 317, 472];;44.5;0.0;0.0;1.0;0.0;0.0
GUSA7Z_1_3895_2870_4407_3382;3870;-1;[148, 323, 163, 343];;143.5;0.0;0.0;1.0;0.0;0.0
GUSA7Z_1_3895_2870_4407_3382;-1;2289;;[332, 364, 349, 383];0.0;248.0;0.0;;0.04052734375;0.0
GUSA7Z_1_4017_2870_4529_3382;3871;-1;[184, 466, 195, 472];;44.5;0.0;0.0;1.0;0.0;0.0
GUSA7Z_1_4017_2870_4529_3382;3872;-1;[26, 323, 41, 343];;143.5;0.0;0.0;1.0;0.0;0.0
GUSA7Z_1_4017_2870_4529_3382;-1;2306;;[210, 364, 227, 383];0.0;251.0;0.0;;0.019866943359375;0.0
GUSA7Z_1_0_3075_512_3587;3873;-1;[362, 498, 407, 512];;543.0;0.0;0.0;1.0;0.0;0.0
GUSA7Z_1_0_3075_512_3587;3874;-1;[358, 174, 370, 188];;82.5;0.0;0.0;1.0;0.0;0.0
GUSA7Z_1_0_3075_512_3587;3875;-1;[264, 208, 280, 215];;68.5;0.0;0.0;1.0;0.0;0.0
GUSA7Z_1_205_3075_717_3587;3876;-1;[408, 271, 422, 279];;67.0;0.0;0.0;1.0;0.0;0.0
GUSA7Z_1_205_3075_717_3587;3877;-1;[157, 498, 202, 512];;543.0;0.0;0.0;1.0;0.0;0.0
GUSA7Z_1_205_3075_717_3587;3878;-1;[153, 174, 165, 188];;82.5;0.0;0.0;1.0;0.0;0.0
GUSA7Z_1_205_3075_717_3587;3879;-1;[59, 208, 75, 215];;68.5;0.0;0.0;1.0;0.0;0.0
GUSA7Z_1_205_3075_717_3587;3880;1506;[443, 404, 465, 424];[444, 406, 467, 425];221.0;282.0;0.6522988677024841;1.0;0.1259765625;0.7575150300601202
GUSA7Z_1_205_3075_717_3587;3881;1504;[379, 255, 402, 298];[378, 256, 405, 299];715.0;910.0;0.7724974751472473;1.0;0.69580078125;0.8158783783783784
GUSA7Z_1_205_3075_717_3587;-1;1505;;[394, 110, 425, 147];0.0;851.0;0.0;;0.455078125;0.0
GUSA7Z_1_410_3075_922_3587;3882;-1;[203, 271, 217, 279];;67.0;0.0;0.0;1.0;0.0;0.0
GUSA7Z_1_410_3075_922_3587;3883;2350;[384, 425, 438, 477];[386, 428, 437, 477];1446.0;1422.0;0.8273164629936218;1.0;0.89111328125;0.8899572649572649
GUSA7Z_1_410_3075_922_3587;3884;2355;[238, 404, 260, 424];[238, 404, 263, 425];221.0;328.0;0.6639999747276306;1.0;0.1490478515625;0.8380952380952381
GUSA7Z_1_410_3075_922_3587;3885;2353;[437, 282, 460, 302];[438, 284, 461, 303];215.5;304.0;0.677142858505249;1.0;0.47265625;0.7904191616766467
GUSA7Z_1_410_3075_922_3587;3886;2352;[174, 255, 197, 298];[174, 256, 199, 299];715.0;791.0;0.7489270567893982;1.0;0.67919921875;0.8797814207650273
GUSA7Z_1_410_3075_922_3587;3887;2351;[378, 42, 437, 137];[380, 44, 437, 133];2391.5;2492.0;0.8876732587814331;1.0;0.884765625;0.9050847457627119
GUSA7Z_1_410_3075_922_3587;-1;2354;;[188, 110, 221, 147];0.0;879.0;0.0;;0.466796875;0.0
GUSA7Z_1_615_3075_1127_3587;3888;2446;[306, 332, 321, 352];[308, 332, 323, 353];180.0;217.0;0.7258687019348145;1.0;0.039947509765625;0.7323943661971831
GUSA7Z_1_615_3075_1127_3587;3889;-1;[460, 480, 469, 493];;84.5;0.0;0.0;1.0;0.0;0.0
GUSA7Z_1_615_3075_1127_3587;3890;-1;[0, 271, 12, 279];;62.5;0.0;0.0;1.0;0.0;0.0
GUSA7Z_1_615_3075_1127_3587;3891;2447;[459, 291, 477, 310];[458, 294, 477, 313];145.5;227.0;0.6007462739944458;1.0;0.008575439453125;0.6939759036144578
GUSA7Z_1_615_3075_1127_3587;3892;2440;[179, 425, 233, 477];[182, 426, 231, 477];1446.0;1430.0;0.8230723142623901;1.0;0.90576171875;0.8899572649572649
GUSA7Z_1_615_3075_1127_3587;3893;2445;[33, 404, 55, 424];[34, 404, 57, 425];221.0;317.0;0.6495956778526306;1.0;0.2186279296875;0.8349900596421471
GUSA7Z_1_615_3075_1127_3587;3894;2442;[398, 372, 443, 415];[400, 372, 445, 411];729.5;1078.0;0.6547921895980835;1.0;0.69921875;0.8330849478390462
GUSA7Z_1_615_3075_1127_3587;3895;2444;[232, 282, 255, 302];[232, 284, 255, 303];215.5;294.0;0.6902654767036438;1.0;0.55078125;0.8571428571428571
GUSA7Z_1_615_3075_1127_3587;3896;2443;[375, 99, 428, 181];[374, 100, 429, 185];1273.5;1732.0;0.698113203048706;1.0;0.66015625;0.9079949238578681
GUSA7Z_1_615_3075_1127_3587;3897;2441;[173, 42, 232, 137];[174, 44, 231, 135];2391.5;2462.0;0.8914558291435242;1.0;0.89990234375;0.9254237288135593
GUSA7Z_1_615_3075_1127_3587;-1;2448;;[342, 468, 361, 483];0.0;197.0;0.0;;0.00815582275390625;0.0
GUSA7Z_1_615_3075_1127_3587;-1;2449;;[348, 394, 365, 409];0.0;199.0;0.0;;0.00806427001953125;0.0
GUSA7Z_1_820_3075_1332_3587;3898;2549;[101, 332, 116, 352];[102, 332, 119, 353];180.0;240.0;0.7163636088371277;1.0;0.017242431640625;0.7427055702917772
GUSA7Z_1_820_3075_1332_3587;3899;-1;[255, 480, 264, 493];;84.5;0.0;0.0;1.0;0.0;0.0
GUSA7Z_1_820_3075_1332_3587;3900;2553;[378, 315, 395, 334];[378, 316, 397, 333];145.5;223.0;0.6511628031730652;1.0;0.005687713623046875;0.8095238095238095
GUSA7Z_1_820_3075_1332_3587;3901;-1;[396, 126, 406, 141];;94.5;0.0;0.0;1.0;0.0;0.0
GUSA7Z_1_820_3075_1332_3587;3902;-1;[499, 205, 512, 220];;123.0;0.0;0.0;1.0;0.0;0.0
GUSA7Z_1_820_3075_1332_3587;3903;2551;[254, 291, 272, 310];[254, 294, 271, 313];145.5;223.0;0.6091954112052917;1.0;0.01312255859375;0.6921119592875318
GUSA7Z_1_820_3075_1332_3587;3904;-1;[304, 192, 321, 207];;138.5;0.0;0.0;1.0;0.0;0.0
GUSA7Z_1_820_3075_1332_3587;3905;-1;[0, 425, 28, 465];;824.0;0.0;0.0;1.0;0.0;0.0
GUSA7Z_1_820_3075_1332_3587;3906;2542;[193, 372, 238, 415];[194, 372, 241, 411];729.5;1117.0;0.6479339003562927;1.0;0.69580078125;0.8362573099415205
GUSA7Z_1_820_3075_1332_3587;3907;2546;[416, 307, 429, 329];[414, 306, 431, 331];125.5;283.0;0.4920634925365448;1.0;0.43408203125;0.6729411764705883
GUSA7Z_1_820_3075_1332_3587;3908;2544;[27, 282, 50, 302];[28, 284, 51, 303];215.5;304.0;0.677142858505249;1.0;0.548828125;0.7904191616766467
GUSA7Z_1_820_3075_1332_3587;3909;2548;[464, 157, 484, 179];[464, 158, 487, 181];223.0;304.0;0.6657381653785706;1.0;0.034759521484375;0.7650273224043715
GUSA7Z_1_820_3075_1332_3587;3910;2547;[492, 150, 512, 187];[492, 150, 511, 187];493.5;543.0;0.776049792766571;1.0;0.1812744140625;0.95
GUSA7Z_1_820_3075_1332_3587;3911;2543;[305, 115, 323, 135];[306, 116, 325, 137];132.5;249.0;0.5633803009986877;1.0;0.61328125;0.7408256880733946
GUSA7Z_1_820_3075_1332_3587;3912;2545;[170, 99, 223, 181];[170, 100, 225, 187];1273.5;1829.0;0.6695821285247803;1.0;0.46484375;0.8873501446878875
GUSA7Z_1_820_3075_1332_3587;3913;-1;[0, 90, 27, 127];;584.5;0.0;0.0;1.0;0.0;0.0
GUSA7Z_1_820_3075_1332_3587;-1;2550;;[136, 468, 155, 483];0.0;201.0;0.0;;0.01322174072265625;0.0
GUSA7Z_1_820_3075_1332_3587;-1;2552;;[144, 394, 159, 411];0.0;180.0;0.0;;0.00634002685546875;0.0
GUSA7Z_1_1025_3075_1537_3587;3914;-1;[395, 344, 409, 357];;132.0;0.0;0.0;1.0;0.0;0.0
GUSA7Z_1_1025_3075_1537_3587;3915;-1;[50, 480, 59, 493];;84.5;0.0;0.0;1.0;0.0;0.0
GUSA7Z_1_1025_3075_1537_3587;3916;-1;[319, 8, 348, 22];;141.5;0.0;0.0;1.0;0.0;0.0
GUSA7Z_1_1025_3075_1537_3587;3917;-1;[173, 315, 190, 334];;145.5;0.0;0.0;1.0;0.0;0.0
GUSA7Z_1_1025_3075_1537_3587;3918;-1;[336, 345, 347, 358];;70.5;0.0;0.0;1.0;0.0;0.0
GUSA7Z_1_1025_3075_1537_3587;3919;-1;[191, 126, 201, 141];;94.5;0.0;0.0;1.0;0.0;0.0
GUSA7Z_1_1025_3075_1537_3587;3920;827;[294, 205, 318, 220];[298, 206, 317, 223];195.5;229.0;0.6747404932975769;1.0;0.02386474609375;0.6378896882494005
GUSA7Z_1_1025_3075_1537_3587;3921;828;[49, 291, 67, 310];[50, 294, 67, 313];145.5;208.0;0.6181102395057678;1.0;0.0078125;0.6921119592875318
GUSA7Z_1_1025_3075_1537_3587;3922;-1;[99, 192, 116, 207];;138.5;0.0;0.0;1.0;0.0;0.0
GUSA7Z_1_1025_3075_1537_3587;3923;826;[317, 456, 334, 476];[318, 458, 335, 477];161.0;215.0;0.6499999761581421;1.0;0.050323486328125;0.768
GUSA7Z_1_1025_3075_1537_3587;3924;823;[0, 372, 33, 415];[0, 370, 35, 413];623.5;870.0;0.7071129679679871;1.0;0.345947265625;0.8612348822406111
GUSA7Z_1_1025_3075_1537_3587;3925;-1;[494, 361, 512, 386];;257.0;0.0;0.0;1.0;0.0;0.0
GUSA7Z_1_1025_3075_1537_3587;3926;822;[211, 307, 224, 329];[208, 306, 225, 331];125.5;278.0;0.5016181468963623;1.0;0.441650390625;0.6729411764705883
GUSA7Z_1_1025_3075_1537_3587;3927;825;[259, 157, 279, 179];[258, 158, 281, 179];223.0;324.0;0.6950549483299255;1.0;0.1041259765625;0.8349900596421471
GUSA7Z_1_1025_3075_1537_3587;3928;821;[287, 150, 328, 188];[288, 150, 327, 189];568.0;784.0;0.7341040372848511;1.0;0.52734375;0.9279899812147777
GUSA7Z_1_1025_3075_1537_3587;3929;820;[100, 115, 118, 135];[102, 116, 119, 137];132.5;250.0;0.5381944179534912;1.0;0.541015625;0.7360774818401937
GUSA7Z_1_1025_3075_1537_3587;3930;-1;[0, 106, 18, 163];;631.0;0.0;0.0;1.0;0.0;0.0
GUSA7Z_1_1025_3075_1537_3587;3931;824;[387, 70, 400, 86];[386, 70, 403, 91];161.5;258.0;0.6258503198623657;1.0;0.31396484375;0.5826330532212886
GUSA7Z_1_1025_3075_1537_3587;3932;-1;[438, 0, 512, 98];;2679.0;0.0;0.0;1.0;0.0;0.0
GUSA7Z_1_1230_3075_1742_3587;3933;-1;[190, 344, 204, 357];;132.0;0.0;0.0;1.0;0.0;0.0
GUSA7Z_1_1230_3075_1742_3587;3934;-1;[114, 8, 143, 22];;141.5;0.0;0.0;1.0;0.0;0.0
GUSA7Z_1_1230_3075_1742_3587;3935;-1;[131, 345, 142, 358];;70.5;0.0;0.0;1.0;0.0;0.0
GUSA7Z_1_1230_3075_1742_3587;3936;949;[89, 205, 113, 220];[92, 206, 113, 223];195.5;230.0;0.6958041787147522;1.0;0.03875732421875;0.6950354609929078
GUSA7Z_1_1230_3075_1742_3587;3937;950;[112, 456, 129, 476];[114, 458, 129, 477];161.0;209.0;0.6259542107582092;1.0;0.0211181640625;0.7605633802816901
GUSA7Z_1_1230_3075_1742_3587;3938;-1;[490, 125, 506, 138];;108.0;0.0;0.0;1.0;0.0;0.0
GUSA7Z_1_1230_3075_1742_3587;3939;-1;[338, 387, 350, 400];;76.0;0.0;0.0;1.0;0.0;0.0
GUSA7Z_1_1230_3075_1742_3587;3940;-1;[346, 484, 361, 496];;86.0;0.0;0.0;1.0;0.0;0.0
GUSA7Z_1_1230_3075_1742_3587;3941;945;[289, 361, 311, 386];[288, 358, 313, 387];275.0;437.0;0.6542443037033081;1.0;0.38671875;0.7586206896551724
GUSA7Z_1_1230_3075_1742_3587;3942;947;[6, 307, 19, 329];[2, 308, 21, 331];125.5;277.0;0.4839743673801422;1.0;0.2568359375;0.6066666666666667
GUSA7Z_1_1230_3075_1742_3587;3943;948;[54, 157, 74, 179];[54, 160, 75, 179];223.0;263.0;0.7085889577865601;1.0;0.10931396484375;0.8278867102396514
GUSA7Z_1_1230_3075_1742_3587;3944;944;[82, 150, 123, 188];[84, 150, 121, 189];568.0;793.0;0.7175398468971252;1.0;0.56005859375;0.8815047021943574
GUSA7Z_1_1230_3075_1742_3587;3945;946;[182, 70, 195, 86];[182, 70, 197, 91];161.5;208.0;0.5398550629615784;1.0;0.362060546875;0.6603174603174603
GUSA7Z_1_1230_3075_1742_3587;3946;-1;[506, 40, 512, 48];;37.0;0.0;0.0;1.0;0.0;0.0
GUSA7Z_1_1230_3075_1742_3587;3947;943;[233, 0, 353, 98];[236, 0, 353, 97];4784.5;4875.0;0.9152219295501709;1.0;0.91064453125;0.9650510204081633
GUSA7Z_1_1230_3075_1742_3587;-1;951;;[30, 38, 53, 53];0.0;245.0;0.0;;0.00547027587890625;0.0
GUSA7Z_1_1435_3075_1947_3587;3948;-1;[285, 125, 301, 138];;108.0;0.0;0.0;1.0;0.0;0.0
GUSA7Z_1_1435_3075_1947_3587;3949;-1;[436, 90, 451, 111];;114.5;0.0;0.0;1.0;0.0;0.0
GUSA7Z_1_1435_3075_1947_3587;3950;-1;[133, 387, 145, 400];;76.0;0.0;0.0;1.0;0.0;0.0
GUSA7Z_1_1435_3075_1947_3587;3951;-1;[141, 484, 156, 496];;86.0;0.0;0.0;1.0;0.0;0.0
GUSA7Z_1_1435_3075_1947_3587;3952;1076;[422, 488, 445, 509];[422, 488, 445, 511];277.5;362.0;0.7580246925354004;1.0;0.330322265625;0.9130434782608695
GUSA7Z_1_1435_3075_1947_3587;3953;1075;[84, 361, 106, 386];[84, 358, 107, 387];275.0;406.0;0.695364236831665;1.0;0.381103515625;0.8245877061469266
GUSA7Z_1_1435_3075_1947_3587;3954;1077;[472, 278, 496, 296];[472, 276, 499, 295];200.0;346.0;0.6083551049232483;1.0;0.046905517578125;0.7597765363128491
GUSA7Z_1_1435_3075_1947_3587;3955;1074;[389, 208, 407, 233];[390, 208, 407, 235];170.5;308.0;0.5885714292526245;1.0;0.53515625;0.878099173553719
GUSA7Z_1_1435_3075_1947_3587;3956;1078;[301, 38, 314, 48];[300, 36, 317, 53];75.5;173.0;0.48241207003593445;1.0;0.005512237548828125;0.44982698961937717
GUSA7Z_1_1435_3075_1947_3587;3957;1073;[28, 0, 148, 98];[30, 2, 147, 97];4784.5;4741.0;0.8983731865882874;1.0;0.916015625;0.9451530612244898
GUSA7Z_1_1640_3075_2152_3587;3958;-1;[357, 174, 374, 184];;104.0;0.0;0.0;1.0;0.0;0.0
GUSA7Z_1_1640_3075_2152_3587;3959;-1;[348, 436, 373, 457];;308.5;0.0;0.0;1.0;0.0;0.0
GUSA7Z_1_1640_3075_2152_3587;3960;-1;[454, 273, 512, 293];;775.0;0.0;0.0;1.0;0.0;0.0
GUSA7Z_1_1640_3075_2152_3587;3961;-1;[348, 437, 372, 456];;297.0;0.0;0.0;1.0;0.0;0.0
GUSA7Z_1_1640_3075_2152_3587;3962;-1;[357, 173, 374, 184];;116.5;0.0;0.0;1.0;0.0;0.0
GUSA7Z_1_1640_3075_2152_3587;3963;-1;[80, 125, 96, 138];;108.0;0.0;0.0;1.0;0.0;0.0
GUSA7Z_1_1640_3075_2152_3587;3964;-1;[231, 90, 246, 111];;114.5;0.0;0.0;1.0;0.0;0.0
GUSA7Z_1_1640_3075_2152_3587;3965;1192;[217, 488, 240, 509];[216, 488, 241, 511];277.5;381.0;0.7488038539886475;1.0;0.474609375;0.84
GUSA7Z_1_1640_3075_2152_3587;3966;1193;[267, 278, 291, 296];[266, 276, 295, 295];200.0;368.0;0.5770171284675598;1.0;0.0115966796875;0.7095652173913043
GUSA7Z_1_1640_3075_2152_3587;3967;1191;[184, 208, 202, 233];[184, 208, 203, 235];170.5;351.0;0.5386598110198975;1.0;0.55078125;0.8771929824561403
GUSA7Z_1_1640_3075_2152_3587;3968;-1;[96, 38, 109, 48];;75.5;0.0;0.0;1.0;0.0;0.0
GUSA7Z_1_1640_3075_2152_3587;3969;1190;[360, 3, 456, 76];[364, 4, 455, 77];2617.0;2927.0;0.8418923020362854;1.0;0.91552734375;0.9229468939287223
GUSA7Z_1_1845_3075_2357_3587;3970;-1;[152, 174, 169, 184];;104.0;0.0;0.0;1.0;0.0;0.0
GUSA7Z_1_1845_3075_2357_3587;3971;-1;[355, 388, 368, 405];;152.5;0.0;0.0;1.0;0.0;0.0
GUSA7Z_1_1845_3075_2357_3587;3972;-1;[143, 436, 168, 457];;308.5;0.0;0.0;1.0;0.0;0.0
GUSA7Z_1_1845_3075_2357_3587;3973;1308;[458, 323, 512, 427];[458, 324, 511, 427];2871.5;2856.0;0.8909490704536438;1.0;0.79833984375;0.9720441595441596
GUSA7Z_1_1845_3075_2357_3587;3974;1306;[249, 169, 419, 333];[254, 172, 421, 335];9846.5;10796.0;0.8963213562965393;1.0;0.97607421875;0.9309293523969723
GUSA7Z_1_1845_3075_2357_3587;3975;1309;[329, 61, 369, 95];[332, 66, 371, 97];662.5;847.0;0.7264050841331482;1.0;0.77587890625;0.7172459893048129
GUSA7Z_1_1845_3075_2357_3587;3976;-1;[143, 437, 167, 456];;297.0;0.0;0.0;1.0;0.0;0.0
GUSA7Z_1_1845_3075_2357_3587;3977;-1;[152, 173, 169, 184];;116.5;0.0;0.0;1.0;0.0;0.0
GUSA7Z_1_1845_3075_2357_3587;3978;-1;[26, 90, 41, 111];;114.5;0.0;0.0;1.0;0.0;0.0
GUSA7Z_1_1845_3075_2357_3587;3979;1310;[12, 488, 35, 509];[12, 490, 35, 511];277.5;336.0;0.6780487895011902;1.0;0.43408203125;0.8260869565217391
GUSA7Z_1_1845_3075_2357_3587;3980;-1;[62, 278, 86, 296];;200.0;0.0;0.0;1.0;0.0;0.0
GUSA7Z_1_1845_3075_2357_3587;3981;1307;[155, 3, 251, 76];[158, 4, 251, 77];2617.0;2987.0;0.840530514717102;1.0;0.90966796875;0.9429657794676806
GUSA7Z_1_2050_3075_2562_3587;3982;-1;[150, 388, 163, 405];;152.5;0.0;0.0;1.0;0.0;0.0
GUSA7Z_1_2050_3075_2562_3587;3983;-1;[478, 362, 512, 461];;2481.5;0.0;0.0;1.0;0.0;0.0
GUSA7Z_1_2050_3075_2562_3587;3984;1429;[253, 285, 371, 427];[252, 290, 371, 429];5111.0;6089.0;0.8436961770057678;1.0;0.9501953125;0.9436693713151596
GUSA7Z_1_2050_3075_2562_3587;3985;1428;[44, 169, 214, 333];[48, 172, 217, 335];9846.5;10899.0;0.8899195790290833;1.0;0.97412109375;0.9311870666527299
GUSA7Z_1_2050_3075_2562_3587;3986;1432;[404, 165, 412, 183];[394, 164, 417, 187];73.5;340.0;0.2655826508998871;1.0;0.11920166015625;0.2722117202268431
GUSA7Z_1_2050_3075_2562_3587;3987;1430;[124, 61, 164, 95];[126, 66, 167, 99];662.5;883.0;0.7101747393608093;1.0;0.7880859375;0.6840471756672873
GUSA7Z_1_2050_3075_2562_3587;3988;1431;[316, 0, 473, 103];[318, 2, 475, 103];8820.0;8740.0;0.9234541654586792;1.0;0.5068359375;0.9561473157026812
GUSA7Z_1_2050_3075_2562_3587;3989;1433;[0, 4, 46, 76];[0, 4, 47, 77];1331.0;1593.0;0.779765248298645;1.0;0.032470703125;0.9653162343340134
GUSA7Z_1_2255_3075_2767_3587;3990;-1;[481, 135, 497, 149];;95.5;0.0;0.0;1.0;0.0;0.0
GUSA7Z_1_2255_3075_2767_3587;3991;-1;[337, 19, 358, 29];;109.5;0.0;0.0;1.0;0.0;0.0
GUSA7Z_1_2255_3075_2767_3587;3992;1599;[470, 397, 494, 429];[472, 396, 495, 433];455.5;609.0;0.7090103626251221;1.0;0.50390625;0.7693989071038252
GUSA7Z_1_2255_3075_2767_3587;3993;1597;[273, 362, 344, 461];[274, 364, 343, 461];3243.5;3435.0;0.9074781537055969;1.0;0.89892578125;0.952198036705079
GUSA7Z_1_2255_3075_2767_3587;3994;1596;[48, 285, 166, 427];[48, 290, 165, 427];5111.0;5962.0;0.8494042754173279;1.0;0.95263671875;0.9566125566961089
GUSA7Z_1_2255_3075_2767_3587;3995;1598;[451, 221, 512, 279];[452, 220, 511, 277];1331.0;1963.0;0.67313152551651;1.0;0.8974609375;0.918543230469836
GUSA7Z_1_2255_3075_2767_3587;3996;1601;[199, 165, 207, 183];[188, 164, 211, 187];73.5;334.0;0.2663043439388275;1.0;0.08758544921875;0.2722117202268431
GUSA7Z_1_2255_3075_2767_3587;3997;1600;[111, 0, 268, 103];[112, 2, 271, 103];8820.0;8756.0;0.9180310368537903;1.0;0.161376953125;0.9564161709360204
GUSA7Z_1_2460_3075_2972_3587;3998;-1;[276, 135, 292, 149];;95.5;0.0;0.0;1.0;0.0;0.0
GUSA7Z_1_2460_3075_2972_3587;3999;-1;[132, 19, 153, 29];;109.5;0.0;0.0;1.0;0.0;0.0
GUSA7Z_1_2460_3075_2972_3587;4000;1737;[265, 397, 289, 429];[266, 396, 291, 431];455.5;605.0;0.7352496385574341;1.0;0.56201171875;0.8114663726571113
GUSA7Z_1_2460_3075_2972_3587;4001;1735;[68, 362, 139, 461];[70, 364, 137, 461];3243.5;3310.0;0.8979535102844238;1.0;0.91259765625;0.9245980936121782
GUSA7Z_1_2460_3075_2972_3587;4002;1734;[246, 221, 318, 279];[246, 220, 321, 277];1458.0;2253.0;0.6652719378471375;1.0;0.916015625;0.9124236252545825
GUSA7Z_1_2460_3075_2972_3587;4003;1736;[353, 0, 420, 44];[352, 0, 421, 47];1309.5;2263.0;0.6096121668815613;1.0;0.9091796875;0.9090348442799877
GUSA7Z_1_2460_3075_2972_3587;4004;-1;[0, 0, 63, 69];;3629.5;0.0;0.0;1.0;0.0;0.0
GUSA7Z_1_2665_3075_3177_3587;4005;-1;[71, 135, 87, 149];;95.5;0.0;0.0;1.0;0.0;0.0
GUSA7Z_1_2665_3075_3177_3587;4006;1866;[60, 397, 84, 429];[62, 396, 85, 431];455.5;609.0;0.7100591659545898;1.0;0.5888671875;0.810126582278481
GUSA7Z_1_2665_3075_3177_3587;4007;1865;[328, 335, 354, 367];[328, 334, 357, 371];298.5;701.0;0.45981553196907043;1.0;0.740234375;0.7753960857409133
GUSA7Z_1_2665_3075_3177_3587;4008;1862;[41, 221, 113, 279];[42, 220, 115, 275];1458.0;2161.0;0.6831382513046265;1.0;0.916015625;0.8799632774845076
GUSA7Z_1_2665_3075_3177_3587;4009;1864;[436, 46, 471, 77];[434, 44, 475, 81];589.5;968.0;0.6232876777648926;1.0;0.8154296875;0.7152274225444957
GUSA7Z_1_2665_3075_3177_3587;4010;1863;[148, 0, 215, 44];[148, 0, 217, 47];1309.5;2232.0;0.61742103099823;1.0;0.89306640625;0.9090348442799877
GUSA7Z_1_2870_3075_3382_3587;4011;1961;[324, 451, 340, 476];[324, 450, 343, 481];285.0;439.0;0.668058454990387;1.0;0.70556640625;0.6791171477079796
GUSA7Z_1_2870_3075_3382_3587;4012;1962;[123, 335, 149, 367];[124, 334, 153, 371];298.5;701.0;0.4571805000305176;1.0;0.62255859375;0.7239819004524887
GUSA7Z_1_2870_3075_3382_3587;4013;1959;[423, 221, 512, 302];[424, 222, 511, 303];2246.0;2750.0;0.7982485890388489;1.0;0.935546875;0.9539473684210527
GUSA7Z_1_2870_3075_3382_3587;4014;1960;[231, 46, 266, 77];[228, 44, 271, 81];589.5;942.0;0.6382765769958496;1.0;0.8056640625;0.6819610307982401
GUSA7Z_1_3075_3075_3587_3587;4015;2063;[361, 493, 382, 509];[366, 492, 383, 509];191.5;197.0;0.602150559425354;1.0;0.01507568359375;0.6937669376693767
GUSA7Z_1_3075_3075_3587_3587;4016;2062;[334, 337, 361, 352];[336, 338, 361, 355];189.5;276.0;0.6132930517196655;1.0;0.09771728515625;0.7291666666666666
GUSA7Z_1_3075_3075_3587_3587;4017;2061;[385, 5, 424, 24];[386, 4, 423, 27];434.5;605.0;0.7192192077636719;1.0;0.139404296875;0.7907761529808774
GUSA7Z_1_3075_3075_3587_3587;4018;2059;[119, 451, 135, 476];[118, 450, 139, 481];285.0;450.0;0.6570841670036316;1.0;0.6279296875;0.6144393241167435
GUSA7Z_1_3075_3075_3587_3587;4019;2060;[410, 418, 429, 435];[408, 416, 431, 437];185.0;347.0;0.5669291615486145;1.0;0.466796875;0.6687370600414079
GUSA7Z_1_3075_3075_3587_3587;4020;2057;[218, 221, 314, 302];[220, 222, 315, 303];2340.0;3027.0;0.7619920372962952;1.0;0.92138671875;0.9457929820148409
GUSA7Z_1_3075_3075_3587_3587;4021;2058;[26, 46, 61, 77];[24, 44, 65, 79];589.5;922.0;0.6493374109268188;1.0;0.822265625;0.7560975609756098
GUSA7Z_1_3075_3075_3587_3587;4022;2064;[497, 9, 512, 37];[496, 16, 511, 37];267.5;234.0;0.6492753624916077;1.0;0.010528564453125;0.6666666666666666
GUSA7Z_1_3280_3075_3792_3587;4023;-1;[483, 432, 494, 448];;93.5;0.0;0.0;1.0;0.0;0.0
GUSA7Z_1_3280_3075_3792_3587;4024;2159;[156, 493, 177, 509];[160, 492, 177, 509];191.5;224.0;0.6608391404151917;1.0;0.0141754150390625;0.7705382436260623
GUSA7Z_1_3280_3075_3792_3587;4025;2157;[129, 337, 156, 352];[132, 338, 155, 355];189.5;260.0;0.6182965040206909;1.0;0.1199951171875;0.679324894514768
GUSA7Z_1_3280_3075_3792_3587;4026;-1;[420, 78, 436, 94];;165.5;0.0;0.0;1.0;0.0;0.0
GUSA7Z_1_3280_3075_3792_3587;4027;2158;[180, 5, 219, 24];[180, 6, 219, 27];434.5;570.0;0.761904776096344;1.0;0.09332275390625;0.8181818181818182
GUSA7Z_1_3280_3075_3792_3587;4028;2155;[205, 418, 224, 435];[204, 416, 227, 437];185.0;345.0;0.5714285969734192;1.0;0.556640625;0.6687370600414079
GUSA7Z_1_3280_3075_3792_3587;4029;-1;[473, 282, 512, 302];;511.5;0.0;0.0;1.0;0.0;0.0
GUSA7Z_1_3280_3075_3792_3587;4030;2153;[13, 221, 109, 302];[14, 222, 111, 303];2340.0;2953.0;0.7708333134651184;1.0;0.94970703125;0.9460973484376946
GUSA7Z_1_3280_3075_3792_3587;4031;2156;[392, 147, 407, 166];[392, 146, 409, 171];131.0;289.0;0.4906832277774811;1.0;0.1251220703125;0.6705882352941176
GUSA7Z_1_3280_3075_3792_3587;4032;2154;[292, 0, 333, 37];[290, 0, 333, 39];765.5;1044.0;0.7605118751525879;1.0;0.845703125;0.9045915324985092
GUSA7Z_1_3485_3075_3997_3587;4033;-1;[278, 432, 289, 448];;93.5;0.0;0.0;1.0;0.0;0.0
GUSA7Z_1_3485_3075_3997_3587;4034;-1;[346, 111, 364, 118];;76.5;0.0;0.0;1.0;0.0;0.0
GUSA7Z_1_3485_3075_3997_3587;4035;2227;[215, 78, 231, 94];[216, 78, 235, 95];165.5;212.0;0.6865079402923584;1.0;0.00634002685546875;0.7079646017699115
GUSA7Z_1_3485_3075_3997_3587;4036;-1;[0, 8, 14, 19];;130.0;0.0;0.0;1.0;0.0;0.0
GUSA7Z_1_3485_3075_3997_3587;4037;2224;[391, 450, 428, 479];[390, 448, 429, 483];440.0;799.0;0.5827505588531494;1.0;0.81884765625;0.7860805860805861
GUSA7Z_1_3485_3075_3997_3587;4038;2225;[0, 418, 19, 435];[0, 418, 21, 435];185.0;267.0;0.6797385811805725;1.0;0.27978515625;0.9047619047619048
GUSA7Z_1_3485_3075_3997_3587;4039;2222;[268, 241, 363, 309];[270, 244, 363, 309];2412.5;2828.0;0.7755681872367859;1.0;0.8671875;0.9357585139318886
GUSA7Z_1_3485_3075_3997_3587;4040;2226;[187, 147, 202, 166];[186, 146, 205, 171];131.0;295.0;0.48615384101867676;1.0;0.09637451171875;0.6
GUSA7Z_1_3485_3075_3997_3587;4041;2223;[87, 0, 128, 37];[86, 0, 129, 39];765.5;1058.0;0.7482014298439026;1.0;0.8310546875;0.9045915324985092
GUSA7Z_1_3690_3075_4202_3587;4042;-1;[73, 432, 84, 448];;93.5;0.0;0.0;1.0;0.0;0.0
GUSA7Z_1_3690_3075_4202_3587;4043;-1;[353, 118, 368, 138];;143.5;0.0;0.0;1.0;0.0;0.0
GUSA7Z_1_3690_3075_4202_3587;4044;-1;[141, 111, 159, 118];;76.5;0.0;0.0;1.0;0.0;0.0
GUSA7Z_1_3690_3075_4202_3587;4045;2262;[10, 78, 26, 94];[12, 78, 29, 95];165.5;208.0;0.658823549747467;1.0;0.0165863037109375;0.6978193146417445
GUSA7Z_1_3690_3075_4202_3587;4046;2259;[341, 462, 385, 503];[342, 460, 385, 505];761.5;1102.0;0.7040205597877502;1.0;0.81396484375;0.8922064777327935
GUSA7Z_1_3690_3075_4202_3587;4047;2260;[186, 450, 223, 479];[186, 448, 225, 483];440.0;803.0;0.5793742537498474;1.0;0.810546875;0.7860805860805861
GUSA7Z_1_3690_3075_4202_3587;4048;2261;[356, 365, 390, 388];[354, 366, 393, 393];346.5;681.0;0.5213333368301392;1.0;0.79296875;0.6881324747010119
GUSA7Z_1_3690_3075_4202_3587;4049;2258;[63, 241, 158, 309];[64, 244, 159, 309];2412.5;3072.0;0.7551693320274353;1.0;0.8857421875;0.9363984674329502
GUSA7Z_1_3895_3075_4407_3587;4050;-1;[306, 261, 317, 267];;44.5;0.0;0.0;1.0;0.0;0.0
GUSA7Z_1_3895_3075_4407_3587;4051;-1;[148, 118, 163, 138];;143.5;0.0;0.0;1.0;0.0;0.0
GUSA7Z_1_3895_3075_4407_3587;4052;2290;[136, 462, 180, 503];[136, 460, 181, 505];761.5;1096.0;0.7123169898986816;1.0;0.80322265625;0.8908641975308642
GUSA7Z_1_3895_3075_4407_3587;4053;-1;[0, 466, 18, 475];;62.0;0.0;0.0;1.0;0.0;0.0
GUSA7Z_1_3895_3075_4407_3587;4054;2291;[151, 365, 185, 388];[150, 366, 189, 393];346.5;665.0;0.5271739363670349;1.0;0.7958984375;0.6881324747010119
GUSA7Z_1_3895_3075_4407_3587;-1;2292;;[332, 158, 349, 177];0.0;257.0;0.0;;0.017303466796875;0.0
GUSA7Z_1_4017_3075_4529_3587;4055;-1;[184, 261, 195, 267];;44.5;0.0;0.0;1.0;0.0;0.0
GUSA7Z_1_4017_3075_4529_3587;4056;-1;[26, 118, 41, 138];;143.5;0.0;0.0;1.0;0.0;0.0
GUSA7Z_1_4017_3075_4529_3587;4057;2307;[14, 462, 58, 503];[16, 462, 59, 505];761.5;1008.0;0.7483870983123779;1.0;0.82666015625;0.891765924391507
GUSA7Z_1_4017_3075_4529_3587;4058;2308;[29, 365, 63, 388];[30, 366, 65, 391];346.5;617.0;0.5432276725769043;1.0;0.82080078125;0.7798066595059077
GUSA7Z_1_4017_3075_4529_3587;-1;2309;;[210, 158, 227, 179];0.0;245.0;0.0;;0.01242828369140625;0.0
GUSA7Z_1_0_3280_512_3792;4059;749;[362, 293, 407, 308];[362, 290, 409, 309];561.0;793.0;0.7228773832321167;1.0;0.0634765625;0.7558790593505039
GUSA7Z_1_0_3280_512_3792;4060;-1;[200, 492, 216, 505];;116.0;0.0;0.0;1.0;0.0;0.0
GUSA7Z_1_0_3280_512_3792;4061;-1;[264, 3, 280, 10];;68.5;0.0;0.0;1.0;0.0;0.0
GUSA7Z_1_0_3280_512_3792;4062;748;[466, 332, 502, 376];[466, 332, 505, 377];645.5;1067.0;0.611255407333374;1.0;0.81396484375;0.9025641025641026
GUSA7Z_1_205_3280_717_3792;4063;-1;[408, 66, 422, 74];;67.0;0.0;0.0;1.0;0.0;0.0
GUSA7Z_1_205_3280_717_3792;4064;1511;[157, 293, 202, 308];[158, 292, 205, 309];561.0;692.0;0.8026490211486816;1.0;0.056640625;0.8108108108108109
GUSA7Z_1_205_3280_717_3792;4065;-1;[0, 492, 11, 505];;81.0;0.0;0.0;1.0;0.0;0.0
GUSA7Z_1_205_3280_717_3792;4066;-1;[59, 3, 75, 10];;68.5;0.0;0.0;1.0;0.0;0.0
GUSA7Z_1_205_3280_717_3792;4067;1509;[343, 435, 371, 471];[344, 436, 373, 477];428.0;723.0;0.5969387888908386;1.0;0.544921875;0.7547923322683706
GUSA7Z_1_205_3280_717_3792;4068;1507;[261, 332, 297, 376];[262, 332, 301, 377];645.5;1085.0;0.601883590221405;1.0;0.81884765625;0.8560311284046692
GUSA7Z_1_205_3280_717_3792;4069;1510;[443, 199, 465, 219];[442, 200, 467, 219];221.0;317.0;0.6495956778526306;1.0;0.1842041015625;0.8410462776659959
GUSA7Z_1_205_3280_717_3792;4070;1508;[379, 50, 402, 93];[378, 50, 405, 93];715.0;926.0;0.7802419066429138;1.0;0.7431640625;0.8518518518518519
GUSA7Z_1_410_3280_922_3792;4071;-1;[203, 66, 217, 74];;67.0;0.0;0.0;1.0;0.0;0.0
GUSA7Z_1_410_3280_922_3792;4072;-1;[324, 390, 337, 398];;62.5;0.0;0.0;1.0;0.0;0.0
GUSA7Z_1_410_3280_922_3792;4073;2361;[138, 435, 166, 471];[138, 436, 169, 477];428.0;708.0;0.6161879897117615;1.0;0.39599609375;0.7544264819091608
GUSA7Z_1_410_3280_922_3792;4074;2357;[56, 332, 92, 376];[58, 332, 95, 377];645.5;1053.0;0.6031331419944763;1.0;0.85205078125;0.8533941814033086
GUSA7Z_1_410_3280_922_3792;4075;2359;[489, 311, 512, 341];[490, 312, 511, 343];417.5;456.0;0.7491039633750916;1.0;0.662109375;0.8319672131147541
GUSA7Z_1_410_3280_922_3792;4076;2356;[384, 220, 438, 272];[386, 222, 435, 273];1446.0;1399.0;0.8025134801864624;1.0;0.90576171875;0.8575428771438572
GUSA7Z_1_410_3280_922_3792;4077;2362;[238, 199, 260, 219];[238, 200, 263, 219];221.0;312.0;0.656593382358551;1.0;0.153076171875;0.8410462776659959
GUSA7Z_1_410_3280_922_3792;4078;2360;[437, 77, 460, 97];[438, 80, 461, 99];215.5;279.0;0.6795251965522766;1.0;0.451416015625;0.7151051625239006
GUSA7Z_1_410_3280_922_3792;4079;2358;[174, 50, 197, 93];[174, 50, 199, 93];715.0;840.0;0.7861701846122742;1.0;0.72021484375;0.92
GUSA7Z_1_615_3280_1127_3792;4080;2456;[306, 127, 321, 147];[308, 128, 323, 147];180.0;211.0;0.7254902124404907;1.0;0.06561279296875;0.7307692307692307
GUSA7Z_1_615_3280_1127_3792;4081;-1;[460, 275, 469, 288];;84.5;0.0;0.0;1.0;0.0;0.0
GUSA7Z_1_615_3280_1127_3792;4082;-1;[391, 477, 409, 486];;103.0;0.0;0.0;1.0;0.0;0.0
GUSA7Z_1_615_3280_1127_3792;4083;-1;[0, 66, 12, 74];;62.5;0.0;0.0;1.0;0.0;0.0
GUSA7Z_1_615_3280_1127_3792;4084;2458;[459, 86, 477, 105];[458, 90, 477, 107];145.5;218.0;0.5916030406951904;1.0;0.005405426025390625;0.6835443037974683
GUSA7Z_1_615_3280_1127_3792;4085;-1;[119, 390, 132, 398];;62.5;0.0;0.0;1.0;0.0;0.0
GUSA7Z_1_615_3280_1127_3792;4086;2454;[437, 343, 486, 380];[440, 342, 483, 379];514.5;688.0;0.6914357542991638;1.0;0.264404296875;0.834051724137931
GUSA7Z_1_615_3280_1127_3792;4087;2452;[284, 311, 344, 341];[286, 314, 313, 343];785.5;552.0;0.5174897313117981;1.0;0.51171875;0.3932038834951456
GUSA7Z_1_615_3280_1127_3792;4088;2450;[179, 220, 233, 272];[182, 222, 231, 273];1446.0;1476.0;0.8280141949653625;1.0;0.91259765625;0.8575428771438572
GUSA7Z_1_615_3280_1127_3792;4089;2455;[33, 199, 55, 219];[32, 200, 57, 219];221.0;318.0;0.6559139490127563;1.0;0.1451416015625;0.8410462776659959
GUSA7Z_1_615_3280_1127_3792;4090;2451;[398, 167, 443, 210];[400, 166, 445, 209];729.5;1135.0;0.6470588445663452;1.0;0.76611328125;0.875
GUSA7Z_1_615_3280_1127_3792;4091;2453;[232, 77, 255, 97];[232, 78, 257, 99];215.5;338.0;0.6515957713127136;1.0;0.5;0.7974452554744526
GUSA7Z_1_615_3280_1127_3792;-1;2457;;[310, 318, 343, 335];0.0;305.0;0.0;;0.020172119140625;0.0
GUSA7Z_1_820_3280_1332_3792;4092;2561;[101, 127, 116, 147];[102, 128, 119, 149];180.0;226.0;0.7228464484214783;1.0;0.04620361328125;0.680306905370844
GUSA7Z_1_820_3280_1332_3792;4093;-1;[255, 275, 264, 288];;84.5;0.0;0.0;1.0;0.0;0.0
GUSA7Z_1_820_3280_1332_3792;4094;-1;[186, 477, 204, 486];;103.0;0.0;0.0;1.0;0.0;0.0
GUSA7Z_1_820_3280_1332_3792;4095;2566;[378, 110, 395, 129];[378, 112, 395, 129];145.5;209.0;0.6814516186714172;1.0;0.0063629150390625;0.8947368421052632
GUSA7Z_1_820_3280_1332_3792;4096;-1;[499, 0, 512, 15];;123.0;0.0;0.0;1.0;0.0;0.0
GUSA7Z_1_820_3280_1332_3792;4097;2564;[254, 86, 272, 105];[254, 90, 271, 107];145.5;201.0;0.6097561120986938;1.0;0.0165863037109375;0.6781914893617021
GUSA7Z_1_820_3280_1332_3792;4098;2562;[470, 458, 495, 479];[470, 460, 495, 481];210.0;286.0;0.6446991562843323;1.0;0.03594970703125;0.8260869565217391
GUSA7Z_1_820_3280_1332_3792;4099;2555;[334, 404, 352, 429];[336, 406, 353, 429];201.5;289.0;0.5870786309242249;1.0;0.7041015625;0.7780126849894292
GUSA7Z_1_820_3280_1332_3792;4100;2557;[232, 343, 281, 380];[236, 340, 277, 379];514.5;723.0;0.6626505851745605;1.0;0.57177734375;0.762396694214876
GUSA7Z_1_820_3280_1332_3792;4101;2560;[448, 313, 480, 332];[448, 314, 481, 331];391.0;421.0;0.8092369437217712;1.0;0.544921875;0.8704
GUSA7Z_1_820_3280_1332_3792;4102;2556;[79, 311, 139, 341];[80, 312, 107, 343];785.5;593.0;0.5251508951187134;1.0;0.6875;0.4223300970873786
GUSA7Z_1_820_3280_1332_3792;4103;2565;[0, 220, 28, 260];[0, 220, 27, 261];824.0;883.0;0.8380281925201416;1.0;0.00891876220703125;0.941586748038361
GUSA7Z_1_820_3280_1332_3792;4104;2554;[193, 167, 238, 210];[194, 166, 241, 209];729.5;1159.0;0.6448220014572144;1.0;0.810546875;0.8766603415559773
GUSA7Z_1_820_3280_1332_3792;4105;2558;[416, 102, 429, 124];[414, 102, 431, 127];125.5;277.0;0.5;1.0;0.55078125;0.6729411764705883
GUSA7Z_1_820_3280_1332_3792;4106;2559;[27, 77, 50, 97];[28, 78, 51, 99];215.5;313.0;0.673184335231781;1.0;0.548828125;0.7961904761904762
GUSA7Z_1_820_3280_1332_3792;-1;2563;;[104, 318, 139, 335];0.0;329.0;0.0;;0.03582763671875;0.0
GUSA7Z_1_1025_3280_1537_3792;4107;-1;[336, 359, 345, 375];;83.0;0.0;0.0;1.0;0.0;0.0
GUSA7Z_1_1025_3280_1537_3792;4108;-1;[395, 139, 409, 152];;132.0;0.0;0.0;1.0;0.0;0.0
GUSA7Z_1_1025_3280_1537_3792;4109;-1;[50, 275, 59, 288];;84.5;0.0;0.0;1.0;0.0;0.0
GUSA7Z_1_1025_3280_1537_3792;4110;-1;[173, 110, 190, 129];;145.5;0.0;0.0;1.0;0.0;0.0
GUSA7Z_1_1025_3280_1537_3792;4111;-1;[336, 140, 347, 153];;70.5;0.0;0.0;1.0;0.0;0.0
GUSA7Z_1_1025_3280_1537_3792;4112;835;[294, 0, 318, 15];[296, 2, 317, 17];195.5;233.0;0.7279151678085327;1.0;0.1259765625;0.6791044776119403
GUSA7Z_1_1025_3280_1537_3792;4113;839;[49, 86, 67, 105];[50, 90, 67, 107];145.5;203.0;0.6119999885559082;1.0;0.0083770751953125;0.6781914893617021
GUSA7Z_1_1025_3280_1537_3792;4114;838;[317, 251, 334, 271];[318, 254, 335, 273];161.0;217.0;0.6156716346740723;1.0;0.025665283203125;0.6956521739130435
GUSA7Z_1_1025_3280_1537_3792;4115;837;[408, 454, 421, 475];[408, 454, 425, 477];159.0;255.0;0.6391752362251282;1.0;0.0384521484375;0.6982097186700768
GUSA7Z_1_1025_3280_1537_3792;4116;836;[265, 458, 290, 479];[266, 460, 291, 481];210.0;277.0;0.6796407103538513;1.0;0.07135009765625;0.7676767676767676
GUSA7Z_1_1025_3280_1537_3792;4117;829;[446, 426, 478, 443];[446, 426, 479, 445];326.0;463.0;0.7123551964759827;1.0;0.75341796875;0.8676236044657097
GUSA7Z_1_1025_3280_1537_3792;4118;830;[129, 404, 147, 429];[132, 406, 149, 429];201.5;295.0;0.6293103694915771;1.0;0.716796875;0.6955645161290323
GUSA7Z_1_1025_3280_1537_3792;4119;833;[27, 343, 76, 380];[30, 342, 73, 379];514.5;667.0;0.7222946286201477;1.0;0.46484375;0.834051724137931
GUSA7Z_1_1025_3280_1537_3792;4120;831;[243, 313, 275, 332];[244, 314, 277, 331];391.0;408.0;0.797160267829895;1.0;0.609375;0.8208722741433022
GUSA7Z_1_1025_3280_1537_3792;4121;834;[0, 167, 33, 210];[0, 166, 35, 209];623.5;868.0;0.6959247589111328;1.0;0.251708984375;0.9011703511053316
GUSA7Z_1_1025_3280_1537_3792;4122;-1;[494, 156, 512, 181];;257.0;0.0;0.0;1.0;0.0;0.0
GUSA7Z_1_1025_3280_1537_3792;4123;832;[211, 102, 224, 124];[208, 102, 225, 127];125.5;280.0;0.49517685174942017;1.0;0.548828125;0.6729411764705883
GUSA7Z_1_1230_3280_1742_3792;4124;-1;[131, 359, 140, 375];;83.0;0.0;0.0;1.0;0.0;0.0
GUSA7Z_1_1230_3280_1742_3792;4125;-1;[190, 139, 204, 152];;132.0;0.0;0.0;1.0;0.0;0.0
GUSA7Z_1_1230_3280_1742_3792;4126;-1;[131, 140, 142, 153];;70.5;0.0;0.0;1.0;0.0;0.0
GUSA7Z_1_1230_3280_1742_3792;4127;957;[89, 0, 113, 15];[92, 2, 111, 17];195.5;209.0;0.7106227278709412;1.0;0.08038330078125;0.6206030150753769
GUSA7Z_1_1230_3280_1742_3792;4128;959;[112, 251, 129, 271];[114, 254, 129, 271];161.0;194.0;0.6166008114814758;1.0;0.03790283203125;0.75
GUSA7Z_1_1230_3280_1742_3792;4129;-1;[338, 182, 350, 195];;76.0;0.0;0.0;1.0;0.0;0.0
GUSA7Z_1_1230_3280_1742_3792;4130;-1;[346, 279, 361, 291];;86.0;0.0;0.0;1.0;0.0;0.0
GUSA7Z_1_1230_3280_1742_3792;4131;958;[203, 454, 216, 475];[204, 454, 219, 477];159.0;250.0;0.6630824208259583;1.0;0.044525146484375;0.6885245901639344
GUSA7Z_1_1230_3280_1742_3792;4132;960;[60, 458, 85, 479];[60, 458, 85, 481];210.0;319.0;0.6502732038497925;1.0;0.0252685546875;0.9130434782608695
GUSA7Z_1_1230_3280_1742_3792;4133;952;[349, 447, 394, 489];[350, 446, 395, 491];831.5;1382.0;0.6258412003517151;1.0;0.88720703125;0.8940493468795355
GUSA7Z_1_1230_3280_1742_3792;4134;953;[241, 426, 273, 443];[242, 426, 275, 445];326.0;452.0;0.7084148526191711;1.0;0.76611328125;0.8183229813664596
GUSA7Z_1_1230_3280_1742_3792;4135;954;[38, 313, 70, 332];[38, 314, 71, 331];391.0;421.0;0.8092369437217712;1.0;0.609375;0.8704
GUSA7Z_1_1230_3280_1742_3792;4136;956;[289, 156, 311, 181];[288, 150, 313, 181];275.0;447.0;0.6330645084381104;1.0;0.368408203125;0.7096774193548387
GUSA7Z_1_1230_3280_1742_3792;4137;955;[6, 102, 19, 124];[4, 102, 21, 127];125.5;263.0;0.5290102362632751;1.0;0.403564453125;0.6729411764705883
GUSA7Z_1_1230_3280_1742_3792;-1;961;;[86, 338, 101, 353];0.0;172.0;0.0;;0.01073455810546875;0.0
GUSA7Z_1_1435_3280_1947_3792;4138;-1;[133, 182, 145, 195];;76.0;0.0;0.0;1.0;0.0;0.0
GUSA7Z_1_1435_3280_1947_3792;4139;-1;[141, 279, 156, 291];;86.0;0.0;0.0;1.0;0.0;0.0
GUSA7Z_1_1435_3280_1947_3792;4140;-1;[0, 454, 11, 475];;153.5;0.0;0.0;1.0;0.0;0.0
GUSA7Z_1_1435_3280_1947_3792;4141;1080;[144, 447, 189, 489];[144, 446, 189, 491];831.5;1387.0;0.625251829624176;1.0;0.85791015625;0.9333333333333333
GUSA7Z_1_1435_3280_1947_3792;4142;1081;[36, 426, 68, 443];[36, 426, 69, 445];326.0;451.0;0.7394789457321167;1.0;0.76904296875;0.8676236044657097
GUSA7Z_1_1435_3280_1947_3792;4143;1079;[430, 373, 512, 495];[432, 376, 511, 495];5164.0;5289.0;0.9238434433937073;1.0;0.90966796875;0.9397241103558577
GUSA7Z_1_1435_3280_1947_3792;4144;1083;[422, 283, 445, 304];[422, 284, 445, 307];277.5;363.0;0.7180722951889038;1.0;0.529296875;0.8333333333333334
GUSA7Z_1_1435_3280_1947_3792;4145;1084;[84, 156, 106, 181];[84, 152, 107, 181];275.0;407.0;0.6991150379180908;1.0;0.32763671875;0.8245877061469266
GUSA7Z_1_1435_3280_1947_3792;4146;1085;[472, 73, 496, 91];[472, 72, 499, 89];200.0;337.0;0.6240000128746033;1.0;0.062103271484375;0.757396449704142
GUSA7Z_1_1435_3280_1947_3792;4147;1082;[389, 3, 407, 28];[390, 2, 409, 29];170.5;348.0;0.530927836894989;1.0;0.615234375;0.7899628252788105
GUSA7Z_1_1640_3280_2152_3792;4148;-1;[348, 231, 373, 252];;308.5;0.0;0.0;1.0;0.0;0.0
GUSA7Z_1_1640_3280_2152_3792;4149;-1;[447, 499, 483, 512];;322.5;0.0;0.0;1.0;0.0;0.0
GUSA7Z_1_1640_3280_2152_3792;4150;-1;[454, 68, 512, 88];;775.0;0.0;0.0;1.0;0.0;0.0
GUSA7Z_1_1640_3280_2152_3792;4151;-1;[348, 232, 372, 251];;297.0;0.0;0.0;1.0;0.0;0.0
GUSA7Z_1_1640_3280_2152_3792;4152;1194;[225, 373, 322, 495];[226, 376, 323, 495];5607.5;6001.0;0.9194426536560059;1.0;0.9521484375;0.955743328034803
GUSA7Z_1_1640_3280_2152_3792;4153;1196;[217, 283, 240, 304];[216, 284, 241, 307];277.5;382.0;0.7196261882781982;1.0;0.478515625;0.7692307692307693
GUSA7Z_1_1640_3280_2152_3792;4154;1197;[267, 73, 291, 91];[266, 72, 293, 91];200.0;329.0;0.64402174949646;1.0;0.0352783203125;0.8421052631578947
GUSA7Z_1_1640_3280_2152_3792;4155;1195;[184, 3, 202, 28];[184, 2, 203, 29];170.5;358.0;0.5264483690261841;1.0;0.66357421875;0.8771929824561403
GUSA7Z_1_1845_3280_2357_3792;4156;-1;[355, 183, 368, 200];;152.5;0.0;0.0;1.0;0.0;0.0
GUSA7Z_1_1845_3280_2357_3792;4157;-1;[143, 231, 168, 252];;308.5;0.0;0.0;1.0;0.0;0.0
GUSA7Z_1_1845_3280_2357_3792;4158;-1;[242, 499, 278, 512];;322.5;0.0;0.0;1.0;0.0;0.0
GUSA7Z_1_1845_3280_2357_3792;4159;1313;[390, 395, 512, 462];[394, 396, 511, 463];5458.5;5792.0;0.9087020754814148;1.0;0.9482421875;0.9313713665420336
GUSA7Z_1_1845_3280_2357_3792;4160;1314;[458, 118, 512, 222];[458, 120, 511, 223];2871.5;2924.0;0.9014348387718201;1.0;0.732421875;0.9536073381548774
GUSA7Z_1_1845_3280_2357_3792;4161;1311;[249, 0, 419, 128];[254, 0, 421, 129];8903.5;10073.0;0.8701720833778381;1.0;0.95654296875;0.9520804219447324
GUSA7Z_1_1845_3280_2357_3792;4162;-1;[143, 232, 167, 251];;297.0;0.0;0.0;1.0;0.0;0.0
GUSA7Z_1_1845_3280_2357_3792;4163;1312;[20, 373, 117, 495];[22, 376, 119, 495];5607.5;6008.0;0.922398567199707;1.0;0.9560546875;0.9364645460569914
GUSA7Z_1_1845_3280_2357_3792;4164;1315;[12, 283, 35, 304];[12, 284, 35, 307];277.5;356.0;0.7339901328086853;1.0;0.5546875;0.8333333333333334
GUSA7Z_1_1845_3280_2357_3792;4165;1316;[62, 73, 86, 91];[62, 72, 89, 91];200.0;326.0;0.651098906993866;1.0;0.007232666015625;0.8421052631578947
GUSA7Z_1_2050_3280_2562_3792;4166;-1;[150, 183, 163, 200];;152.5;0.0;0.0;1.0;0.0;0.0
GUSA7Z_1_2050_3280_2562_3792;4167;-1;[37, 499, 73, 512];;322.5;0.0;0.0;1.0;0.0;0.0
GUSA7Z_1_2050_3280_2562_3792;4168;1437;[477, 462, 502, 480];[478, 460, 505, 483];248.0;451.0;0.5784114003181458;1.0;0.332763671875;0.676056338028169
GUSA7Z_1_2050_3280_2562_3792;4169;1435;[185, 395, 307, 462];[188, 396, 307, 463];5458.0;5827.0;0.9109870195388794;1.0;0.94189453125;0.9470637887374894
GUSA7Z_1_2050_3280_2562_3792;4170;-1;[478, 157, 512, 256];;2481.5;0.0;0.0;1.0;0.0;0.0
GUSA7Z_1_2050_3280_2562_3792;4171;1434;[253, 80, 371, 222];[252, 84, 369, 223];5111.0;6021.0;0.8466151356697083;1.0;0.97314453125;0.9410381517841396
GUSA7Z_1_2050_3280_2562_3792;4172;1436;[44, 0, 214, 128];[48, 0, 217, 129];8903.5;10117.0;0.8659116625785828;1.0;0.9404296875;0.9522699771433694
GUSA7Z_1_2255_3280_2767_3792;4173;1608;[470, 192, 494, 224];[472, 192, 495, 227];455.5;605.0;0.7031019330024719;1.0;0.42626953125;0.810126582278481
GUSA7Z_1_2255_3280_2767_3792;4174;1607;[272, 462, 297, 480];[274, 460, 299, 483];248.0;427.0;0.6051502227783203;1.0;0.541015625;0.6775777414075287
GUSA7Z_1_2255_3280_2767_3792;4175;1603;[0, 395, 102, 462];[0, 396, 101, 463];5081.5;5239.0;0.9381499886512756;1.0;0.9267578125;0.961211247296323
GUSA7Z_1_2255_3280_2767_3792;4176;-1;[483, 386, 512, 411];;513.0;0.0;0.0;1.0;0.0;0.0
GUSA7Z_1_2255_3280_2767_3792;4177;1606;[318, 354, 365, 402];[324, 352, 369, 405];826.5;1349.0;0.6012396812438965;1.0;0.78515625;0.7362514029180696
GUSA7Z_1_2255_3280_2767_3792;4178;1605;[273, 157, 344, 256];[274, 158, 343, 253];3243.5;3481.0;0.8966261744499207;1.0;0.87646484375;0.9325650874946649
GUSA7Z_1_2255_3280_2767_3792;4179;1602;[48, 80, 166, 222];[48, 86, 165, 223];5111.0;5855.0;0.8538585305213928;1.0;0.96435546875;0.9430451016416761
GUSA7Z_1_2255_3280_2767_3792;4180;1604;[451, 16, 512, 74];[452, 16, 511, 71];1331.0;1886.0;0.6833171844482422;1.0;0.896484375;0.9171848501978519
GUSA7Z_1_2460_3280_2972_3792;4181;1743;[265, 192, 289, 224];[266, 192, 291, 227];455.5;602.0;0.7230538725852966;1.0;0.338134765625;0.8114663726571113
GUSA7Z_1_2460_3280_2972_3792;4182;1742;[67, 462, 92, 480];[70, 460, 95, 483];248.0;432.0;0.5782880783081055;1.0;0.418701171875;0.629570747217806
GUSA7Z_1_2460_3280_2972_3792;4183;1739;[278, 372, 342, 415];[278, 372, 345, 417];1359.0;1791.0;0.7825388312339783;1.0;0.9091796875;0.9127694859038142
GUSA7Z_1_2460_3280_2972_3792;4184;1741;[113, 354, 160, 402];[118, 354, 163, 405];826.5;1306.0;0.6308243870735168;1.0;0.7705078125;0.7952662721893491
GUSA7Z_1_2460_3280_2972_3792;4185;1740;[68, 157, 139, 256];[70, 158, 139, 253];3243.5;3371.0;0.9005221128463745;1.0;0.880859375;0.9325650874946649
GUSA7Z_1_2460_3280_2972_3792;4186;1738;[246, 16, 318, 74];[246, 16, 321, 71];1458.0;2208.0;0.6753191351890564;1.0;0.91552734375;0.912232204561161
GUSA7Z_1_2665_3280_3177_3792;4187;1871;[60, 192, 84, 224];[62, 192, 85, 227];455.5;611.0;0.7100591659545898;1.0;0.57568359375;0.810126582278481
GUSA7Z_1_2665_3280_3177_3792;4188;1870;[329, 377, 362, 412];[328, 378, 363, 413];392.0;647.0;0.6185133457183838;1.0;0.70263671875;0.8918918918918919
GUSA7Z_1_2665_3280_3177_3792;4189;1868;[73, 372, 137, 415];[74, 372, 141, 417];1359.0;1771.0;0.7864865064620972;1.0;0.91162109375;0.8858731196860693
GUSA7Z_1_2665_3280_3177_3792;4190;1869;[328, 130, 354, 162];[328, 130, 357, 167];298.5;703.0;0.46235138177871704;1.0;0.73095703125;0.7753960857409133
GUSA7Z_1_2665_3280_3177_3792;4191;1867;[41, 16, 113, 74];[42, 16, 115, 71];1458.0;2082.0;0.7008050084114075;1.0;0.92529296875;0.9111059262715819
GUSA7Z_1_2870_3280_3382_3792;4192;1966;[124, 377, 157, 412];[122, 378, 157, 413];392.0;675.0;0.6054421663284302;1.0;0.68408203125;0.8918918918918919
GUSA7Z_1_2870_3280_3382_3792;4193;-1;[466, 499, 495, 512];;277.0;0.0;0.0;1.0;0.0;0.0
GUSA7Z_1_2870_3280_3382_3792;4194;1964;[324, 246, 340, 271];[324, 244, 343, 275];285.0;444.0;0.6611570119857788;1.0;0.708984375;0.6791171477079796
GUSA7Z_1_2870_3280_3382_3792;4195;1965;[123, 130, 149, 162];[124, 130, 153, 167];298.5;674.0;0.46930423378944397;1.0;0.70068359375;0.7239819004524887
GUSA7Z_1_2870_3280_3382_3792;4196;1963;[423, 16, 512, 97];[424, 18, 511, 97];2246.0;2678.0;0.813360869884491;1.0;0.93212890625;0.953391593841032
GUSA7Z_1_3075_3280_3587_3792;4197;2069;[361, 288, 382, 304];[364, 288, 383, 305];191.5;241.0;0.6499999761581421;1.0;0.01467132568359375;0.7762803234501348
GUSA7Z_1_3075_3280_3587_3792;4198;2068;[334, 132, 361, 147];[338, 134, 361, 149];189.5;239.0;0.5903225541114807;1.0;0.0775146484375;0.6629711751662971
GUSA7Z_1_3075_3280_3587_3792;4199;-1;[261, 499, 290, 512];;277.0;0.0;0.0;1.0;0.0;0.0
GUSA7Z_1_3075_3280_3587_3792;4200;2066;[119, 246, 135, 271];[118, 244, 139, 275];285.0;473.0;0.626223087310791;1.0;0.64794921875;0.6144393241167435
GUSA7Z_1_3075_3280_3587_3792;4201;2067;[410, 213, 429, 230];[408, 212, 431, 233];185.0;343.0;0.5775400996208191;1.0;0.47265625;0.6687370600414079
GUSA7Z_1_3075_3280_3587_3792;4202;2065;[218, 16, 314, 97];[220, 18, 315, 97];2340.0;2859.0;0.7889527678489685;1.0;0.9345703125;0.9453851050286441
GUSA7Z_1_3280_3280_3792_3792;4203;2164;[445, 382, 471, 400];[444, 382, 471, 403];288.0;375.0;0.7027649879455566;1.0;0.009857177734375;0.8253968253968254
GUSA7Z_1_3280_3280_3792_3792;4204;-1;[483, 227, 494, 243];;93.5;0.0;0.0;1.0;0.0;0.0
GUSA7Z_1_3280_3280_3792_3792;4205;2163;[156, 288, 177, 304];[160, 288, 177, 305];191.5;200.0;0.6043165326118469;1.0;0.01363372802734375;0.7705382436260623
GUSA7Z_1_3280_3280_3792_3792;4206;2162;[129, 132, 156, 147];[132, 134, 155, 151];189.5;259.0;0.5666666626930237;1.0;0.070068359375;0.6016096579476862
GUSA7Z_1_3280_3280_3792_3792;4207;2165;[56, 499, 85, 512];[56, 496, 87, 511];277.0;356.0;0.6150341629981995;1.0;0.006191253662109375;0.7044534412955465
GUSA7Z_1_3280_3280_3792_3792;4208;2161;[205, 213, 224, 230];[204, 212, 227, 233];185.0;332.0;0.5837838053703308;1.0;0.455078125;0.6687370600414079
GUSA7Z_1_3280_3280_3792_3792;4209;-1;[473, 77, 512, 97];;511.5;0.0;0.0;1.0;0.0;0.0
GUSA7Z_1_3280_3280_3792_3792;4210;2160;[13, 16, 109, 97];[16, 18, 111, 97];2340.0;2906.0;0.7702914476394653;1.0;0.94189453125;0.926014620620116
GUSA7Z_1_3485_3280_3997_3792;4211;2231;[240, 382, 266, 400];[240, 382, 265, 403];288.0;376.0;0.7152777910232544;1.0;0.011505126953125;0.8287292817679558
GUSA7Z_1_3485_3280_3997_3792;4212;-1;[278, 227, 289, 243];;93.5;0.0;0.0;1.0;0.0;0.0
GUSA7Z_1_3485_3280_3997_3792;4213;2229;[391, 245, 428, 274];[390, 244, 429, 279];440.0;800.0;0.5820721983909607;1.0;0.74755859375;0.7860805860805861
GUSA7Z_1_3485_3280_3997_3792;4214;2230;[0, 213, 19, 230];[0, 212, 21, 231];185.0;287.0;0.6563467383384705;1.0;0.190673828125;0.8095238095238095
GUSA7Z_1_3485_3280_3997_3792;4215;2228;[268, 36, 363, 104];[270, 38, 363, 105];2412.5;3131.0;0.7461584210395813;1.0;0.8896484375;0.936670227376774
GUSA7Z_1_3690_3280_4202_3792;4216;2267;[35, 382, 61, 400];[34, 384, 59, 403];288.0;319.0;0.7171717286109924;1.0;0.010650634765625;0.6869409660107334
GUSA7Z_1_3690_3280_4202_3792;4217;-1;[73, 227, 84, 243];;93.5;0.0;0.0;1.0;0.0;0.0
GUSA7Z_1_3690_3280_4202_3792;4218;2264;[341, 257, 385, 298];[342, 256, 385, 299];761.5;1081.0;0.7126736044883728;1.0;0.82763671875;0.9328042328042329
GUSA7Z_1_3690_3280_4202_3792;4219;2266;[186, 245, 223, 274];[186, 244, 225, 279];440.0;796.0;0.5820721983909607;1.0;0.78271484375;0.7860805860805861
GUSA7Z_1_3690_3280_4202_3792;4220;2265;[356, 160, 390, 183];[354, 160, 393, 187];346.5;689.0;0.5211640000343323;1.0;0.82421875;0.7426400759734093
GUSA7Z_1_3690_3280_4202_3792;4221;2263;[63, 36, 158, 104];[64, 38, 159, 103];2412.5;3150.0;0.7494842410087585;1.0;0.896484375;0.9363984674329502
GUSA7Z_1_3895_3280_4407_3792;4222;-1;[306, 56, 317, 62];;44.5;0.0;0.0;1.0;0.0;0.0
GUSA7Z_1_3895_3280_4407_3792;4223;2294;[136, 257, 180, 298];[136, 256, 181, 299];761.5;1073.0;0.7332155704498291;1.0;0.8291015625;0.9322997416020672
GUSA7Z_1_3895_3280_4407_3792;4224;-1;[0, 261, 18, 270];;62.0;0.0;0.0;1.0;0.0;0.0
GUSA7Z_1_3895_3280_4407_3792;4225;2293;[151, 160, 185, 183];[150, 160, 187, 187];346.5;679.0;0.5283018946647644;1.0;0.83349609375;0.7827827827827828
GUSA7Z_1_3895_3280_4407_3792;-1;2295;;[326, 296, 349, 321];0.0;340.0;0.0;;0.005641937255859375;0.0
GUSA7Z_1_4017_3280_4529_3792;4226;-1;[184, 56, 195, 62];;44.5;0.0;0.0;1.0;0.0;0.0
GUSA7Z_1_4017_3280_4529_3792;4227;2310;[14, 257, 58, 298];[14, 256, 59, 301];761.5;1077.0;0.7299911975860596;1.0;0.85107421875;0.8908641975308642
GUSA7Z_1_4017_3280_4529_3792;4228;2311;[29, 160, 63, 183];[28, 162, 67, 187];346.5;644.0;0.5307262539863586;1.0;0.8408203125;0.6845637583892618
GUSA7Z_1_0_3485_512_3997;4229;753;[326, 407, 345, 421];[326, 408, 345, 425];133.0;229.0;0.5692883729934692;1.0;0.005687713623046875;0.7222222222222222
GUSA7Z_1_0_3485_512_3997;4230;752;[362, 88, 407, 103];[362, 88, 409, 105];561.0;679.0;0.8156123757362366;1.0;0.1302490234375;0.8448060075093867
GUSA7Z_1_0_3485_512_3997;4231;-1;[200, 287, 216, 300];;116.0;0.0;0.0;1.0;0.0;0.0
GUSA7Z_1_0_3485_512_3997;4232;750;[383, 432, 435, 506];[386, 438, 437, 507];1922.5;2038.0;0.8639026880264282;1.0;0.88818359375;0.8257744733581165
GUSA7Z_1_0_3485_512_3997;4233;751;[466, 127, 502, 171];[466, 126, 505, 173];645.5;1081.0;0.6246742010116577;1.0;0.81396484375;0.8641571194762684
GUSA7Z_1_205_3485_717_3997;4234;-1;[339, 502, 376, 512];;202.0;0.0;0.0;1.0;0.0;0.0
GUSA7Z_1_205_3485_717_3997;4235;-1;[320, 417, 330, 430];;108.5;0.0;0.0;1.0;0.0;0.0
GUSA7Z_1_205_3485_717_3997;4236;-1;[121, 407, 140, 421];;133.0;0.0;0.0;1.0;0.0;0.0
GUSA7Z_1_205_3485_717_3997;4237;1515;[157, 88, 202, 103];[158, 86, 205, 105];561.0;761.0;0.736330509185791;1.0;0.140869140625;0.7268722466960352
GUSA7Z_1_205_3485_717_3997;4238;-1;[0, 287, 11, 300];;81.0;0.0;0.0;1.0;0.0;0.0
GUSA7Z_1_205_3485_717_3997;4239;1512;[178, 432, 230, 506];[182, 438, 231, 507];1922.5;1978.0;0.8758620619773865;1.0;0.8857421875;0.8232030264817151
GUSA7Z_1_205_3485_717_3997;4240;-1;[491, 335, 512, 419];;967.5;0.0;0.0;1.0;0.0;0.0
GUSA7Z_1_205_3485_717_3997;4241;1514;[343, 230, 371, 266];[344, 232, 373, 271];428.0;669.0;0.6316507458686829;1.0;0.420654296875;0.7518427518427518
GUSA7Z_1_205_3485_717_3997;4242;1513;[261, 127, 297, 171];[262, 126, 299, 173];645.5;1060.0;0.631393313407898;1.0;0.8291015625;0.8637128435221537
GUSA7Z_1_205_3485_717_3997;4243;-1;[443, 0, 465, 14];;166.5;0.0;0.0;1.0;0.0;0.0
GUSA7Z_1_410_3485_922_3997;4244;-1;[134, 502, 171, 512];;202.0;0.0;0.0;1.0;0.0;0.0
GUSA7Z_1_410_3485_922_3997;4245;-1;[324, 185, 337, 193];;62.5;0.0;0.0;1.0;0.0;0.0
GUSA7Z_1_410_3485_922_3997;4246;-1;[115, 417, 125, 430];;108.5;0.0;0.0;1.0;0.0;0.0
GUSA7Z_1_410_3485_922_3997;4247;-1;[0, 448, 25, 506];;894.5;0.0;0.0;1.0;0.0;0.0
GUSA7Z_1_410_3485_922_3997;4248;2363;[286, 335, 411, 466];[288, 336, 411, 467];5051.5;5443.0;0.8975862264633179;1.0;0.9365234375;0.9692083888956237
GUSA7Z_1_410_3485_922_3997;4249;2367;[138, 230, 166, 266];[138, 232, 169, 271];428.0;672.0;0.6406035423278809;1.0;0.453369140625;0.7525691699604743
GUSA7Z_1_410_3485_922_3997;4250;2365;[56, 127, 92, 171];[58, 128, 95, 173];645.5;1029.0;0.6232143044471741;1.0;0.8681640625;0.8181309457190823
GUSA7Z_1_410_3485_922_3997;4251;2366;[489, 106, 512, 136];[490, 108, 511, 137];417.5;436.0;0.7404022216796875;1.0;0.74755859375;0.8270042194092827
GUSA7Z_1_410_3485_922_3997;4252;2364;[384, 15, 438, 67];[386, 18, 437, 67];1446.0;1458.0;0.8348240852355957;1.0;0.91748046875;0.8899572649572649
GUSA7Z_1_410_3485_922_3997;4253;-1;[238, 0, 260, 14];;166.5;0.0;0.0;1.0;0.0;0.0
GUSA7Z_1_615_3485_1127_3997;4254;-1;[460, 70, 469, 83];;84.5;0.0;0.0;1.0;0.0;0.0
GUSA7Z_1_615_3485_1127_3997;4255;-1;[391, 272, 409, 281];;103.0;0.0;0.0;1.0;0.0;0.0
GUSA7Z_1_615_3485_1127_3997;4256;-1;[119, 185, 132, 193];;62.5;0.0;0.0;1.0;0.0;0.0
GUSA7Z_1_615_3485_1127_3997;4257;-1;[502, 380, 512, 385];;36.5;0.0;0.0;1.0;0.0;0.0
GUSA7Z_1_615_3485_1127_3997;4258;-1;[351, 354, 367, 361];;79.5;0.0;0.0;1.0;0.0;0.0
GUSA7Z_1_615_3485_1127_3997;4259;2459;[81, 335, 206, 466];[84, 336, 205, 467];5051.5;5442.0;0.8927097916603088;1.0;0.93212890625;0.9535645004849661
GUSA7Z_1_615_3485_1127_3997;4260;-1;[442, 321, 456, 333];;97.0;0.0;0.0;1.0;0.0;0.0
GUSA7Z_1_615_3485_1127_3997;4261;2462;[437, 138, 486, 175];[440, 138, 483, 173];514.5;657.0;0.7057291865348816;1.0;0.282958984375;0.8301158301158301
GUSA7Z_1_615_3485_1127_3997;4262;2461;[284, 106, 344, 136];[286, 108, 343, 139];785.5;978.0;0.7844588160514832;1.0;0.60693359375;0.8097412480974124
GUSA7Z_1_615_3485_1127_3997;4263;2460;[179, 15, 233, 67];[182, 18, 231, 67];1446.0;1403.0;0.7977394461631775;1.0;0.92724609375;0.85505698005698
GUSA7Z_1_615_3485_1127_3997;4264;-1;[33, 0, 55, 14];;166.5;0.0;0.0;1.0;0.0;0.0
GUSA7Z_1_615_3485_1127_3997;-1;2463;;[342, 58, 359, 73];0.0;185.0;0.0;;0.0087127685546875;0.0
GUSA7Z_1_820_3485_1332_3997;4265;-1;[255, 70, 264, 83];;84.5;0.0;0.0;1.0;0.0;0.0
GUSA7Z_1_820_3485_1332_3997;4266;-1;[186, 272, 204, 281];;103.0;0.0;0.0;1.0;0.0;0.0
GUSA7Z_1_820_3485_1332_3997;4267;-1;[297, 378, 313, 385];;65.0;0.0;0.0;1.0;0.0;0.0
GUSA7Z_1_820_3485_1332_3997;4268;-1;[146, 354, 162, 361];;79.5;0.0;0.0;1.0;0.0;0.0
GUSA7Z_1_820_3485_1332_3997;4269;2572;[470, 253, 495, 274];[472, 254, 497, 275];210.0;254.0;0.690625011920929;1.0;0.017852783203125;0.7796610169491526
GUSA7Z_1_820_3485_1332_3997;4270;-1;[492, 461, 512, 491];;405.0;0.0;0.0;1.0;0.0;0.0
GUSA7Z_1_820_3485_1332_3997;4271;2578;[459, 354, 476, 369];[458, 354, 477, 371];190.5;230.0;0.8185328245162964;1.0;0.006122589111328125;0.7894736842105263
GUSA7Z_1_820_3485_1332_3997;4272;2577;[237, 321, 251, 333];[236, 320, 253, 337];97.0;181.0;0.5873786211013794;1.0;0.0092315673828125;0.5813148788927336
GUSA7Z_1_820_3485_1332_3997;4273;2568;[334, 199, 352, 224];[338, 200, 353, 225];201.5;266.0;0.6142433285713196;1.0;0.71875;0.6871165644171779
GUSA7Z_1_820_3485_1332_3997;4274;2569;[232, 138, 281, 175];[236, 136, 279, 173];514.5;737.0;0.6674669981002808;1.0;0.60400390625;0.7925223802001053
GUSA7Z_1_820_3485_1332_3997;4275;2570;[448, 108, 480, 127];[448, 108, 483, 125];391.0;448.0;0.8023256063461304;1.0;0.54296875;0.8254931714719271
GUSA7Z_1_820_3485_1332_3997;4276;2567;[79, 106, 139, 136];[80, 108, 107, 137];785.5;567.0;0.5355303883552551;1.0;0.77880859375;0.41379310344827586
GUSA7Z_1_820_3485_1332_3997;4277;2574;[0, 15, 28, 55];[0, 16, 27, 57];824.0;880.0;0.8538070917129517;1.0;0.01332855224609375;0.8969335604770017
GUSA7Z_1_820_3485_1332_3997;-1;2571;;[106, 114, 139, 129];0.0;287.0;0.0;;0.0293121337890625;0.0
GUSA7Z_1_820_3485_1332_3997;-1;2573;;[98, 348, 125, 365];0.0;280.0;0.0;;0.0141754150390625;0.0
GUSA7Z_1_820_3485_1332_3997;-1;2575;;[138, 58, 155, 73];0.0;181.0;0.0;;0.0099334716796875;0.0
GUSA7Z_1_820_3485_1332_3997;-1;2576;;[414, 292, 441, 317];0.0;312.0;0.0;;0.00974273681640625;0.0
GUSA7Z_1_1025_3485_1537_3997;4278;-1;[409, 303, 421, 316];;69.5;0.0;0.0;1.0;0.0;0.0
GUSA7Z_1_1025_3485_1537_3997;4279;-1;[336, 154, 345, 170];;83.0;0.0;0.0;1.0;0.0;0.0
GUSA7Z_1_1025_3485_1537_3997;4280;-1;[50, 70, 59, 83];;84.5;0.0;0.0;1.0;0.0;0.0
GUSA7Z_1_1025_3485_1537_3997;4281;846;[317, 46, 334, 66];[318, 48, 335, 67];161.0;215.0;0.6499999761581421;1.0;0.0269622802734375;0.768
GUSA7Z_1_1025_3485_1537_3997;4282;-1;[92, 378, 108, 385];;65.0;0.0;0.0;1.0;0.0;0.0
GUSA7Z_1_1025_3485_1537_3997;4283;845;[408, 249, 421, 270];[408, 248, 425, 271];159.0;263.0;0.6360543966293335;1.0;0.06231689453125;0.6982097186700768
GUSA7Z_1_1025_3485_1537_3997;4284;849;[265, 253, 290, 274];[266, 254, 291, 275];210.0;274.0;0.7012194991111755;1.0;0.0121002197265625;0.8421052631578947
GUSA7Z_1_1025_3485_1537_3997;4285;840;[287, 460, 325, 491];[288, 460, 325, 493];609.5;840.0;0.7413213849067688;1.0;0.7890625;0.9161341853035144
GUSA7Z_1_1025_3485_1537_3997;4286;850;[254, 354, 271, 369];[254, 354, 273, 371];190.5;239.0;0.761904776096344;1.0;0.00600433349609375;0.7894736842105263
GUSA7Z_1_1025_3485_1537_3997;4287;-1;[32, 321, 46, 333];;97.0;0.0;0.0;1.0;0.0;0.0
GUSA7Z_1_1025_3485_1537_3997;4288;842;[446, 221, 478, 238];[446, 220, 479, 241];326.0;508.0;0.6829710006713867;1.0;0.7138671875;0.784992784992785
GUSA7Z_1_1025_3485_1537_3997;4289;841;[129, 199, 147, 224];[132, 200, 149, 225];201.5;301.0;0.5939226746559143;1.0;0.740234375;0.6990291262135923
GUSA7Z_1_1025_3485_1537_3997;4290;843;[27, 138, 76, 175];[30, 136, 73, 173];514.5;674.0;0.7086007595062256;1.0;0.5830078125;0.7925223802001053
GUSA7Z_1_1025_3485_1537_3997;4291;844;[243, 108, 275, 127];[244, 108, 277, 125];391.0;428.0;0.8159999847412109;1.0;0.58154296875;0.8208722741433022
GUSA7Z_1_1025_3485_1537_3997;-1;847;;[210, 290, 235, 315];0.0;343.0;0.0;;0.0169830322265625;0.0
GUSA7Z_1_1025_3485_1537_3997;-1;848;;[290, 132, 307, 149];0.0;210.0;0.0;;0.01332855224609375;0.0
GUSA7Z_1_1230_3485_1742_3997;4292;-1;[204, 303, 216, 316];;69.5;0.0;0.0;1.0;0.0;0.0
GUSA7Z_1_1230_3485_1742_3997;4293;-1;[131, 154, 140, 170];;83.0;0.0;0.0;1.0;0.0;0.0
GUSA7Z_1_1230_3485_1742_3997;4294;966;[112, 46, 129, 66];[114, 48, 129, 67];161.0;214.0;0.625;1.0;0.0391845703125;0.7605633802816901
GUSA7Z_1_1230_3485_1742_3997;4295;-1;[346, 74, 361, 86];;86.0;0.0;0.0;1.0;0.0;0.0
GUSA7Z_1_1230_3485_1742_3997;4296;967;[203, 249, 216, 270];[204, 250, 219, 273];159.0;227.0;0.6629213690757751;1.0;0.018768310546875;0.6349206349206349
GUSA7Z_1_1230_3485_1742_3997;4297;970;[60, 253, 85, 274];[62, 254, 85, 275];210.0;253.0;0.6802507638931274;1.0;0.00963592529296875;0.8394160583941606
GUSA7Z_1_1230_3485_1742_3997;4298;963;[82, 460, 120, 491];[82, 460, 121, 493];609.5;836.0;0.7514124512672424;1.0;0.75927734375;0.9153069153069153
GUSA7Z_1_1230_3485_1742_3997;4299;971;[49, 354, 66, 369];[48, 354, 67, 371];190.5;241.0;0.7843866348266602;1.0;0.00847625732421875;0.7894736842105263
GUSA7Z_1_1230_3485_1742_3997;4300;962;[349, 242, 394, 284];[350, 242, 395, 285];831.5;1318.0;0.6369338035583496;1.0;0.892578125;0.9347496206373292
GUSA7Z_1_1230_3485_1742_3997;4301;964;[241, 221, 273, 238];[242, 220, 275, 239];326.0;462.0;0.7027027010917664;1.0;0.689453125;0.8183229813664596
GUSA7Z_1_1230_3485_1742_3997;4302;965;[38, 108, 70, 127];[38, 108, 71, 125];391.0;423.0;0.8165322542190552;1.0;0.56787109375;0.8704
GUSA7Z_1_1230_3485_1742_3997;-1;968;;[86, 132, 101, 149];0.0;191.0;0.0;;0.0141754150390625;0.0
GUSA7Z_1_1230_3485_1742_3997;-1;969;;[4, 292, 29, 315];0.0;290.0;0.0;;0.0119171142578125;0.0
GUSA7Z_1_1435_3485_1947_3997;4303;-1;[0, 303, 11, 316];;67.0;0.0;0.0;1.0;0.0;0.0
GUSA7Z_1_1435_3485_1947_3997;4304;-1;[376, 327, 384, 338];;52.5;0.0;0.0;1.0;0.0;0.0
GUSA7Z_1_1435_3485_1947_3997;4305;-1;[338, 409, 352, 422];;79.5;0.0;0.0;1.0;0.0;0.0
GUSA7Z_1_1435_3485_1947_3997;4306;-1;[141, 74, 156, 86];;86.0;0.0;0.0;1.0;0.0;0.0
GUSA7Z_1_1435_3485_1947_3997;4307;-1;[0, 249, 11, 270];;153.5;0.0;0.0;1.0;0.0;0.0
GUSA7Z_1_1435_3485_1947_3997;4308;1088;[356, 466, 396, 494];[358, 468, 397, 497];594.0;677.0;0.782664954662323;1.0;0.83447265625;0.782264449722882
GUSA7Z_1_1435_3485_1947_3997;4309;1087;[144, 242, 189, 284];[144, 242, 189, 285];831.5;1319.0;0.6551724076271057;1.0;0.85791015625;0.9767441860465116
GUSA7Z_1_1435_3485_1947_3997;4310;1089;[36, 221, 68, 238];[36, 220, 69, 239];326.0;471.0;0.7209302186965942;1.0;0.73583984375;0.8676236044657097
GUSA7Z_1_1435_3485_1947_3997;4311;1086;[430, 168, 512, 290];[432, 170, 511, 291];5164.0;5334.0;0.914300799369812;1.0;0.92578125;0.9401963701279381
GUSA7Z_1_1435_3485_1947_3997;4312;1090;[422, 78, 445, 99];[422, 80, 445, 101];277.5;325.0;0.7263427376747131;1.0;0.70068359375;0.8260869565217391
GUSA7Z_1_1640_3485_2152_3997;4313;-1;[348, 26, 373, 47];;308.5;0.0;0.0;1.0;0.0;0.0
GUSA7Z_1_1640_3485_2152_3997;4314;1202;[333, 352, 356, 381];[334, 356, 357, 379];244.0;302.0;0.5864661931991577;1.0;0.037750244140625;0.7333333333333333
GUSA7Z_1_1640_3485_2152_3997;4315;1200;[427, 294, 483, 324];[432, 294, 485, 325];819.5;938.0;0.7887324094772339;1.0;0.8154296875;0.8533184606804238
GUSA7Z_1_1640_3485_2152_3997;4316;-1;[348, 27, 372, 46];;297.0;0.0;0.0;1.0;0.0;0.0
GUSA7Z_1_1640_3485_2152_3997;4317;-1;[332, 353, 358, 377];;220.5;0.0;0.0;1.0;0.0;0.0
GUSA7Z_1_1640_3485_2152_3997;4318;-1;[171, 327, 179, 338];;52.5;0.0;0.0;1.0;0.0;0.0
GUSA7Z_1_1640_3485_2152_3997;4319;-1;[133, 409, 147, 422];;79.5;0.0;0.0;1.0;0.0;0.0
GUSA7Z_1_1640_3485_2152_3997;4320;1199;[151, 466, 191, 494];[152, 468, 193, 495];594.0;679.0;0.7821011543273926;1.0;0.83203125;0.8359439406430338
GUSA7Z_1_1640_3485_2152_3997;4321;1198;[225, 168, 322, 290];[226, 170, 323, 291];5607.5;6003.0;0.9208206534385681;1.0;0.9541015625;0.9559372666168783
GUSA7Z_1_1640_3485_2152_3997;4322;1201;[217, 78, 240, 99];[218, 80, 241, 103];277.5;349.0;0.713936448097229;1.0;0.64599609375;0.7037037037037037
GUSA7Z_1_1845_3485_2357_3997;4323;1321;[388, 436, 499, 512];[390, 442, 487, 511];2590.5;2853.0;0.6984953880310059;1.0;0.373046875;0.7933854907539118
GUSA7Z_1_1845_3485_2357_3997;4324;-1;[143, 26, 168, 47];;308.5;0.0;0.0;1.0;0.0;0.0
GUSA7Z_1_1845_3485_2357_3997;4325;1323;[128, 352, 151, 381];[128, 354, 151, 379];244.0;337.0;0.5894988179206848;1.0;0.01009368896484375;0.8620689655172413
GUSA7Z_1_1845_3485_2357_3997;4326;1319;[222, 294, 278, 324];[226, 294, 279, 325];819.5;959.0;0.8111425638198853;1.0;0.85986328125;0.8848553601815088
GUSA7Z_1_1845_3485_2357_3997;4327;1318;[390, 190, 512, 257];[394, 192, 511, 257];5458.5;5614.0;0.9180107712745667;1.0;0.94287109375;0.930389038414485
GUSA7Z_1_1845_3485_2357_3997;4328;-1;[143, 27, 167, 46];;297.0;0.0;0.0;1.0;0.0;0.0
GUSA7Z_1_1845_3485_2357_3997;4329;-1;[127, 353, 153, 377];;220.5;0.0;0.0;1.0;0.0;0.0
GUSA7Z_1_1845_3485_2357_3997;4330;1317;[20, 168, 117, 290];[22, 170, 119, 291];5607.5;6071.0;0.9145217537879944;1.0;0.953125;0.9366526990386985
GUSA7Z_1_1845_3485_2357_3997;4331;1320;[12, 78, 35, 99];[12, 80, 35, 101];277.5;327.0;0.6909547448158264;1.0;0.7138671875;0.8260869565217391
GUSA7Z_1_1845_3485_2357_3997;-1;1322;;[466, 492, 497, 511];0.0;385.0;0.0;;0.036346435546875;0.0
GUSA7Z_1_2050_3485_2562_3997;4332;1440;[183, 436, 294, 512];[186, 442, 281, 511];2590.5;2696.0;0.6738046407699585;1.0;0.401611328125;0.777027027027027
GUSA7Z_1_2050_3485_2562_3997;4333;1439;[17, 294, 73, 324];[20, 294, 75, 325];819.5;972.0;0.8057889938354492;1.0;0.85693359375;0.8857938718662952
GUSA7Z_1_2050_3485_2562_3997;4334;1441;[477, 257, 502, 275];[478, 256, 505, 277];248.0;388.0;0.6372092962265015;1.0;0.1666259765625;0.7384615384615385
GUSA7Z_1_2050_3485_2562_3997;4335;1438;[185, 190, 307, 257];[188, 192, 307, 257];5458.0;5644.0;0.923089861869812;1.0;0.947265625;0.9462931245412283
GUSA7Z_1_2050_3485_2562_3997;4336;-1;[480, 0, 512, 51];;1065.5;0.0;0.0;1.0;0.0;0.0
GUSA7Z_1_2050_3485_2562_3997;4337;-1;[285, 0, 369, 17];;855.5;0.0;0.0;1.0;0.0;0.0
GUSA7Z_1_2050_3485_2562_3997;-1;1442;;[256, 492, 291, 511];0.0;408.0;0.0;;0.01056671142578125;0.0
GUSA7Z_1_2255_3485_2767_3997;4338;-1;[0, 436, 89, 512];;2132.5;0.0;0.0;1.0;0.0;0.0
GUSA7Z_1_2255_3485_2767_3997;4339;1614;[472, 0, 492, 19];[474, 0, 495, 21];220.5;270.0;0.6666666865348816;1.0;0.006290435791015625;0.7139874739039666
GUSA7Z_1_2255_3485_2767_3997;4340;1613;[464, 370, 512, 429];[466, 370, 511, 431];1293.0;1524.0;0.7879331111907959;1.0;0.00734710693359375;0.9086242299794661
GUSA7Z_1_2255_3485_2767_3997;4341;1611;[272, 257, 297, 275];[274, 256, 299, 277];248.0;387.0;0.65727698802948;1.0;0.462890625;0.7379679144385026
GUSA7Z_1_2255_3485_2767_3997;4342;1609;[0, 190, 102, 257];[0, 192, 101, 257];5081.5;5176.0;0.93831467628479;1.0;0.9453125;0.9606379865378988
GUSA7Z_1_2255_3485_2767_3997;4343;-1;[483, 181, 512, 206];;513.0;0.0;0.0;1.0;0.0;0.0
GUSA7Z_1_2255_3485_2767_3997;4344;1610;[318, 149, 365, 197];[324, 148, 369, 201];826.5;1327.0;0.6099439859390259;1.0;0.8232421875;0.7362514029180696
GUSA7Z_1_2255_3485_2767_3997;4345;-1;[275, 0, 310, 51];;1092.5;0.0;0.0;1.0;0.0;0.0
GUSA7Z_1_2255_3485_2767_3997;4346;-1;[80, 0, 164, 17];;855.5;0.0;0.0;1.0;0.0;0.0
GUSA7Z_1_2255_3485_2767_3997;-1;1612;;[310, 410, 363, 441];0.0;902.0;0.0;;0.027069091796875;0.0
GUSA7Z_1_2460_3485_2972_3997;4347;1749;[267, 0, 287, 19];[270, 0, 289, 21];220.5;249.0;0.642201840877533;1.0;0.0203399658203125;0.7083333333333334
GUSA7Z_1_2460_3485_2972_3997;4348;-1;[472, 312, 484, 323];;91.0;0.0;0.0;1.0;0.0;0.0
GUSA7Z_1_2460_3485_2972_3997;4349;1745;[259, 370, 354, 429];[262, 370, 355, 431];1640.5;2218.0;0.7276166677474976;1.0;0.90283203125;0.9278632478632478
GUSA7Z_1_2460_3485_2972_3997;4350;1747;[67, 257, 92, 275];[70, 256, 95, 277];248.0;398.0;0.6216216087341309;1.0;0.254638671875;0.6839378238341969
GUSA7Z_1_2460_3485_2972_3997;4351;1744;[278, 167, 342, 210];[278, 168, 345, 211];1359.0;1796.0;0.7791444063186646;1.0;0.91357421875;0.9127334465195246
GUSA7Z_1_2460_3485_2972_3997;4352;1746;[113, 149, 160, 197];[118, 148, 163, 201];826.5;1328.0;0.6174402236938477;1.0;0.7646484375;0.768
GUSA7Z_1_2460_3485_2972_3997;4353;1750;[70, 0, 105, 51];[72, 2, 107, 51];1092.5;1124.0;0.7945619225502014;1.0;0.00530242919921875;0.8587360594795539
GUSA7Z_1_2460_3485_2972_3997;-1;1748;;[104, 410, 157, 441];0.0;901.0;0.0;;0.034881591796875;0.0
GUSA7Z_1_2665_3485_3177_3997;4354;1876;[62, 0, 82, 19];[64, 0, 85, 21];220.5;284.0;0.6342856884002686;1.0;0.0301055908203125;0.7139874739039666
GUSA7Z_1_2665_3485_3177_3997;4355;-1;[267, 312, 279, 323];;91.0;0.0;0.0;1.0;0.0;0.0
GUSA7Z_1_2665_3485_3177_3997;4356;1875;[329, 172, 362, 207];[328, 172, 361, 207];392.0;639.0;0.6170212626457214;1.0;0.71533203125;0.9411764705882353
GUSA7Z_1_2665_3485_3177_3997;4357;1873;[54, 370, 149, 429];[56, 370, 151, 431];1640.5;2130.0;0.769534707069397;1.0;0.8984375;0.9279553526128869
GUSA7Z_1_2665_3485_3177_3997;4358;1874;[368, 301, 506, 443];[378, 302, 505, 437];3014.0;3539.0;0.8078994750976562;1.0;0.88720703125;0.8749234537660747
GUSA7Z_1_2665_3485_3177_3997;4359;1872;[73, 167, 137, 210];[74, 168, 141, 213];1359.0;1823.0;0.7623294591903687;1.0;0.9033203125;0.8478051906440244
GUSA7Z_1_2870_3485_3382_3997;4360;-1;[62, 312, 74, 323];;91.0;0.0;0.0;1.0;0.0;0.0
GUSA7Z_1_2870_3485_3382_3997;4361;1970;[124, 172, 157, 207];[124, 174, 157, 207];392.0;593.0;0.6446776390075684;1.0;0.6943359375;0.9428571428571428
GUSA7Z_1_2870_3485_3382_3997;4362;1967;[163, 301, 301, 443];[172, 302, 301, 439];3014.0;3452.0;0.826988697052002;1.0;0.9013671875;0.901867728107777
GUSA7Z_1_2870_3485_3382_3997;4363;1968;[466, 294, 505, 328];[466, 292, 507, 331];700.0;919.0;0.7545638680458069;1.0;0.82080078125;0.8292682926829268
GUSA7Z_1_2870_3485_3382_3997;4364;1969;[324, 41, 340, 66];[324, 40, 343, 71];285.0;428.0;0.6787233948707581;1.0;0.74462890625;0.6791171477079796
GUSA7Z_1_3075_3485_3587_3997;4365;-1;[354, 474, 365, 488];;108.5;0.0;0.0;1.0;0.0;0.0
GUSA7Z_1_3075_3485_3587_3997;4366;-1;[354, 457, 360, 467];;47.0;0.0;0.0;1.0;0.0;0.0
GUSA7Z_1_3075_3485_3587_3997;4367;-1;[351, 455, 360, 468];;85.5;0.0;0.0;1.0;0.0;0.0
GUSA7Z_1_3075_3485_3587_3997;4368;2074;[361, 83, 382, 99];[366, 82, 383, 101];191.5;207.0;0.5862069129943848;1.0;0.00916290283203125;0.6352357320099256
GUSA7Z_1_3075_3485_3587_3997;4369;2071;[0, 302, 96, 400];[0, 304, 95, 377];2454.5;2791.0;0.7916799783706665;1.0;0.8388671875;0.7371386054421769
GUSA7Z_1_3075_3485_3587_3997;4370;2070;[261, 294, 300, 328];[260, 292, 303, 331];700.0;967.0;0.7234042286872864;1.0;0.83984375;0.7906976744186046
GUSA7Z_1_3075_3485_3587_3997;4371;2072;[119, 41, 135, 66];[120, 40, 139, 69];285.0;408.0;0.6971046924591064;1.0;0.7138671875;0.6510416666666666
GUSA7Z_1_3075_3485_3587_3997;4372;2073;[410, 8, 429, 25];[408, 6, 431, 27];185.0;354.0;0.5567010045051575;1.0;0.5390625;0.6687370600414079
GUSA7Z_1_3280_3485_3792_3997;4373;-1;[149, 474, 160, 488];;108.5;0.0;0.0;1.0;0.0;0.0
GUSA7Z_1_3280_3485_3792_3997;4374;-1;[149, 457, 155, 467];;47.0;0.0;0.0;1.0;0.0;0.0
GUSA7Z_1_3280_3485_3792_3997;4375;-1;[347, 472, 363, 490];;130.0;0.0;0.0;1.0;0.0;0.0
GUSA7Z_1_3280_3485_3792_3997;4376;2168;[445, 177, 471, 195];[444, 178, 469, 199];288.0;356.0;0.6705336570739746;1.0;0.01332855224609375;0.6974358974358974
GUSA7Z_1_3280_3485_3792_3997;4377;-1;[353, 320, 361, 332];;55.5;0.0;0.0;1.0;0.0;0.0
GUSA7Z_1_3280_3485_3792_3997;4378;-1;[146, 455, 155, 468];;85.5;0.0;0.0;1.0;0.0;0.0
GUSA7Z_1_3280_3485_3792_3997;4379;-1;[347, 471, 364, 489];;141.0;0.0;0.0;1.0;0.0;0.0
GUSA7Z_1_3280_3485_3792_3997;4380;-1;[483, 22, 494, 38];;93.5;0.0;0.0;1.0;0.0;0.0
GUSA7Z_1_3280_3485_3792_3997;4381;2169;[156, 83, 177, 99];[160, 82, 177, 101];191.5;228.0;0.6551724076271057;1.0;0.0055999755859375;0.7028423772609819
GUSA7Z_1_3280_3485_3792_3997;4382;2166;[56, 294, 95, 328];[56, 292, 97, 331];700.0;947.0;0.712890625;1.0;0.85205078125;0.8292682926829268
GUSA7Z_1_3280_3485_3792_3997;4383;2167;[205, 8, 224, 25];[204, 6, 227, 27];185.0;342.0;0.5714285969734192;1.0;0.5546875;0.6687370600414079
GUSA7Z_1_3485_3485_3997_3997;4384;-1;[142, 472, 158, 490];;130.0;0.0;0.0;1.0;0.0;0.0
GUSA7Z_1_3485_3485_3997_3997;4385;2235;[240, 177, 266, 195];[240, 178, 265, 199];288.0;356.0;0.7037914395332336;1.0;0.0272674560546875;0.7482394366197183
GUSA7Z_1_3485_3485_3997_3997;4386;-1;[148, 320, 156, 332];;55.5;0.0;0.0;1.0;0.0;0.0
GUSA7Z_1_3485_3485_3997_3997;4387;-1;[142, 471, 159, 489];;141.0;0.0;0.0;1.0;0.0;0.0
GUSA7Z_1_3485_3485_3997_3997;4388;-1;[278, 22, 289, 38];;93.5;0.0;0.0;1.0;0.0;0.0
GUSA7Z_1_3485_3485_3997_3997;4389;2232;[320, 410, 349, 447];[320, 410, 351, 461];592.5;1100.0;0.5494410991668701;1.0;0.78271484375;0.6786843769765971
GUSA7Z_1_3485_3485_3997_3997;4390;2233;[391, 40, 428, 69];[390, 38, 431, 73];440.0;849.0;0.5512679219245911;1.0;0.78125;0.7477351916376307
GUSA7Z_1_3485_3485_3997_3997;4391;2234;[0, 8, 19, 25];[0, 6, 21, 27];185.0;307.0;0.6275659799575806;1.0;0.09979248046875;0.7324263038548753
GUSA7Z_1_3690_3485_4202_3997;4392;2271;[35, 177, 61, 195];[36, 178, 59, 199];288.0;340.0;0.718826413154602;1.0;0.014556884765625;0.6982142857142857
GUSA7Z_1_3690_3485_4202_3997;4393;-1;[73, 22, 84, 38];;93.5;0.0;0.0;1.0;0.0;0.0
GUSA7Z_1_3690_3485_4202_3997;4394;2269;[115, 410, 144, 447];[116, 410, 147, 461];592.5;1128.0;0.534223735332489;1.0;0.7958984375;0.6402966625463535
GUSA7Z_1_3690_3485_4202_3997;4395;2268;[341, 52, 385, 93];[342, 52, 385, 95];761.5;1066.0;0.7263901233673096;1.0;0.8115234375;0.9328042328042329
GUSA7Z_1_3690_3485_4202_3997;4396;2270;[186, 40, 223, 69];[186, 38, 225, 73];440.0;826.0;0.5656108856201172;1.0;0.7958984375;0.7860805860805861
GUSA7Z_1_3690_3485_4202_3997;-1;2272;;[248, 364, 271, 395];0.0;462.0;0.0;;0.0062408447265625;0.0
GUSA7Z_1_3895_3485_4407_3997;4397;2296;[136, 52, 180, 93];[136, 52, 181, 95];761.5;1073.0;0.7338638305664062;1.0;0.8154296875;0.9322997416020672
GUSA7Z_1_3895_3485_4407_3997;4398;-1;[0, 56, 18, 65];;62.0;0.0;0.0;1.0;0.0;0.0
GUSA7Z_1_4017_3485_4529_3997;4399;2312;[14, 52, 58, 93];[14, 52, 59, 95];761.5;1108.0;0.710616409778595;1.0;0.82763671875;0.9322997416020672
GUSA7Z_1_4017_3485_4529_3997;-1;2313;;[204, 92, 227, 113];0.0;290.0;0.0;;0.006744384765625;0.0
GUSA7Z_1_0_3690_512_4202;4400;-1;[326, 202, 345, 216];;133.0;0.0;0.0;1.0;0.0;0.0
GUSA7Z_1_0_3690_512_4202;4401;-1;[200, 82, 216, 95];;116.0;0.0;0.0;1.0;0.0;0.0
GUSA7Z_1_0_3690_512_4202;4402;754;[383, 227, 435, 301];[386, 234, 437, 303];1922.5;2051.0;0.8704873919487;1.0;0.8857421875;0.8038687561214496
GUSA7Z_1_205_3690_717_4202;4403;1519;[436, 384, 450, 401];[438, 384, 455, 405];141.0;262.0;0.5627118349075317;1.0;0.4765625;0.5217391304347826
GUSA7Z_1_205_3690_717_4202;4404;1517;[337, 297, 376, 316];[338, 298, 379, 317];489.0;564.0;0.8309409618377686;1.0;0.7744140625;0.8181818181818182
GUSA7Z_1_205_3690_717_4202;4405;-1;[320, 212, 330, 225];;108.5;0.0;0.0;1.0;0.0;0.0
GUSA7Z_1_205_3690_717_4202;4406;1520;[121, 202, 140, 216];[120, 204, 139, 221];133.0;222.0;0.510948896408081;1.0;0.006122589111328125;0.579088471849866
GUSA7Z_1_205_3690_717_4202;4407;-1;[0, 82, 11, 95];;81.0;0.0;0.0;1.0;0.0;0.0
GUSA7Z_1_205_3690_717_4202;4408;1516;[178, 227, 230, 301];[180, 234, 233, 303];1922.5;2056.0;0.8744354248046875;1.0;0.884765625;0.8062575210589651
GUSA7Z_1_205_3690_717_4202;4409;-1;[491, 130, 512, 214];;967.5;0.0;0.0;1.0;0.0;0.0
GUSA7Z_1_205_3690_717_4202;4410;1518;[343, 25, 371, 61];[344, 26, 373, 65];428.0;655.0;0.6544944047927856;1.0;0.525390625;0.7914572864321608
GUSA7Z_1_410_3690_922_4202;4411;-1;[305, 426, 318, 444];;111.5;0.0;0.0;1.0;0.0;0.0
GUSA7Z_1_410_3690_922_4202;4412;-1;[314, 410, 329, 427];;164.0;0.0;0.0;1.0;0.0;0.0
GUSA7Z_1_410_3690_922_4202;4413;2371;[231, 384, 245, 401];[232, 384, 249, 405];141.0;246.0;0.610909104347229;1.0;0.34521484375;0.5909090909090909
GUSA7Z_1_410_3690_922_4202;4414;2372;[482, 350, 498, 366];[482, 348, 499, 367];145.5;222.0;0.6472868323326111;1.0;0.2281494140625;0.7925696594427245
GUSA7Z_1_410_3690_922_4202;4415;2369;[132, 297, 171, 316];[132, 298, 173, 317];489.0;581.0;0.8330708742141724;1.0;0.75341796875;0.8581907090464548
GUSA7Z_1_410_3690_922_4202;4416;-1;[115, 212, 125, 225];;108.5;0.0;0.0;1.0;0.0;0.0
GUSA7Z_1_410_3690_922_4202;4417;-1;[0, 243, 25, 301];;894.5;0.0;0.0;1.0;0.0;0.0
GUSA7Z_1_410_3690_922_4202;4418;2368;[286, 130, 411, 261];[288, 130, 411, 261];5051.5;5431.0;0.8938480019569397;1.0;0.9453125;0.984
GUSA7Z_1_410_3690_922_4202;4419;2370;[138, 25, 166, 61];[140, 26, 167, 65];428.0;626.0;0.6618497371673584;1.0;0.48828125;0.790616854908775
GUSA7Z_1_615_3690_1127_4202;4420;-1;[100, 426, 113, 444];;111.5;0.0;0.0;1.0;0.0;0.0
GUSA7Z_1_615_3690_1127_4202;4421;-1;[109, 410, 124, 427];;164.0;0.0;0.0;1.0;0.0;0.0
GUSA7Z_1_615_3690_1127_4202;4422;2466;[26, 384, 40, 401];[28, 384, 43, 405];141.0;240.0;0.5978260636329651;1.0;0.33642578125;0.5845272206303725
GUSA7Z_1_615_3690_1127_4202;4423;2467;[277, 350, 293, 366];[276, 348, 293, 367];145.5;235.0;0.652830183506012;1.0;0.2493896484375;0.7925696594427245
GUSA7Z_1_615_3690_1127_4202;4424;2465;[356, 327, 442, 393];[358, 328, 443, 393];2600.0;2621.0;0.9168135523796082;1.0;0.91357421875;0.9510538233757185
GUSA7Z_1_615_3690_1127_4202;4425;-1;[391, 67, 409, 76];;103.0;0.0;0.0;1.0;0.0;0.0
GUSA7Z_1_615_3690_1127_4202;4426;-1;[502, 175, 512, 180];;36.5;0.0;0.0;1.0;0.0;0.0
GUSA7Z_1_615_3690_1127_4202;4427;-1;[351, 149, 367, 156];;79.5;0.0;0.0;1.0;0.0;0.0
GUSA7Z_1_615_3690_1127_4202;4428;2464;[81, 130, 206, 261];[84, 130, 205, 263];5051.5;5471.0;0.8867601752281189;1.0;0.9541015625;0.953902629836914
GUSA7Z_1_615_3690_1127_4202;4429;2468;[442, 116, 456, 128];[442, 116, 459, 131];97.0;174.0;0.6030150651931763;1.0;0.005161285400390625;0.6588235294117647
GUSA7Z_1_820_3690_1332_4202;4430;2580;[72, 350, 88, 366];[72, 348, 89, 367];145.5;217.0;0.6549019813537598;1.0;0.33447265625;0.7925696594427245
GUSA7Z_1_820_3690_1332_4202;4431;2579;[151, 327, 237, 393];[152, 328, 237, 395];2600.0;2611.0;0.9171367883682251;1.0;0.92529296875;0.9450906602805337
GUSA7Z_1_820_3690_1332_4202;4432;-1;[186, 67, 204, 76];;103.0;0.0;0.0;1.0;0.0;0.0
GUSA7Z_1_820_3690_1332_4202;4433;-1;[297, 173, 313, 180];;65.0;0.0;0.0;1.0;0.0;0.0
GUSA7Z_1_820_3690_1332_4202;4434;-1;[146, 149, 162, 156];;79.5;0.0;0.0;1.0;0.0;0.0
GUSA7Z_1_820_3690_1332_4202;4435;2581;[470, 48, 495, 69];[470, 48, 497, 71];210.0;318.0;0.6666666865348816;1.0;0.02288818359375;0.8454106280193237
GUSA7Z_1_820_3690_1332_4202;4436;-1;[492, 256, 512, 286];;405.0;0.0;0.0;1.0;0.0;0.0
GUSA7Z_1_820_3690_1332_4202;4437;2582;[459, 149, 476, 164];[458, 148, 477, 167];190.5;266.0;0.732876718044281;1.0;0.01137542724609375;0.7063711911357341
GUSA7Z_1_820_3690_1332_4202;4438;2585;[237, 116, 251, 128];[238, 116, 253, 131];97.0;155.0;0.5882353186607361;1.0;0.005619049072265625;0.6582278481012658
GUSA7Z_1_820_3690_1332_4202;4439;2584;[334, 0, 352, 19];[338, 0, 353, 19];147.5;199.0;0.5670498013496399;1.0;0.006389617919921875;0.7368421052631579
GUSA7Z_1_820_3690_1332_4202;-1;2583;;[414, 86, 441, 111];0.0;358.0;0.0;;0.00653839111328125;0.0
GUSA7Z_1_1025_3690_1537_4202;4440;-1;[0, 327, 32, 369];;884.0;0.0;0.0;1.0;0.0;0.0
GUSA7Z_1_1025_3690_1537_4202;4441;-1;[409, 98, 421, 111];;69.5;0.0;0.0;1.0;0.0;0.0
GUSA7Z_1_1025_3690_1537_4202;4442;-1;[92, 173, 108, 180];;65.0;0.0;0.0;1.0;0.0;0.0
GUSA7Z_1_1025_3690_1537_4202;4443;854;[408, 44, 421, 65];[408, 44, 425, 67];159.0;248.0;0.671480119228363;1.0;0.034759521484375;0.6982097186700768
GUSA7Z_1_1025_3690_1537_4202;4444;853;[265, 48, 290, 69];[266, 50, 291, 71];210.0;258.0;0.6925466060638428;1.0;0.039642333984375;0.7676767676767676
GUSA7Z_1_1025_3690_1537_4202;4445;851;[287, 255, 325, 286];[288, 256, 325, 287];609.5;781.0;0.781883180141449;1.0;0.78271484375;0.9135802469135802
GUSA7Z_1_1025_3690_1537_4202;4446;855;[254, 149, 271, 164];[254, 150, 277, 181];190.5;467.0;0.39038461446762085;1.0;0.011199951171875;0.32602739726027397
GUSA7Z_1_1025_3690_1537_4202;4447;-1;[32, 116, 46, 128];;97.0;0.0;0.0;1.0;0.0;0.0
GUSA7Z_1_1025_3690_1537_4202;4448;852;[446, 16, 478, 33];[446, 16, 479, 35];326.0;458.0;0.738095223903656;1.0;0.71240234375;0.8676236044657097
GUSA7Z_1_1025_3690_1537_4202;4449;-1;[129, 0, 147, 19];;147.5;0.0;0.0;1.0;0.0;0.0
GUSA7Z_1_1025_3690_1537_4202;-1;856;;[210, 86, 235, 111];0.0;296.0;0.0;;0.005687713623046875;0.0
GUSA7Z_1_1230_3690_1742_4202;4450;-1;[204, 98, 216, 111];;69.5;0.0;0.0;1.0;0.0;0.0
GUSA7Z_1_1230_3690_1742_4202;4451;975;[203, 44, 216, 65];[204, 44, 219, 67];159.0;250.0;0.6654676198959351;1.0;0.044342041015625;0.6885245901639344
GUSA7Z_1_1230_3690_1742_4202;4452;977;[60, 48, 85, 69];[62, 50, 85, 71];210.0;252.0;0.6563467383384705;1.0;0.01016998291015625;0.7653239929947461
GUSA7Z_1_1230_3690_1742_4202;4453;973;[82, 255, 120, 286];[84, 256, 121, 287];609.5;767.0;0.7752403616905212;1.0;0.77978515625;0.8674698795180723
GUSA7Z_1_1230_3690_1742_4202;4454;978;[49, 149, 66, 164];[48, 148, 67, 167];190.5;271.0;0.7133333086967468;1.0;0.00997161865234375;0.7063711911357341
GUSA7Z_1_1230_3690_1742_4202;4455;972;[349, 37, 394, 79];[350, 36, 395, 79];831.5;1342.0;0.6401933431625366;1.0;0.86083984375;0.9347496206373292
GUSA7Z_1_1230_3690_1742_4202;4456;974;[241, 16, 273, 33];[242, 16, 273, 35];326.0;441.0;0.7176938652992249;1.0;0.71044921875;0.8696369636963697
GUSA7Z_1_1230_3690_1742_4202;-1;976;;[4, 86, 29, 111];0.0;343.0;0.0;;0.012237548828125;0.0
GUSA7Z_1_1435_3690_1947_4202;4457;1093;[311, 375, 401, 471];[312, 376, 401, 471];4247.0;4267.0;0.9444567561149597;1.0;0.81640625;0.9785879629629629
GUSA7Z_1_1435_3690_1947_4202;4458;-1;[0, 98, 11, 111];;67.0;0.0;0.0;1.0;0.0;0.0
GUSA7Z_1_1435_3690_1947_4202;4459;-1;[376, 122, 384, 133];;52.5;0.0;0.0;1.0;0.0;0.0
GUSA7Z_1_1435_3690_1947_4202;4460;-1;[489, 307, 501, 313];;50.5;0.0;0.0;1.0;0.0;0.0
GUSA7Z_1_1435_3690_1947_4202;4461;-1;[338, 204, 352, 217];;79.5;0.0;0.0;1.0;0.0;0.0
GUSA7Z_1_1435_3690_1947_4202;4462;-1;[0, 44, 11, 65];;153.5;0.0;0.0;1.0;0.0;0.0
GUSA7Z_1_1435_3690_1947_4202;4463;1091;[356, 261, 396, 289];[358, 262, 397, 291];594.0;705.0;0.7915601134300232;1.0;0.86962890625;0.8375510204081633
GUSA7Z_1_1435_3690_1947_4202;4464;1092;[144, 37, 189, 79];[144, 36, 189, 81];831.5;1301.0;0.6541460156440735;1.0;0.85009765625;0.9333333333333333
GUSA7Z_1_1435_3690_1947_4202;4465;1094;[36, 16, 68, 33];[36, 16, 69, 35];326.0;447.0;0.736947774887085;1.0;0.7265625;0.8676236044657097
GUSA7Z_1_1435_3690_1947_4202;4466;1095;[430, 0, 512, 85];[432, 2, 509, 87];4273.0;3940.0;0.8531331419944763;1.0;0.056243896484375;0.8971083660864683
GUSA7Z_1_1640_3690_2152_4202;4467;1206;[106, 375, 196, 471];[108, 376, 195, 471];4247.0;4204.0;0.9436399936676025;1.0;0.79296875;0.9565972222222222
GUSA7Z_1_1640_3690_2152_4202;4468;1203;[355, 360, 401, 406];[358, 362, 403, 405];742.5;1132.0;0.6569105982780457;1.0;0.89501953125;0.8396911898274296
GUSA7Z_1_1640_3690_2152_4202;4469;1208;[333, 147, 356, 176];[334, 150, 357, 175];244.0;322.0;0.5898058414459229;1.0;0.03448486328125;0.7947976878612717
GUSA7Z_1_1640_3690_2152_4202;4470;1204;[427, 89, 483, 119];[432, 90, 485, 119];819.5;890.0;0.813725471496582;1.0;0.88720703125;0.8509781357882624
GUSA7Z_1_1640_3690_2152_4202;4471;-1;[332, 148, 358, 172];;220.5;0.0;0.0;1.0;0.0;0.0
GUSA7Z_1_1640_3690_2152_4202;4472;-1;[171, 122, 179, 133];;52.5;0.0;0.0;1.0;0.0;0.0
GUSA7Z_1_1640_3690_2152_4202;4473;-1;[284, 307, 296, 313];;50.5;0.0;0.0;1.0;0.0;0.0
GUSA7Z_1_1640_3690_2152_4202;4474;-1;[133, 204, 147, 217];;79.5;0.0;0.0;1.0;0.0;0.0
GUSA7Z_1_1640_3690_2152_4202;4475;1205;[151, 261, 191, 289];[152, 262, 193, 291];594.0;728.0;0.7977244257926941;1.0;0.86962890625;0.8383757961783439
GUSA7Z_1_1640_3690_2152_4202;4476;1207;[225, 0, 321, 85];[226, 2, 321, 87];4566.0;4507.0;0.8787515163421631;1.0;0.498046875;0.944311377245509
GUSA7Z_1_1845_3690_2357_4202;4477;-1;[306, 485, 372, 512];;1356.5;0.0;0.0;1.0;0.0;0.0
GUSA7Z_1_1845_3690_2357_4202;4478;1324;[388, 231, 499, 392];[390, 236, 497, 389];5360.0;6393.0;0.802252471446991;1.0;0.94384765625;0.9160651334564378
GUSA7Z_1_1845_3690_2357_4202;4479;1325;[150, 360, 196, 406];[152, 360, 197, 405];742.5;1180.0;0.656324565410614;1.0;0.888671875;0.9162424803331791
GUSA7Z_1_1845_3690_2357_4202;4480;1329;[128, 147, 151, 176];[130, 150, 151, 175];244.0;298.0;0.5974358916282654;1.0;0.0194244384765625;0.7871064467766117
GUSA7Z_1_1845_3690_2357_4202;4481;1326;[222, 89, 278, 119];[226, 90, 279, 119];819.5;902.0;0.8028985261917114;1.0;0.86962890625;0.882387361029842
GUSA7Z_1_1845_3690_2357_4202;4482;1327;[390, 0, 512, 52];[394, 2, 511, 53];4635.0;4582.0;0.8875470161437988;1.0;0.82080078125;0.9054325955734407
GUSA7Z_1_1845_3690_2357_4202;4483;-1;[127, 148, 153, 172];;220.5;0.0;0.0;1.0;0.0;0.0
GUSA7Z_1_1845_3690_2357_4202;4484;-1;[79, 307, 91, 313];;50.5;0.0;0.0;1.0;0.0;0.0
GUSA7Z_1_1845_3690_2357_4202;4485;1328;[20, 0, 116, 85];[22, 0, 115, 87];4566.0;4613.0;0.8994201421737671;1.0;0.67578125;0.9471603163191948
GUSA7Z_1_1845_3690_2357_4202;-1;1330;;[442, 288, 497, 329];0.0;1211.0;0.0;;0.0062408447265625;0.0
GUSA7Z_1_2050_3690_2562_4202;4486;-1;[431, 381, 454, 391];;161.5;0.0;0.0;1.0;0.0;0.0
GUSA7Z_1_2050_3690_2562_4202;4487;-1;[101, 485, 167, 512];;1356.5;0.0;0.0;1.0;0.0;0.0
GUSA7Z_1_2050_3690_2562_4202;4488;1446;[445, 309, 512, 338];[448, 312, 511, 337];1424.0;1275.0;0.8383579254150391;1.0;0.453369140625;0.8106021616057643
GUSA7Z_1_2050_3690_2562_4202;4489;1443;[183, 231, 294, 392];[186, 236, 291, 389];5360.0;6270.0;0.8036057353019714;1.0;0.9501953125;0.8989424206815512
GUSA7Z_1_2050_3690_2562_4202;4490;1444;[17, 89, 73, 119];[22, 90, 75, 119];819.5;923.0;0.7988505959510803;1.0;0.880859375;0.8509781357882624
GUSA7Z_1_2050_3690_2562_4202;4491;1447;[477, 52, 502, 70];[478, 52, 505, 73];248.0;363.0;0.6487804651260376;1.0;0.1451416015625;0.7384615384615385
GUSA7Z_1_2050_3690_2562_4202;4492;1445;[185, 0, 307, 52];[188, 0, 307, 53];4634.5;4731.0;0.927689254283905;1.0;0.85400390625;0.9574501005724896
GUSA7Z_1_2050_3690_2562_4202;-1;1448;;[242, 288, 291, 329];0.0;1107.0;0.0;;0.007404327392578125;0.0
GUSA7Z_1_2255_3690_2767_4202;4493;-1;[226, 381, 249, 391];;161.5;0.0;0.0;1.0;0.0;0.0
GUSA7Z_1_2255_3690_2767_4202;4494;1616;[240, 309, 313, 338];[244, 312, 313, 337];1505.0;1378.0;0.8484299778938293;1.0;0.8671875;0.814832309872461
GUSA7Z_1_2255_3690_2767_4202;4495;1615;[0, 231, 89, 392];[0, 236, 85, 389];4755.5;5801.0;0.781074583530426;1.0;0.86962890625;0.9075999720845838
GUSA7Z_1_2255_3690_2767_4202;4496;1620;[464, 165, 512, 224];[466, 166, 511, 227];1293.0;1573.0;0.764194667339325;1.0;0.019500732421875;0.8796764408493428
GUSA7Z_1_2255_3690_2767_4202;4497;1618;[272, 52, 297, 70];[274, 50, 299, 73];248.0;404.0;0.6286353468894958;1.0;0.443603515625;0.6775777414075287
GUSA7Z_1_2255_3690_2767_4202;4498;1617;[0, 0, 102, 52];[2, 2, 101, 53];4288.5;3733.0;0.8089324831962585;1.0;0.5390625;0.9161576901721266
GUSA7Z_1_2255_3690_2767_4202;-1;1619;;[310, 204, 363, 235];0.0;895.0;0.0;;0.0755615234375;0.0
GUSA7Z_1_2255_3690_2767_4202;-1;1621;;[38, 288, 85, 329];0.0;1125.0;0.0;;0.01519012451171875;0.0
GUSA7Z_1_2460_3690_2972_4202;4499;-1;[21, 381, 44, 391];;161.5;0.0;0.0;1.0;0.0;0.0
GUSA7Z_1_2460_3690_2972_4202;4500;1752;[35, 309, 108, 338];[38, 310, 109, 337];1505.0;1478.0;0.8639575839042664;1.0;0.880859375;0.8815298507462687
GUSA7Z_1_2460_3690_2972_4202;4501;-1;[472, 107, 484, 118];;91.0;0.0;0.0;1.0;0.0;0.0
GUSA7Z_1_2460_3690_2972_4202;4502;1751;[259, 165, 354, 224];[260, 166, 355, 227];1640.5;2279.0;0.7194066643714905;1.0;0.9052734375;0.9166106254203094
GUSA7Z_1_2460_3690_2972_4202;4503;1753;[67, 52, 92, 70];[70, 50, 95, 73];248.0;402.0;0.6219239234924316;1.0;0.1761474609375;0.629570747217806
GUSA7Z_1_2460_3690_2972_4202;4504;-1;[291, 0, 342, 5];;145.5;0.0;0.0;1.0;0.0;0.0
GUSA7Z_1_2460_3690_2972_4202;-1;1754;;[106, 204, 157, 235];0.0;889.0;0.0;;0.09039306640625;0.0
GUSA7Z_1_2665_3690_3177_4202;4505;1878;[355, 335, 426, 397];[358, 336, 429, 399];1211.0;2242.0;0.5798212289810181;1.0;0.84912109375;0.8775121641633171
GUSA7Z_1_2665_3690_3177_4202;4506;-1;[267, 107, 279, 118];;91.0;0.0;0.0;1.0;0.0;0.0
GUSA7Z_1_2665_3690_3177_4202;4507;1877;[54, 165, 149, 224];[56, 166, 151, 227];1640.5;2048.0;0.7961783409118652;1.0;0.8984375;0.8981018981018981
GUSA7Z_1_2665_3690_3177_4202;4508;1879;[368, 96, 506, 238];[378, 98, 505, 233];3014.0;3618.0;0.7958669066429138;1.0;0.77587890625;0.8749234537660747
GUSA7Z_1_2665_3690_3177_4202;4509;-1;[86, 0, 137, 5];;145.5;0.0;0.0;1.0;0.0;0.0
GUSA7Z_1_2870_3690_3382_4202;4510;1972;[150, 335, 221, 397];[154, 336, 223, 399];1211.0;2080.0;0.6044203639030457;1.0;0.84375;0.8766623766623767
GUSA7Z_1_2870_3690_3382_4202;4511;-1;[62, 107, 74, 118];;91.0;0.0;0.0;1.0;0.0;0.0
GUSA7Z_1_2870_3690_3382_4202;4512;1971;[163, 96, 301, 238];[172, 98, 299, 235];3014.0;3581.0;0.8045743107795715;1.0;0.91748046875;0.8878852827107573
GUSA7Z_1_2870_3690_3382_4202;4513;1973;[466, 89, 505, 123];[466, 88, 507, 125];700.0;885.0;0.7479338645935059;1.0;0.8388671875;0.8740936058009229
GUSA7Z_1_3075_3690_3587_4202;4514;-1;[354, 269, 365, 283];;108.5;0.0;0.0;1.0;0.0;0.0
GUSA7Z_1_3075_3690_3587_4202;4515;-1;[354, 252, 360, 262];;47.0;0.0;0.0;1.0;0.0;0.0
GUSA7Z_1_3075_3690_3587_4202;4516;-1;[508, 409, 512, 421];;32.5;0.0;0.0;1.0;0.0;0.0
GUSA7Z_1_3075_3690_3587_4202;4517;2077;[387, 421, 411, 439];[392, 422, 413, 441];215.5;263.0;0.6000000238418579;1.0;0.2081298828125;0.6358267716535433
GUSA7Z_1_3075_3690_3587_4202;4518;-1;[0, 344, 16, 369];;131.0;0.0;0.0;1.0;0.0;0.0
GUSA7Z_1_3075_3690_3587_4202;4519;-1;[351, 250, 360, 263];;85.5;0.0;0.0;1.0;0.0;0.0
GUSA7Z_1_3075_3690_3587_4202;4520;2075;[0, 97, 96, 195];[0, 98, 95, 173];2454.5;2843.0;0.7957433462142944;1.0;0.845703125;0.7573341836734694
GUSA7Z_1_3075_3690_3587_4202;4521;2076;[261, 89, 300, 123];[260, 88, 301, 127];700.0;923.0;0.7604060769081116;1.0;0.83984375;0.8292682926829268
GUSA7Z_1_3280_3690_3792_4202;4522;-1;[149, 269, 160, 283];;108.5;0.0;0.0;1.0;0.0;0.0
GUSA7Z_1_3280_3690_3792_4202;4523;-1;[149, 252, 155, 262];;47.0;0.0;0.0;1.0;0.0;0.0
GUSA7Z_1_3280_3690_3792_4202;4524;-1;[347, 267, 363, 285];;130.0;0.0;0.0;1.0;0.0;0.0
GUSA7Z_1_3280_3690_3792_4202;4525;-1;[303, 409, 313, 421];;74.5;0.0;0.0;1.0;0.0;0.0
GUSA7Z_1_3280_3690_3792_4202;4526;2171;[182, 421, 206, 439];[186, 422, 209, 441];215.5;278.0;0.6051872968673706;1.0;0.267333984375;0.6427221172022685
GUSA7Z_1_3280_3690_3792_4202;4527;-1;[353, 115, 361, 127];;55.5;0.0;0.0;1.0;0.0;0.0
GUSA7Z_1_3280_3690_3792_4202;4528;-1;[146, 250, 155, 263];;85.5;0.0;0.0;1.0;0.0;0.0
GUSA7Z_1_3280_3690_3792_4202;4529;-1;[347, 266, 364, 284];;141.0;0.0;0.0;1.0;0.0;0.0
GUSA7Z_1_3280_3690_3792_4202;4530;2170;[56, 89, 95, 123];[56, 88, 97, 127];700.0;924.0;0.7161226272583008;1.0;0.865234375;0.8292682926829268
GUSA7Z_1_3485_3690_3997_4202;4531;-1;[142, 267, 158, 285];;130.0;0.0;0.0;1.0;0.0;0.0
GUSA7Z_1_3485_3690_3997_4202;4532;2237;[98, 409, 108, 421];[96, 408, 113, 425];74.5;228.0;0.3607843220233917;1.0;0.00653839111328125;0.41522491349480967
GUSA7Z_1_3485_3690_3997_4202;4533;-1;[148, 115, 156, 127];;55.5;0.0;0.0;1.0;0.0;0.0
GUSA7Z_1_3485_3690_3997_4202;4534;-1;[142, 266, 159, 284];;141.0;0.0;0.0;1.0;0.0;0.0
GUSA7Z_1_3485_3690_3997_4202;4535;2236;[320, 205, 349, 242];[320, 204, 351, 255];592.5;1064.0;0.5627208352088928;1.0;0.763671875;0.6786843769765971
GUSA7Z_1_3690_3690_4202_4202;4536;2273;[115, 205, 144, 242];[116, 204, 145, 255];592.5;1062.0;0.5715555548667908;1.0;0.75048828125;0.683377308707124
GUSA7Z_1_3690_3690_4202_4202;-1;2274;;[246, 158, 271, 189];0.0;479.0;0.0;;0.0069580078125;0.0
GUSA7Z_1_3895_3690_4407_4202;4537;2297;[313, 397, 339, 419];[314, 398, 341, 423];231.5;391.0;0.5482456088066101;1.0;0.5869140625;0.7271468144044322
GUSA7Z_1_3895_3690_4407_4202;-1;2298;;[212, 36, 233, 53];0.0;228.0;0.0;;0.005218505859375;0.0
GUSA7Z_1_4017_3690_4529_4202;4538;2314;[191, 397, 217, 419];[192, 398, 219, 421];231.5;377.0;0.5833333134651184;1.0;0.55078125;0.7859281437125748
GUSA7Z_1_0_3895_512_4407;4539;-1;[326, 0, 345, 11];;123.5;0.0;0.0;1.0;0.0;0.0
GUSA7Z_1_0_3895_512_4407;4540;755;[383, 22, 435, 96];[386, 28, 437, 97];1922.5;2088.0;0.8612099885940552;1.0;0.90283203125;0.8257744733581165
GUSA7Z_1_205_3895_717_4407;4541;1525;[338, 473, 362, 489];[338, 474, 363, 491];170.5;294.0;0.6276922821998596;1.0;0.12127685546875;0.8017817371937639
GUSA7Z_1_205_3895_717_4407;4542;1524;[431, 431, 456, 458];[432, 434, 455, 455];284.0;307.0;0.6765432357788086;1.0;0.383056640625;0.7155555555555555
GUSA7Z_1_205_3895_717_4407;4543;1523;[436, 179, 450, 196];[438, 178, 455, 199];141.0;265.0;0.558922529220581;1.0;0.443603515625;0.5217391304347826
GUSA7Z_1_205_3895_717_4407;4544;1522;[337, 92, 376, 111];[338, 92, 379, 113];489.0;607.0;0.7882882952690125;1.0;0.7734375;0.8204545454545454
GUSA7Z_1_205_3895_717_4407;4545;-1;[320, 7, 330, 20];;108.5;0.0;0.0;1.0;0.0;0.0
GUSA7Z_1_205_3895_717_4407;4546;-1;[121, 0, 140, 11];;123.5;0.0;0.0;1.0;0.0;0.0
GUSA7Z_1_205_3895_717_4407;4547;1521;[178, 22, 230, 96];[180, 28, 231, 97];1922.5;2054.0;0.8828869462013245;1.0;0.90380859375;0.8570708343836653
GUSA7Z_1_410_3895_922_4407;4548;-1;[305, 221, 318, 239];;111.5;0.0;0.0;1.0;0.0;0.0
GUSA7Z_1_410_3895_922_4407;4549;2375;[133, 473, 157, 489];[134, 474, 159, 491];170.5;280.0;0.6360759735107422;1.0;0.23095703125;0.7435344827586207
GUSA7Z_1_410_3895_922_4407;4550;2374;[226, 431, 251, 458];[226, 434, 251, 455];284.0;326.0;0.6778846383094788;1.0;0.56591796875;0.7777777777777778
GUSA7Z_1_410_3895_922_4407;4551;-1;[314, 205, 329, 222];;164.0;0.0;0.0;1.0;0.0;0.0
GUSA7Z_1_410_3895_922_4407;4552;2376;[231, 179, 245, 196];[232, 178, 249, 199];141.0;266.0;0.5704697966575623;1.0;0.2294921875;0.5909090909090909
GUSA7Z_1_410_3895_922_4407;4553;2377;[482, 145, 498, 161];[482, 144, 499, 163];145.5;214.0;0.6392157077789307;1.0;0.167724609375;0.7925696594427245
GUSA7Z_1_410_3895_922_4407;4554;2373;[132, 92, 171, 111];[132, 92, 173, 113];489.0;618.0;0.8008981943130493;1.0;0.71044921875;0.8606271777003485
GUSA7Z_1_410_3895_922_4407;4555;-1;[115, 7, 125, 20];;108.5;0.0;0.0;1.0;0.0;0.0
GUSA7Z_1_410_3895_922_4407;4556;-1;[0, 38, 25, 96];;894.5;0.0;0.0;1.0;0.0;0.0
GUSA7Z_1_410_3895_922_4407;4557;-1;[363, 0, 411, 56];;497.0;0.0;0.0;1.0;0.0;0.0
GUSA7Z_1_615_3895_1127_4407;4558;-1;[100, 221, 113, 239];;111.5;0.0;0.0;1.0;0.0;0.0
GUSA7Z_1_615_3895_1127_4407;4559;2470;[21, 431, 46, 458];[22, 434, 45, 455];284.0;307.0;0.6633906364440918;1.0;0.46484375;0.7155555555555555
GUSA7Z_1_615_3895_1127_4407;4560;-1;[109, 205, 124, 222];;164.0;0.0;0.0;1.0;0.0;0.0
GUSA7Z_1_615_3895_1127_4407;4561;2472;[26, 179, 40, 196];[28, 178, 43, 199];141.0;246.0;0.5949820876121521;1.0;0.193115234375;0.5845272206303725
GUSA7Z_1_615_3895_1127_4407;4562;2471;[277, 145, 293, 161];[276, 144, 293, 163];145.5;215.0;0.6772908568382263;1.0;0.3701171875;0.7925696594427245
GUSA7Z_1_615_3895_1127_4407;4563;2469;[356, 122, 442, 188];[358, 124, 443, 189];2600.0;2614.0;0.9037788510322571;1.0;0.9375;0.9229184549356223
GUSA7Z_1_615_3895_1127_4407;4564;-1;[158, 0, 206, 56];;497.0;0.0;0.0;1.0;0.0;0.0
GUSA7Z_1_820_3895_1332_4407;4565;2587;[72, 145, 88, 161];[72, 144, 89, 163];145.5;209.0;0.6520000100135803;1.0;0.35400390625;0.7925696594427245
GUSA7Z_1_820_3895_1332_4407;4566;2586;[151, 122, 237, 188];[152, 124, 237, 189];2600.0;2602.0;0.9180212020874023;1.0;0.931640625;0.9442805068564485
GUSA7Z_1_820_3895_1332_4407;4567;-1;[492, 51, 512, 81];;405.0;0.0;0.0;1.0;0.0;0.0
GUSA7Z_1_1025_3895_1537_4407;4568;858;[436, 427, 460, 455];[436, 428, 461, 457];348.5;424.0;0.7893617153167725;1.0;0.751953125;0.8651535380507344
GUSA7Z_1_1025_3895_1537_4407;4569;859;[0, 122, 32, 164];[0, 124, 33, 165];884.0;875.0;0.8777555227279663;1.0;0.006290435791015625;0.903316866619619
GUSA7Z_1_1025_3895_1537_4407;4570;857;[287, 50, 325, 81];[288, 50, 325, 81];609.5;775.0;0.7918170690536499;1.0;0.77587890625;0.9736842105263158
GUSA7Z_1_1230_3895_1742_4407;4571;980;[231, 427, 255, 455];[230, 428, 255, 457];348.5;430.0;0.7703549265861511;1.0;0.73388671875;0.8651535380507344
GUSA7Z_1_1230_3895_1742_4407;4572;979;[82, 50, 120, 81];[84, 50, 121, 81];609.5;758.0;0.787104606628418;1.0;0.83984375;0.9230769230769231
GUSA7Z_1_1435_3895_1947_4407;4573;1100;[26, 427, 50, 455];[26, 428, 51, 457];348.5;416.0;0.7978494763374329;1.0;0.69091796875;0.8651535380507344
GUSA7Z_1_1435_3895_1947_4407;4574;1096;[339, 394, 419, 487];[340, 396, 419, 485];2300.5;2921.0;0.7739596366882324;1.0;0.9365234375;0.9450268817204301
GUSA7Z_1_1435_3895_1947_4407;4575;1098;[311, 170, 401, 266];[312, 170, 399, 265];4247.0;4219.0;0.9439377188682556;1.0;0.85986328125;0.9565972222222222
GUSA7Z_1_1435_3895_1947_4407;4576;-1;[489, 102, 501, 108];;50.5;0.0;0.0;1.0;0.0;0.0
GUSA7Z_1_1435_3895_1947_4407;4577;-1;[338, 0, 352, 12];;77.5;0.0;0.0;1.0;0.0;0.0
GUSA7Z_1_1435_3895_1947_4407;4578;1097;[356, 56, 396, 84];[358, 58, 397, 85];594.0;681.0;0.7800776362419128;1.0;0.88232421875;0.8337552742616033
GUSA7Z_1_1435_3895_1947_4407;-1;1099;;[460, 336, 509, 355];0.0;697.0;0.0;;0.78271484375;0.0
GUSA7Z_1_1640_3895_2152_4407;4579;-1;[303, 433, 468, 512];;3383.0;0.0;0.0;1.0;0.0;0.0
GUSA7Z_1_1640_3895_2152_4407;4580;1209;[134, 394, 214, 487];[136, 396, 215, 485];2300.5;2987.0;0.7626278400421143;1.0;0.90673828125;0.9220347987780582
GUSA7Z_1_1640_3895_2152_4407;4581;1212;[106, 170, 196, 266];[108, 170, 195, 265];4247.0;4255.0;0.9424524307250977;1.0;0.81396484375;0.9565972222222222
GUSA7Z_1_1640_3895_2152_4407;4582;1210;[355, 155, 401, 201];[358, 156, 403, 201];742.5;1177.0;0.6431962251663208;1.0;0.892578125;0.8771532184950136
GUSA7Z_1_1640_3895_2152_4407;4583;-1;[284, 102, 296, 108];;50.5;0.0;0.0;1.0;0.0;0.0
GUSA7Z_1_1640_3895_2152_4407;4584;-1;[133, 0, 147, 12];;77.5;0.0;0.0;1.0;0.0;0.0
GUSA7Z_1_1640_3895_2152_4407;4585;1211;[151, 56, 191, 84];[152, 58, 193, 85];594.0;707.0;0.7784810066223145;1.0;0.8623046875;0.8359439406430338
GUSA7Z_1_1640_3895_2152_4407;-1;1213;;[256, 336, 305, 357];0.0;677.0;0.0;;0.7490234375;0.0
GUSA7Z_1_1845_3895_2357_4407;4586;1335;[462, 400, 481, 421];[462, 400, 483, 423];190.5;300.0;0.6597014665603638;1.0;0.1571044921875;0.8260869565217391
GUSA7Z_1_1845_3895_2357_4407;4587;1332;[306, 280, 376, 325];[308, 280, 377, 325];2101.0;2180.0;0.9206554293632507;1.0;0.92724609375;0.9577464788732394
GUSA7Z_1_1845_3895_2357_4407;4588;1331;[388, 26, 499, 187];[390, 30, 497, 183];5360.0;6390.0;0.8074552416801453;1.0;0.95947265625;0.9160651334564378
GUSA7Z_1_1845_3895_2357_4407;4589;-1;[98, 433, 263, 512];;3383.0;0.0;0.0;1.0;0.0;0.0
GUSA7Z_1_1845_3895_2357_4407;4590;1333;[150, 155, 196, 201];[152, 156, 197, 201];742.5;1178.0;0.6513833999633789;1.0;0.88427734375;0.9162424803331791
GUSA7Z_1_1845_3895_2357_4407;4591;-1;[79, 102, 91, 108];;50.5;0.0;0.0;1.0;0.0;0.0
GUSA7Z_1_1845_3895_2357_4407;-1;1334;;[50, 334, 101, 357];0.0;809.0;0.0;;0.60205078125;0.0
GUSA7Z_1_2050_3895_2562_4407;4592;-1;[431, 176, 454, 186];;161.5;0.0;0.0;1.0;0.0;0.0
GUSA7Z_1_2050_3895_2562_4407;4593;1452;[257, 400, 276, 421];[258, 400, 277, 423];190.5;259.0;0.6797385811805725;1.0;0.1171875;0.8253275109170306
GUSA7Z_1_2050_3895_2562_4407;4594;1450;[101, 280, 171, 325];[102, 280, 173, 325];2101.0;2220.0;0.9186195135116577;1.0;0.92138671875;0.9583333333333334
GUSA7Z_1_2050_3895_2562_4407;4595;1451;[445, 104, 512, 133];[448, 106, 511, 133];1424.0;1316.0;0.8415716290473938;1.0;0.470703125;0.8754503345342254
GUSA7Z_1_2050_3895_2562_4407;4596;1449;[183, 26, 294, 187];[186, 30, 291, 183];5360.0;6319.0;0.8047990798950195;1.0;0.94677734375;0.8989424206815512
GUSA7Z_1_2050_3895_2562_4407;4597;-1;[0, 433, 58, 512];;1133.0;0.0;0.0;1.0;0.0;0.0
GUSA7Z_1_2050_3895_2562_4407;-1;1453;;[240, 82, 291, 123];0.0;1152.0;0.0;;0.009674072265625;0.0
GUSA7Z_1_2255_3895_2767_4407;4598;-1;[226, 176, 249, 186];;161.5;0.0;0.0;1.0;0.0;0.0
GUSA7Z_1_2255_3895_2767_4407;4599;1626;[52, 400, 71, 421];[52, 400, 73, 423];190.5;296.0;0.6717325448989868;1.0;0.0943603515625;0.8260869565217391
GUSA7Z_1_2255_3895_2767_4407;4600;1623;[347, 356, 389, 403];[348, 356, 389, 405];758.0;1192.0;0.6441476941108704;1.0;0.8662109375;0.9372568093385214
GUSA7Z_1_2255_3895_2767_4407;4601;1624;[240, 104, 313, 133];[244, 106, 313, 133];1505.0;1479.0;0.8562206625938416;1.0;0.85498046875;0.8800188946622579
GUSA7Z_1_2255_3895_2767_4407;4602;1622;[0, 26, 89, 187];[0, 30, 85, 185];4755.5;5799.0;0.7889479398727417;1.0;0.89404296875;0.919464024007258
GUSA7Z_1_2255_3895_2767_4407;4603;-1;[464, 0, 512, 19];;447.0;0.0;0.0;1.0;0.0;0.0
GUSA7Z_1_2255_3895_2767_4407;-1;1625;;[310, 0, 361, 29];0.0;890.0;0.0;;0.1661376953125;0.0
GUSA7Z_1_2255_3895_2767_4407;-1;1627;;[40, 82, 85, 123];0.0;1052.0;0.0;;0.01214599609375;0.0
GUSA7Z_1_2460_3895_2972_4407;4604;-1;[21, 176, 44, 186];;161.5;0.0;0.0;1.0;0.0;0.0
GUSA7Z_1_2460_3895_2972_4407;4605;-1;[497, 414, 512, 439];;293.0;0.0;0.0;1.0;0.0;0.0
GUSA7Z_1_2460_3895_2972_4407;4606;1755;[142, 356, 184, 403];[144, 356, 185, 405];758.0;1173.0;0.6478537321090698;1.0;0.85498046875;0.89396100808369
GUSA7Z_1_2460_3895_2972_4407;4607;1756;[35, 104, 108, 133];[38, 106, 109, 133];1505.0;1491.0;0.8626760840415955;1.0;0.8056640625;0.8815298507462687
GUSA7Z_1_2460_3895_2972_4407;4608;-1;[259, 0, 308, 19];;448.0;0.0;0.0;1.0;0.0;0.0
GUSA7Z_1_2460_3895_2972_4407;-1;1757;;[106, 0, 157, 29];0.0;896.0;0.0;;0.2288818359375;0.0
GUSA7Z_1_2665_3895_3177_4407;4609;1880;[292, 401, 389, 452];[292, 402, 393, 451];2654.5;2986.0;0.8759987354278564;1.0;0.94140625;0.9241687730896364
GUSA7Z_1_2665_3895_3177_4407;4610;1881;[355, 130, 426, 192];[356, 130, 429, 195];1211.0;2310.0;0.5620887875556946;1.0;0.85302734375;0.9028500104014978
GUSA7Z_1_2665_3895_3177_4407;4611;-1;[54, 0, 103, 19];;448.0;0.0;0.0;1.0;0.0;0.0
GUSA7Z_1_2870_3895_3382_4407;4612;1974;[87, 401, 184, 452];[88, 402, 187, 451];2654.5;2953.0;0.8786219954490662;1.0;0.927734375;0.9234393404004712
GUSA7Z_1_2870_3895_3382_4407;4613;1975;[150, 130, 221, 192];[152, 130, 223, 195];1211.0;2292.0;0.5701791048049927;1.0;0.86083984375;0.9027220932686221
GUSA7Z_1_2870_3895_3382_4407;-1;1976;;[356, 318, 393, 369];0.0;980.0;0.0;;0.011505126953125;0.0
GUSA7Z_1_3075_3895_3587_4407;4614;-1;[354, 64, 365, 78];;108.5;0.0;0.0;1.0;0.0;0.0
GUSA7Z_1_3075_3895_3587_4407;4615;-1;[354, 47, 360, 57];;47.0;0.0;0.0;1.0;0.0;0.0
GUSA7Z_1_3075_3895_3587_4407;4616;-1;[508, 204, 512, 216];;32.5;0.0;0.0;1.0;0.0;0.0
GUSA7Z_1_3075_3895_3587_4407;4617;2078;[387, 216, 411, 234];[392, 218, 413, 237];215.5;250.0;0.5909090638160706;1.0;0.1268310546875;0.5768500948766604
GUSA7Z_1_3075_3895_3587_4407;4618;-1;[0, 139, 16, 164];;131.0;0.0;0.0;1.0;0.0;0.0
GUSA7Z_1_3075_3895_3587_4407;4619;-1;[351, 45, 360, 58];;85.5;0.0;0.0;1.0;0.0;0.0
GUSA7Z_1_3280_3895_3792_4407;4620;-1;[149, 64, 160, 78];;108.5;0.0;0.0;1.0;0.0;0.0
GUSA7Z_1_3280_3895_3792_4407;4621;-1;[149, 47, 155, 57];;47.0;0.0;0.0;1.0;0.0;0.0
GUSA7Z_1_3280_3895_3792_4407;4622;-1;[347, 62, 363, 80];;130.0;0.0;0.0;1.0;0.0;0.0
GUSA7Z_1_3280_3895_3792_4407;4623;-1;[303, 204, 313, 216];;74.5;0.0;0.0;1.0;0.0;0.0
GUSA7Z_1_3280_3895_3792_4407;4624;2172;[182, 216, 206, 234];[186, 218, 209, 237];215.5;260.0;0.6054216623306274;1.0;0.23095703125;0.5828779599271403
GUSA7Z_1_3280_3895_3792_4407;4625;-1;[146, 45, 155, 58];;85.5;0.0;0.0;1.0;0.0;0.0
GUSA7Z_1_3280_3895_3792_4407;4626;-1;[347, 61, 364, 79];;141.0;0.0;0.0;1.0;0.0;0.0
GUSA7Z_1_3485_3895_3997_4407;4627;-1;[142, 62, 158, 80];;130.0;0.0;0.0;1.0;0.0;0.0
GUSA7Z_1_3485_3895_3997_4407;4628;-1;[98, 204, 108, 216];;74.5;0.0;0.0;1.0;0.0;0.0
GUSA7Z_1_3485_3895_3997_4407;4629;-1;[142, 61, 159, 79];;141.0;0.0;0.0;1.0;0.0;0.0
GUSA7Z_1_3485_3895_3997_4407;4630;2238;[320, 0, 349, 37];[320, 2, 351, 51];592.5;1035.0;0.5650224089622498;1.0;0.7880859375;0.6436271401395054
GUSA7Z_1_3690_3895_4202_4407;4631;2276;[331, 345, 346, 356];[330, 344, 349, 361];91.5;208.0;0.4476987421512604;1.0;0.049407958984375;0.5108359133126935
GUSA7Z_1_3690_3895_4202_4407;4632;2275;[115, 0, 144, 37];[116, 2, 147, 51];592.5;1064.0;0.539130449295044;1.0;0.81982421875;0.607940446650124
GUSA7Z_1_3895_3895_4407_4407;4633;2299;[313, 192, 339, 214];[314, 194, 341, 217];231.5;376.0;0.5626423954963684;1.0;0.517578125;0.7215007215007215
GUSA7Z_1_3895_3895_4407_4407;4634;2300;[126, 345, 141, 356];[124, 344, 145, 361];91.5;211.0;0.47058823704719543;1.0;0.033966064453125;0.46218487394957986
GUSA7Z_1_4017_3895_4529_4407;4635;2315;[191, 192, 217, 214];[192, 194, 219, 217];231.5;368.0;0.5730858445167542;1.0;0.6259765625;0.7215007215007215
GUSA7Z_1_4017_3895_4529_4407;4636;2316;[4, 345, 19, 356];[2, 344, 21, 361];91.5;196.0;0.5;1.0;0.0163421630859375;0.5108359133126935
GUSA7Z_1_205_4100_717_4612;4637;-1;[470, 489, 512, 512];;532.5;0.0;0.0;1.0;0.0;0.0
GUSA7Z_1_205_4100_717_4612;4638;1527;[338, 268, 362, 284];[338, 268, 365, 285];170.5;316.0;0.5942028760910034;1.0;0.235107421875;0.8366013071895425
GUSA7Z_1_205_4100_717_4612;4639;1526;[431, 226, 456, 253];[432, 228, 455, 251];284.0;337.0;0.6849641799926758;1.0;0.4609375;0.7837037037037037
GUSA7Z_1_410_4100_922_4612;4640;-1;[305, 16, 318, 34];;111.5;0.0;0.0;1.0;0.0;0.0
GUSA7Z_1_410_4100_922_4612;4641;2380;[265, 489, 317, 512];[266, 488, 319, 511];654.5;811.0;0.7301414608955383;1.0;0.078369140625;0.8677494199535963
GUSA7Z_1_410_4100_922_4612;4642;2379;[133, 268, 157, 284];[134, 268, 159, 285];170.5;306.0;0.5988200306892395;1.0;0.1981201171875;0.8344671201814059
GUSA7Z_1_410_4100_922_4612;4643;2378;[226, 226, 251, 253];[226, 228, 251, 251];284.0;374.0;0.6931818127632141;1.0;0.5;0.8518518518518519
GUSA7Z_1_410_4100_922_4612;4644;-1;[314, 0, 329, 17];;164.0;0.0;0.0;1.0;0.0;0.0
GUSA7Z_1_615_4100_1127_4612;4645;-1;[100, 16, 113, 34];;111.5;0.0;0.0;1.0;0.0;0.0
GUSA7Z_1_615_4100_1127_4612;4646;2474;[60, 489, 112, 512];[76, 488, 113, 511];654.5;574.0;0.5905325412750244;1.0;0.012725830078125;0.6310756972111554
GUSA7Z_1_615_4100_1127_4612;4647;2473;[21, 226, 46, 253];[22, 228, 45, 251];284.0;342.0;0.6666666865348816;1.0;0.56982421875;0.7837037037037037
GUSA7Z_1_615_4100_1127_4612;4648;-1;[109, 0, 124, 17];;164.0;0.0;0.0;1.0;0.0;0.0
GUSA7Z_1_1025_4100_1537_4612;4649;860;[436, 222, 460, 250];[436, 222, 461, 251];348.5;424.0;0.7906976938247681;1.0;0.76904296875;0.926896551724138
GUSA7Z_1_1230_4100_1742_4612;4650;982;[394, 474, 434, 490];[392, 472, 435, 491];335.0;621.0;0.5697329640388489;1.0;0.7216796875;0.7833537331701347
GUSA7Z_1_1230_4100_1742_4612;4651;981;[231, 222, 255, 250];[230, 222, 255, 251];348.5;430.0;0.7815126180648804;1.0;0.72509765625;0.926896551724138
GUSA7Z_1_1435_4100_1947_4612;4652;1103;[189, 474, 229, 490];[186, 472, 231, 491];335.0;653.0;0.5423728823661804;1.0;0.72802734375;0.7485380116959064
GUSA7Z_1_1435_4100_1947_4612;4653;1104;[26, 222, 50, 250];[26, 224, 51, 251];348.5;402.0;0.7809110879898071;1.0;0.66015625;0.8630705394190872
GUSA7Z_1_1435_4100_1947_4612;4654;1101;[339, 189, 419, 282];[340, 192, 419, 281];2300.5;3050.0;0.7541183829307556;1.0;0.91845703125;0.9450268817204301
GUSA7Z_1_1435_4100_1947_4612;4655;1105;[317, 0, 401, 61];[316, 2, 399, 59];2599.0;2439.0;0.8643767833709717;1.0;0.01229095458984375;0.9021424435437174
GUSA7Z_1_1435_4100_1947_4612;-1;1102;;[460, 130, 509, 151];0.0;721.0;0.0;;0.81396484375;0.0
GUSA7Z_1_1640_4100_2152_4612;4656;-1;[0, 474, 24, 488];;178.5;0.0;0.0;1.0;0.0;0.0
GUSA7Z_1_1640_4100_2152_4612;4657;1215;[303, 228, 468, 331];[304, 230, 469, 333];4445.0;4863.0;0.8794488906860352;1.0;0.85595703125;0.9505336852978308
GUSA7Z_1_1640_4100_2152_4612;4658;1214;[134, 189, 214, 282];[134, 190, 215, 281];2300.5;3065.0;0.756008505821228;1.0;0.9287109375;0.9666710928163591
GUSA7Z_1_1640_4100_2152_4612;4659;1217;[112, 0, 196, 61];[112, 0, 195, 59];2599.0;2588.0;0.9014381170272827;1.0;0.030670166015625;0.9556986729117877
GUSA7Z_1_1640_4100_2152_4612;-1;1216;;[256, 130, 305, 151];0.0;740.0;0.0;;0.78125;0.0
GUSA7Z_1_1845_4100_2357_4612;4660;1339;[462, 195, 481, 216];[462, 194, 483, 217];190.5;308.0;0.647230327129364;1.0;0.2509765625;0.8260869565217391
GUSA7Z_1_1845_4100_2357_4612;4661;1336;[306, 75, 376, 120];[308, 76, 377, 121];2101.0;2170.0;0.9057008028030396;1.0;0.9267578125;0.9169475942384309
GUSA7Z_1_1845_4100_2357_4612;4662;1337;[98, 228, 263, 331];[102, 230, 263, 331];4445.0;4854.0;0.8729007840156555;1.0;0.8681640625;0.9568108267137393
GUSA7Z_1_1845_4100_2357_4612;-1;1338;;[50, 130, 99, 151];0.0;753.0;0.0;;0.56591796875;0.0
GUSA7Z_1_2050_4100_2562_4612;4663;1456;[387, 341, 404, 349];[386, 338, 409, 353];108.0;255.0;0.45104894042015076;1.0;0.006511688232421875;0.39420289855072466
GUSA7Z_1_2050_4100_2562_4612;4664;1455;[257, 195, 276, 216];[258, 194, 277, 217];190.5;279.0;0.6761006116867065;1.0;0.1217041015625;0.8253275109170306
GUSA7Z_1_2050_4100_2562_4612;4665;1454;[101, 75, 171, 120];[102, 76, 173, 121];2101.0;2200.0;0.9119281768798828;1.0;0.92431640625;0.9174977334542158
GUSA7Z_1_2050_4100_2562_4612;4666;-1;[0, 228, 58, 331];;1684.5;0.0;0.0;1.0;0.0;0.0
GUSA7Z_1_2255_4100_2767_4612;4667;-1;[182, 341, 199, 349];;108.0;0.0;0.0;1.0;0.0;0.0
GUSA7Z_1_2255_4100_2767_4612;4668;1630;[387, 464, 407, 482];[390, 464, 409, 483];217.5;264.0;0.6595091819763184;1.0;0.422607421875;0.7373493975903614
GUSA7Z_1_2255_4100_2767_4612;4669;1629;[305, 416, 360, 449];[308, 416, 365, 451];791.5;1259.0;0.6384730339050293;1.0;0.8427734375;0.8194842406876791
GUSA7Z_1_2255_4100_2767_4612;4670;1632;[322, 365, 337, 390];[322, 364, 339, 391];231.0;320.0;0.6902173757553101;1.0;0.11395263671875;0.8169934640522876
GUSA7Z_1_2255_4100_2767_4612;4671;1631;[52, 195, 71, 216];[52, 194, 73, 217];190.5;295.0;0.6768292784690857;1.0;0.1744384765625;0.8260869565217391
GUSA7Z_1_2255_4100_2767_4612;4672;1628;[347, 151, 389, 198];[348, 150, 389, 199];758.0;1176.0;0.6539379358291626;1.0;0.85009765625;0.9372568093385214
GUSA7Z_1_2460_4100_2972_4612;4673;1760;[182, 464, 202, 482];[184, 464, 203, 483];217.5;259.0;0.7225806713104248;1.0;0.43017578125;0.8161209068010076
GUSA7Z_1_2460_4100_2972_4612;4674;1758;[100, 416, 155, 449];[104, 416, 159, 451];791.5;1253.0;0.6349325180053711;1.0;0.85107421875;0.8181818181818182
GUSA7Z_1_2460_4100_2972_4612;4675;1761;[117, 365, 132, 390];[116, 364, 133, 391];231.0;328.0;0.7038043737411499;1.0;0.1470947265625;0.8169934640522876
GUSA7Z_1_2460_4100_2972_4612;4676;-1;[497, 209, 512, 234];;293.0;0.0;0.0;1.0;0.0;0.0
GUSA7Z_1_2460_4100_2972_4612;4677;1759;[142, 151, 184, 198];[144, 150, 185, 199];758.0;1157.0;0.6570048332214355;1.0;0.8291015625;0.89396100808369
GUSA7Z_1_2665_4100_3177_4612;4678;1882;[292, 196, 389, 247];[292, 198, 393, 247];2654.5;2927.0;0.8785621523857117;1.0;0.94677734375;0.9241687730896364
GUSA7Z_1_2665_4100_3177_4612;-1;1883;;[114, 278, 233, 389];0.0;1371.0;0.0;;0.00881195068359375;0.0
GUSA7Z_1_2870_4100_3382_4612;4679;1977;[87, 196, 184, 247];[88, 198, 187, 247];2654.5;2902.0;0.880975604057312;1.0;0.94921875;0.9234393404004712
GUSA7Z_1_2870_4100_3382_4612;-1;1978;;[356, 112, 393, 165];0.0;997.0;0.0;;0.030670166015625;0.0
GUSA7Z_1_3075_4100_3587_4612;4680;-1;[508, 0, 512, 11];;31.0;0.0;0.0;1.0;0.0;0.0
GUSA7Z_1_3075_4100_3587_4612;4681;2079;[387, 11, 411, 29];[392, 12, 413, 31];215.5;262.0;0.6077844500541687;1.0;0.1339111328125;0.6358267716535433
GUSA7Z_1_3075_4100_3587_4612;-1;2080;;[150, 114, 187, 165];0.0;939.0;0.0;;0.005321502685546875;0.0
GUSA7Z_1_3280_4100_3792_4612;4682;-1;[303, 0, 313, 11];;70.0;0.0;0.0;1.0;0.0;0.0
GUSA7Z_1_3280_4100_3792_4612;4683;2173;[182, 11, 206, 29];[186, 12, 209, 31];215.5;272.0;0.6194690465927124;1.0;0.259765625;0.6427221172022685
GUSA7Z_1_3485_4100_3997_4612;4684;-1;[98, 0, 108, 11];;70.0;0.0;0.0;1.0;0.0;0.0
GUSA7Z_1_3690_4100_4202_4612;4685;-1;[479, 430, 503, 443];;215.5;0.0;0.0;1.0;0.0;0.0
GUSA7Z_1_3690_4100_4202_4612;4686;-1;[416, 304, 431, 322];;149.0;0.0;0.0;1.0;0.0;0.0
GUSA7Z_1_3690_4100_4202_4612;4687;2277;[331, 140, 346, 151];[330, 138, 349, 155];91.5;205.0;0.4890829622745514;1.0;0.0185394287109375;0.5108359133126935
GUSA7Z_1_3895_4100_4407_4612;4688;-1;[274, 430, 298, 443];;215.5;0.0;0.0;1.0;0.0;0.0
GUSA7Z_1_3895_4100_4407_4612;4689;-1;[320, 0, 334, 9];;83.0;0.0;0.0;1.0;0.0;0.0
GUSA7Z_1_3895_4100_4407_4612;4690;-1;[211, 304, 226, 322];;149.0;0.0;0.0;1.0;0.0;0.0
GUSA7Z_1_3895_4100_4407_4612;4691;2301;[126, 140, 141, 151];[124, 138, 145, 155];91.5;212.0;0.47280335426330566;1.0;0.063720703125;0.46218487394957986
GUSA7Z_1_4017_4100_4529_4612;4692;-1;[152, 430, 176, 443];;215.5;0.0;0.0;1.0;0.0;0.0
GUSA7Z_1_4017_4100_4529_4612;4693;-1;[198, 0, 212, 9];;83.0;0.0;0.0;1.0;0.0;0.0
GUSA7Z_1_4017_4100_4529_4612;4694;-1;[89, 304, 104, 322];;149.0;0.0;0.0;1.0;0.0;0.0
GUSA7Z_1_4017_4100_4529_4612;4695;-1;[4, 140, 19, 151];;91.5;0.0;0.0;1.0;0.0;0.0
GUSA7Z_1_205_4305_717_4817;4696;1528;[470, 284, 512, 330];[470, 286, 511, 327];982.5;1261.0;0.6930069923400879;1.0;0.83447265625;0.8700828157349897
GUSA7Z_1_205_4305_717_4817;4697;1530;[338, 63, 362, 79];[338, 64, 363, 81];170.5;290.0;0.6296296119689941;1.0;0.1871337890625;0.8017817371937639
GUSA7Z_1_205_4305_717_4817;4698;1529;[431, 21, 456, 48];[432, 24, 455, 47];284.0;331.0;0.6438679099082947;1.0;0.56787109375;0.7837037037037037
GUSA7Z_1_410_4305_922_4817;4699;2381;[265, 284, 322, 330];[266, 282, 323, 327];1161.5;1759.0;0.6545550227165222;1.0;0.8759765625;0.8664987405541562
GUSA7Z_1_410_4305_922_4817;4700;2383;[133, 63, 157, 79];[134, 64, 159, 81];170.5;286.0;0.6203703880310059;1.0;0.33447265625;0.7435344827586207
GUSA7Z_1_410_4305_922_4817;4701;2382;[226, 21, 251, 48];[226, 22, 251, 47];284.0;405.0;0.6638115644454956;1.0;0.5888671875;0.9259259259259259
GUSA7Z_1_615_4305_1127_4817;4702;2475;[60, 284, 117, 330];[60, 282, 117, 327];1161.5;1747.0;0.6664890646934509;1.0;0.87890625;0.8958333333333334
GUSA7Z_1_615_4305_1127_4817;4703;2476;[21, 21, 46, 48];[22, 22, 45, 47];284.0;387.0;0.7004504799842834;1.0;0.5869140625;0.8518518518518519
GUSA7Z_1_1025_4305_1537_4817;4704;863;[303, 333, 333, 371];[306, 336, 333, 373];349.5;551.0;0.6140350699424744;1.0;0.023956298828125;0.7914572864321608
GUSA7Z_1_1025_4305_1537_4817;4705;862;[436, 17, 460, 45];[436, 18, 461, 47];348.5;409.0;0.8100436925888062;1.0;0.70556640625;0.8651535380507344
GUSA7Z_1_1230_4305_1742_4817;4706;988;[409, 445, 418, 463];[408, 444, 425, 467];107.5;271.0;0.430463582277298;1.0;0.153076171875;0.4143222506393862
GUSA7Z_1_1230_4305_1742_4817;4707;989;[98, 333, 128, 371];[102, 334, 129, 373];349.5;526.0;0.6543624401092529;1.0;0.0153045654296875;0.7814784727863525
GUSA7Z_1_1230_4305_1742_4817;4708;987;[394, 269, 434, 285];[392, 268, 435, 287];335.0;603.0;0.5871559381484985;1.0;0.68408203125;0.7833537331701347
GUSA7Z_1_1230_4305_1742_4817;4709;986;[231, 17, 255, 45];[230, 18, 255, 47];348.5;427.0;0.7752100825309753;1.0;0.70751953125;0.8651535380507344
GUSA7Z_1_1230_4305_1742_4817;-1;990;;[480, 382, 499, 401];0.0;245.0;0.0;;0.00518035888671875;0.0
GUSA7Z_1_1435_4305_1947_4817;4710;1112;[204, 445, 213, 463];[202, 444, 219, 467];107.5;273.0;0.4248366057872772;1.0;0.11199951171875;0.4143222506393862
GUSA7Z_1_1435_4305_1947_4817;4711;1109;[189, 269, 229, 285];[188, 266, 231, 287];335.0;667.0;0.5325936079025269;1.0;0.66357421875;0.70874861572536
GUSA7Z_1_1435_4305_1947_4817;4712;1110;[26, 17, 50, 45];[26, 18, 51, 47];348.5;434.0;0.7978947162628174;1.0;0.60400390625;0.8651535380507344
GUSA7Z_1_1435_4305_1947_4817;4713;1111;[340, 0, 419, 77];[342, 2, 419, 75];1783.0;2149.0;0.6606177687644958;1.0;0.1490478515625;0.9240506329113924
GUSA7Z_1_1640_4305_2152_4817;4714;1223;[429, 493, 443, 508];[428, 492, 445, 511];125.0;235.0;0.5703421831130981;1.0;0.1500244140625;0.6501547987616099
GUSA7Z_1_1640_4305_2152_4817;4715;-1;[0, 445, 8, 463];;99.0;0.0;0.0;1.0;0.0;0.0
GUSA7Z_1_1640_4305_2152_4817;4716;-1;[0, 269, 24, 283];;178.5;0.0;0.0;1.0;0.0;0.0
GUSA7Z_1_1640_4305_2152_4817;4717;1221;[303, 23, 468, 126];[304, 26, 469, 127];4445.0;4897.0;0.8821619749069214;1.0;0.93017578125;0.9501738122827347
GUSA7Z_1_1640_4305_2152_4817;4718;1222;[135, 0, 214, 77];[136, 2, 215, 75];1783.0;2191.0;0.6730843186378479;1.0;0.253173828125;0.9249512670565302
GUSA7Z_1_1845_4305_2357_4817;4719;-1;[476, 503, 489, 512];;67.0;0.0;0.0;1.0;0.0;0.0
GUSA7Z_1_1845_4305_2357_4817;4720;1343;[311, 386, 322, 407];[306, 384, 331, 413];141.0;444.0;0.3505154550075531;1.0;0.050140380859375;0.31862068965517243
GUSA7Z_1_1845_4305_2357_4817;4721;-1;[463, 0, 481, 11];;119.5;0.0;0.0;1.0;0.0;0.0
GUSA7Z_1_1845_4305_2357_4817;4722;1342;[224, 493, 238, 508];[222, 492, 241, 511];125.0;250.0;0.5395683646202087;1.0;0.155029296875;0.5817174515235457
GUSA7Z_1_1845_4305_2357_4817;4723;1341;[98, 23, 263, 126];[100, 24, 263, 127];4445.0;4913.0;0.8816466331481934;1.0;0.931640625;0.9689940552511948
GUSA7Z_1_2050_4305_2562_4817;4724;-1;[387, 136, 404, 144];;108.0;0.0;0.0;1.0;0.0;0.0
GUSA7Z_1_2050_4305_2562_4817;4725;-1;[327, 428, 342, 440];;120.0;0.0;0.0;1.0;0.0;0.0
GUSA7Z_1_2050_4305_2562_4817;4726;-1;[271, 503, 284, 512];;67.0;0.0;0.0;1.0;0.0;0.0
GUSA7Z_1_2050_4305_2562_4817;4727;1461;[405, 463, 424, 497];[406, 462, 427, 501];458.5;622.0;0.7392592430114746;1.0;0.6494140625;0.7174677608440797
GUSA7Z_1_2050_4305_2562_4817;4728;1463;[106, 386, 117, 407];[102, 384, 127, 413];141.0;452.0;0.34623217582702637;1.0;0.07861328125;0.31862068965517243
GUSA7Z_1_2050_4305_2562_4817;4729;-1;[258, 0, 276, 11];;119.5;0.0;0.0;1.0;0.0;0.0
GUSA7Z_1_2050_4305_2562_4817;4730;1462;[19, 493, 33, 508];[18, 492, 35, 511];125.0;236.0;0.5747126340866089;1.0;0.1259765625;0.6501547987616099
GUSA7Z_1_2050_4305_2562_4817;4731;-1;[0, 23, 58, 126];;1684.5;0.0;0.0;1.0;0.0;0.0
GUSA7Z_1_2255_4305_2767_4817;4732;-1;[182, 136, 199, 144];;108.0;0.0;0.0;1.0;0.0;0.0
GUSA7Z_1_2255_4305_2767_4817;4733;-1;[122, 428, 137, 440];;120.0;0.0;0.0;1.0;0.0;0.0
GUSA7Z_1_2255_4305_2767_4817;4734;-1;[416, 398, 426, 426];;213.5;0.0;0.0;1.0;0.0;0.0
GUSA7Z_1_2255_4305_2767_4817;4735;-1;[66, 503, 79, 512];;67.0;0.0;0.0;1.0;0.0;0.0
GUSA7Z_1_2255_4305_2767_4817;4736;1639;[200, 463, 219, 497];[202, 462, 223, 501];458.5;638.0;0.6916548609733582;1.0;0.60595703125;0.6516347237880497
GUSA7Z_1_2255_4305_2767_4817;4737;1641;[346, 398, 369, 414];[346, 398, 371, 417];164.5;328.0;0.5040000081062317;1.0;0.12249755859375;0.7747368421052632
GUSA7Z_1_2255_4305_2767_4817;4738;1640;[387, 259, 407, 277];[388, 258, 409, 279];217.5;290.0;0.697604775428772;1.0;0.3310546875;0.7450980392156863
GUSA7Z_1_2255_4305_2767_4817;4739;1638;[305, 211, 360, 244];[308, 210, 365, 247];791.5;1322.0;0.6066856384277344;1.0;0.87744140625;0.7771739130434783
GUSA7Z_1_2255_4305_2767_4817;4740;1642;[322, 160, 337, 185];[322, 160, 339, 185];231.0;301.0;0.7319884896278381;1.0;0.12213134765625;0.8823529411764706
GUSA7Z_1_2255_4305_2767_4817;4741;-1;[53, 0, 71, 11];;119.5;0.0;0.0;1.0;0.0;0.0
GUSA7Z_1_2460_4305_2972_4817;4742;-1;[211, 398, 221, 426];;213.5;0.0;0.0;1.0;0.0;0.0
GUSA7Z_1_2460_4305_2972_4817;4743;-1;[446, 468, 460, 483];;119.0;0.0;0.0;1.0;0.0;0.0
GUSA7Z_1_2460_4305_2972_4817;4744;1769;[0, 463, 14, 497];[0, 464, 17, 499];403.5;489.0;0.7643885016441345;1.0;0.3310546875;0.7586206896551724
GUSA7Z_1_2460_4305_2972_4817;4745;1771;[141, 398, 164, 414];[142, 398, 167, 417];164.5;306.0;0.5327635407447815;1.0;0.07586669921875;0.7169042769857433
GUSA7Z_1_2460_4305_2972_4817;4746;1768;[182, 259, 202, 277];[184, 258, 205, 279];217.5;297.0;0.6676384806632996;1.0;0.39599609375;0.6792452830188679
GUSA7Z_1_2460_4305_2972_4817;4747;1767;[100, 211, 155, 244];[102, 210, 159, 247];791.5;1323.0;0.612580418586731;1.0;0.85400390625;0.8041379310344827
GUSA7Z_1_2460_4305_2972_4817;4748;1770;[117, 160, 132, 185];[116, 160, 133, 185];231.0;310.0;0.7039105892181396;1.0;0.1217041015625;0.8823529411764706
GUSA7Z_1_2460_4305_2972_4817;4749;-1;[497, 4, 512, 29];;293.0;0.0;0.0;1.0;0.0;0.0
GUSA7Z_1_2665_4305_3177_4817;4750;-1;[6, 398, 16, 426];;213.5;0.0;0.0;1.0;0.0;0.0
GUSA7Z_1_2665_4305_3177_4817;4751;-1;[241, 468, 255, 483];;119.0;0.0;0.0;1.0;0.0;0.0
GUSA7Z_1_2665_4305_3177_4817;4752;1889;[292, 0, 389, 42];[292, 0, 391, 41];2284.0;2508.0;0.866121232509613;1.0;0.85791015625;0.956929740134745
GUSA7Z_1_2665_4305_3177_4817;-1;1890;;[114, 74, 233, 185];0.0;1418.0;0.0;;0.0240020751953125;0.0
GUSA7Z_1_2870_4305_3382_4817;4753;-1;[36, 468, 50, 483];;119.0;0.0;0.0;1.0;0.0;0.0
GUSA7Z_1_2870_4305_3382_4817;4754;1984;[337, 379, 378, 413];[336, 376, 383, 417];751.0;1385.0;0.5591250658035278;1.0;0.521484375;0.723404255319149
GUSA7Z_1_2870_4305_3382_4817;4755;1983;[87, 0, 184, 42];[88, 0, 187, 43];2284.0;2510.0;0.8645640015602112;1.0;0.88720703125;0.9378925331472435
GUSA7Z_1_3075_4305_3587_4817;4756;2084;[132, 379, 173, 413];[130, 376, 177, 417];751.0;1401.0;0.5549525022506714;1.0;0.57568359375;0.723404255319149
GUSA7Z_1_3280_4305_3792_4817;4757;-1;[365, 440, 379, 455];;118.0;0.0;0.0;1.0;0.0;0.0
GUSA7Z_1_3485_4305_3997_4817;4758;-1;[160, 440, 174, 455];;118.0;0.0;0.0;1.0;0.0;0.0
GUSA7Z_1_3485_4305_3997_4817;4759;-1;[410, 438, 426, 456];;193.5;0.0;0.0;1.0;0.0;0.0
GUSA7Z_1_3690_4305_4202_4817;4760;-1;[479, 225, 503, 238];;215.5;0.0;0.0;1.0;0.0;0.0
GUSA7Z_1_3690_4305_4202_4817;4761;-1;[205, 438, 221, 456];;193.5;0.0;0.0;1.0;0.0;0.0
GUSA7Z_1_3690_4305_4202_4817;4762;-1;[416, 99, 431, 117];;149.0;0.0;0.0;1.0;0.0;0.0
GUSA7Z_1_3895_4305_4407_4817;4763;-1;[274, 225, 298, 238];;215.5;0.0;0.0;1.0;0.0;0.0
GUSA7Z_1_3895_4305_4407_4817;4764;-1;[0, 438, 16, 456];;193.5;0.0;0.0;1.0;0.0;0.0
GUSA7Z_1_3895_4305_4407_4817;4765;-1;[211, 99, 226, 117];;149.0;0.0;0.0;1.0;0.0;0.0
GUSA7Z_1_4017_4305_4529_4817;4766;-1;[152, 225, 176, 238];;215.5;0.0;0.0;1.0;0.0;0.0
GUSA7Z_1_4017_4305_4529_4817;4767;-1;[89, 99, 104, 117];;149.0;0.0;0.0;1.0;0.0;0.0
GUSA7Z_1_205_4510_717_5022;4768;1531;[470, 79, 512, 125];[470, 80, 511, 121];982.5;1286.0;0.6875861883163452;1.0;0.8310546875;0.8700828157349897
GUSA7Z_1_410_4510_922_5022;4769;2384;[265, 79, 322, 125];[266, 78, 321, 121];1161.5;1736.0;0.6636412143707275;1.0;0.8671875;0.8629062383264848
GUSA7Z_1_615_4510_1127_5022;4770;2477;[60, 79, 117, 125];[60, 78, 117, 121];1161.5;1711.0;0.6758807301521301;1.0;0.87890625;0.8936170212765957
GUSA7Z_1_1025_4510_1537_5022;4771;864;[303, 128, 333, 166];[306, 130, 333, 167];349.5;552.0;0.6370967626571655;1.0;0.06732177734375;0.8329048843187661
GUSA7Z_1_1230_4510_1742_5022;4772;992;[409, 240, 418, 258];[408, 240, 425, 261];107.5;247.0;0.4590747356414795;1.0;0.1259765625;0.453781512605042
GUSA7Z_1_1230_4510_1742_5022;4773;993;[98, 128, 128, 166];[102, 130, 129, 167];349.5;539.0;0.6344262361526489;1.0;0.06463623046875;0.7780548628428927
GUSA7Z_1_1230_4510_1742_5022;4774;991;[394, 64, 434, 80];[392, 62, 437, 81];335.0;635.0;0.5605839490890503;1.0;0.7548828125;0.7485380116959064
GUSA7Z_1_1230_4510_1742_5022;-1;994;;[482, 178, 499, 197];0.0;203.0;0.0;;0.005260467529296875;0.0
GUSA7Z_1_1435_4510_1947_5022;4775;1114;[204, 240, 213, 258];[202, 240, 219, 261];107.5;275.0;0.42019543051719666;1.0;0.1591796875;0.453781512605042
GUSA7Z_1_1435_4510_1947_5022;4776;1113;[189, 64, 229, 80];[188, 62, 231, 81];335.0;623.0;0.5680473446846008;1.0;0.69091796875;0.7833537331701347
GUSA7Z_1_1435_4510_1947_5022;-1;1115;;[276, 178, 293, 197];0.0;217.0;0.0;;0.0055999755859375;0.0
GUSA7Z_1_1640_4510_2152_5022;4777;1224;[429, 288, 443, 303];[428, 288, 445, 307];125.0;228.0;0.5769230723381042;1.0;0.064208984375;0.6501547987616099
GUSA7Z_1_1640_4510_2152_5022;4778;-1;[0, 240, 8, 258];;99.0;0.0;0.0;1.0;0.0;0.0
GUSA7Z_1_1640_4510_2152_5022;4779;-1;[0, 64, 24, 78];;178.5;0.0;0.0;1.0;0.0;0.0
GUSA7Z_1_1845_4510_2357_5022;4780;1346;[460, 298, 489, 317];[460, 298, 493, 321];265.5;513.0;0.5401069521903992;1.0;0.032958984375;0.7259552042160737
GUSA7Z_1_1845_4510_2357_5022;4781;1344;[311, 181, 322, 202];[304, 178, 333, 209];141.0;517.0;0.30195382237434387;1.0;0.080078125;0.25695216907675195
GUSA7Z_1_1845_4510_2357_5022;4782;1345;[224, 288, 238, 303];[222, 286, 241, 307];125.0;263.0;0.5190311670303345;1.0;0.07080078125;0.5263157894736842
GUSA7Z_1_2050_4510_2562_5022;4783;-1;[314, 356, 330, 369];;113.5;0.0;0.0;1.0;0.0;0.0
GUSA7Z_1_2050_4510_2562_5022;4784;-1;[327, 223, 342, 235];;120.0;0.0;0.0;1.0;0.0;0.0
GUSA7Z_1_2050_4510_2562_5022;4785;-1;[404, 346, 422, 358];;158.5;0.0;0.0;1.0;0.0;0.0
GUSA7Z_1_2050_4510_2562_5022;4786;1467;[255, 298, 284, 317];[254, 298, 289, 321];265.5;512.0;0.5467625856399536;1.0;0.016021728515625;0.684472049689441
GUSA7Z_1_2050_4510_2562_5022;4787;1464;[405, 258, 424, 292];[406, 258, 427, 295];458.5;618.0;0.7359050512313843;1.0;0.70556640625;0.7546239210850801
GUSA7Z_1_2050_4510_2562_5022;4788;1466;[106, 181, 117, 202];[102, 180, 127, 209];141.0;439.0;0.3497942388057709;1.0;0.06707763671875;0.31862068965517243
GUSA7Z_1_2050_4510_2562_5022;4789;1465;[19, 288, 33, 303];[18, 288, 35, 307];125.0;226.0;0.5882353186607361;1.0;0.08880615234375;0.6501547987616099
GUSA7Z_1_2255_4510_2767_5022;4790;-1;[109, 356, 125, 369];;113.5;0.0;0.0;1.0;0.0;0.0
GUSA7Z_1_2255_4510_2767_5022;4791;-1;[122, 223, 137, 235];;120.0;0.0;0.0;1.0;0.0;0.0
GUSA7Z_1_2255_4510_2767_5022;4792;-1;[199, 346, 217, 358];;158.5;0.0;0.0;1.0;0.0;0.0
GUSA7Z_1_2255_4510_2767_5022;4793;-1;[416, 193, 426, 221];;213.5;0.0;0.0;1.0;0.0;0.0
GUSA7Z_1_2255_4510_2767_5022;4794;1647;[342, 324, 363, 345];[342, 324, 365, 349];275.5;385.0;0.6864988803863525;1.0;0.092041015625;0.7669565217391304
GUSA7Z_1_2255_4510_2767_5022;4795;1648;[50, 298, 79, 317];[50, 298, 83, 321];265.5;487.0;0.5663551688194275;1.0;0.028656005859375;0.7259552042160737
GUSA7Z_1_2255_4510_2767_5022;4796;1644;[200, 258, 219, 292];[202, 258, 223, 295];458.5;612.0;0.7117646932601929;1.0;0.6279296875;0.6840236686390533
GUSA7Z_1_2255_4510_2767_5022;4797;1646;[346, 193, 369, 209];[346, 194, 371, 211];164.5;305.0;0.540229856967926;1.0;0.1104736328125;0.7700892857142857
GUSA7Z_1_2255_4510_2767_5022;4798;1645;[387, 54, 407, 72];[388, 54, 409, 73];217.5;293.0;0.6686046719551086;1.0;0.34521484375;0.8201438848920863
GUSA7Z_1_2255_4510_2767_5022;4799;1643;[305, 6, 360, 39];[308, 4, 365, 41];791.5;1322.0;0.6108726859092712;1.0;0.85986328125;0.7771739130434783
GUSA7Z_1_2460_4510_2972_5022;4800;-1;[0, 346, 12, 358];;103.5;0.0;0.0;1.0;0.0;0.0
GUSA7Z_1_2460_4510_2972_5022;4801;-1;[211, 193, 221, 221];;213.5;0.0;0.0;1.0;0.0;0.0
GUSA7Z_1_2460_4510_2972_5022;4802;-1;[446, 263, 460, 278];;119.0;0.0;0.0;1.0;0.0;0.0
GUSA7Z_1_2460_4510_2972_5022;4803;1775;[137, 324, 158, 345];[138, 324, 161, 349];275.5;394.0;0.6787330508232117;1.0;0.0943603515625;0.7046979865771812
GUSA7Z_1_2460_4510_2972_5022;4804;1773;[0, 258, 14, 292];[0, 258, 17, 295];403.5;519.0;0.7371134161949158;1.0;0.273681640625;0.7567567567567568
GUSA7Z_1_2460_4510_2972_5022;4805;1776;[141, 193, 164, 209];[142, 194, 167, 211];164.5;302.0;0.522988498210907;1.0;0.026763916015625;0.712742980561555
GUSA7Z_1_2460_4510_2972_5022;4806;1774;[182, 54, 202, 72];[184, 54, 205, 73];217.5;276.0;0.6636636853218079;1.0;0.267333984375;0.7448275862068966
GUSA7Z_1_2460_4510_2972_5022;4807;1772;[100, 6, 155, 39];[104, 4, 159, 41];791.5;1311.0;0.6090387105941772;1.0;0.85693359375;0.7766497461928934
GUSA7Z_1_2665_4510_3177_5022;4808;-1;[412, 321, 433, 353];;267.5;0.0;0.0;1.0;0.0;0.0
GUSA7Z_1_2665_4510_3177_5022;4809;-1;[6, 193, 16, 221];;213.5;0.0;0.0;1.0;0.0;0.0
GUSA7Z_1_2665_4510_3177_5022;4810;-1;[241, 263, 255, 278];;119.0;0.0;0.0;1.0;0.0;0.0
GUSA7Z_1_2870_4510_3382_5022;4811;-1;[207, 321, 228, 353];;267.5;0.0;0.0;1.0;0.0;0.0
GUSA7Z_1_2870_4510_3382_5022;4812;-1;[36, 263, 50, 278];;119.0;0.0;0.0;1.0;0.0;0.0
GUSA7Z_1_2870_4510_3382_5022;4813;1985;[337, 174, 378, 208];[334, 154, 383, 213];751.0;1784.0;0.43931257724761963;1.0;0.418701171875;0.4821860947768938
GUSA7Z_1_3075_4510_3587_5022;4814;-1;[2, 321, 23, 353];;267.5;0.0;0.0;1.0;0.0;0.0
GUSA7Z_1_3075_4510_3587_5022;4815;2085;[132, 174, 173, 208];[130, 172, 177, 213];751.0;1347.0;0.5748418569564819;1.0;0.556640625;0.723404255319149
GUSA7Z_1_3280_4510_3792_5022;4816;-1;[365, 235, 379, 250];;118.0;0.0;0.0;1.0;0.0;0.0
GUSA7Z_1_3485_4510_3997_5022;4817;-1;[160, 235, 174, 250];;118.0;0.0;0.0;1.0;0.0;0.0
GUSA7Z_1_3485_4510_3997_5022;4818;-1;[410, 233, 426, 251];;193.5;0.0;0.0;1.0;0.0;0.0
GUSA7Z_1_3690_4510_4202_5022;4819;-1;[479, 20, 503, 33];;215.5;0.0;0.0;1.0;0.0;0.0
GUSA7Z_1_3690_4510_4202_5022;4820;-1;[205, 233, 221, 251];;193.5;0.0;0.0;1.0;0.0;0.0
GUSA7Z_1_3895_4510_4407_5022;4821;-1;[274, 20, 298, 33];;215.5;0.0;0.0;1.0;0.0;0.0
GUSA7Z_1_3895_4510_4407_5022;4822;-1;[0, 233, 16, 251];;193.5;0.0;0.0;1.0;0.0;0.0
GUSA7Z_1_4017_4510_4529_5022;4823;-1;[152, 20, 176, 33];;215.5;0.0;0.0;1.0;0.0;0.0
GUSA7Z_1_205_4568_717_5080;4824;1532;[470, 21, 512, 67];[472, 22, 511, 63];982.5;1222.0;0.692034125328064;1.0;0.830078125;0.827639751552795
GUSA7Z_1_410_4568_922_5080;4825;2385;[265, 21, 322, 67];[266, 20, 323, 63];1161.5;1753.0;0.6597883701324463;1.0;0.87255859375;0.86438809261301
GUSA7Z_1_615_4568_1127_5080;4826;2478;[60, 21, 117, 67];[62, 20, 117, 63];1161.5;1630.0;0.6811836957931519;1.0;0.88330078125;0.8629062383264848
GUSA7Z_1_1025_4568_1537_5080;4827;865;[303, 70, 333, 108];[306, 72, 333, 109];349.5;540.0;0.6415712237358093;1.0;0.06829833984375;0.8329048843187661
GUSA7Z_1_1230_4568_1742_5080;4828;996;[409, 182, 418, 200];[408, 182, 425, 203];107.5;247.0;0.4590747356414795;1.0;0.11676025390625;0.453781512605042
GUSA7Z_1_1230_4568_1742_5080;4829;997;[98, 70, 128, 108];[102, 72, 129, 109];349.5;515.0;0.6581632494926453;1.0;0.02685546875;0.7780548628428927
GUSA7Z_1_1230_4568_1742_5080;4830;995;[394, 6, 434, 22];[392, 4, 437, 23];335.0;640.0;0.5509325861930847;1.0;0.67919921875;0.7485380116959064
GUSA7Z_1_1230_4568_1742_5080;-1;998;;[480, 118, 497, 139];0.0;239.0;0.0;;0.007755279541015625;0.0
GUSA7Z_1_1435_4568_1947_5080;4831;1117;[204, 182, 213, 200];[202, 182, 219, 203];107.5;275.0;0.42019543051719666;1.0;0.1163330078125;0.453781512605042
GUSA7Z_1_1435_4568_1947_5080;4832;1116;[189, 6, 229, 22];[188, 4, 231, 23];335.0;635.0;0.555716335773468;1.0;0.6298828125;0.7833537331701347
GUSA7Z_1_1435_4568_1947_5080;-1;1118;;[276, 120, 293, 139];0.0;205.0;0.0;;0.0058441162109375;0.0
GUSA7Z_1_1640_4568_2152_5080;4833;1225;[429, 230, 443, 245];[428, 230, 445, 249];125.0;223.0;0.5905511975288391;1.0;0.03875732421875;0.6501547987616099
GUSA7Z_1_1640_4568_2152_5080;4834;-1;[0, 182, 8, 200];;99.0;0.0;0.0;1.0;0.0;0.0
GUSA7Z_1_1640_4568_2152_5080;4835;-1;[0, 6, 24, 20];;178.5;0.0;0.0;1.0;0.0;0.0
GUSA7Z_1_1845_4568_2357_5080;4836;1349;[460, 240, 489, 259];[460, 240, 493, 263];265.5;495.0;0.5580110549926758;1.0;0.049224853515625;0.7259552042160737
GUSA7Z_1_1845_4568_2357_5080;4837;1347;[311, 123, 322, 144];[302, 122, 331, 151];141.0;521.0;0.30035334825515747;1.0;0.07666015625;0.2746730083234245
GUSA7Z_1_1845_4568_2357_5080;4838;1348;[224, 230, 238, 245];[222, 228, 241, 249];125.0;265.0;0.5136986374855042;1.0;0.056640625;0.5263157894736842
GUSA7Z_1_2050_4568_2562_5080;4839;1472;[314, 298, 330, 311];[314, 296, 333, 313];113.5;242.0;0.5054945349693298;1.0;0.00885009765625;0.6439628482972136
GUSA7Z_1_2050_4568_2562_5080;4840;-1;[327, 165, 342, 177];;120.0;0.0;0.0;1.0;0.0;0.0
GUSA7Z_1_2050_4568_2562_5080;4841;-1;[404, 288, 422, 300];;158.5;0.0;0.0;1.0;0.0;0.0
GUSA7Z_1_2050_4568_2562_5080;4842;1471;[255, 240, 284, 259];[254, 240, 287, 263];265.5;504.0;0.5557586550712585;1.0;0.030670166015625;0.7259552042160737
GUSA7Z_1_2050_4568_2562_5080;4843;1468;[405, 200, 424, 234];[406, 200, 427, 237];458.5;626.0;0.7334315180778503;1.0;0.7138671875;0.7546239210850801
GUSA7Z_1_2050_4568_2562_5080;4844;1470;[106, 123, 117, 144];[100, 122, 127, 151];141.0;463.0;0.33530572056770325;1.0;0.10052490234375;0.2950191570881226
GUSA7Z_1_2050_4568_2562_5080;4845;1469;[19, 230, 33, 245];[18, 228, 35, 249];125.0;245.0;0.5514705777168274;1.0;0.1063232421875;0.5882352941176471
GUSA7Z_1_2255_4568_2767_5080;4846;1655;[109, 298, 125, 311];[110, 296, 129, 313];113.5;243.0;0.5036231875419617;1.0;0.005100250244140625;0.5803571428571429
GUSA7Z_1_2255_4568_2767_5080;4847;-1;[122, 165, 137, 177];;120.0;0.0;0.0;1.0;0.0;0.0
GUSA7Z_1_2255_4568_2767_5080;4848;-1;[199, 288, 217, 300];;158.5;0.0;0.0;1.0;0.0;0.0
GUSA7Z_1_2255_4568_2767_5080;4849;-1;[416, 135, 426, 163];;213.5;0.0;0.0;1.0;0.0;0.0
GUSA7Z_1_2255_4568_2767_5080;4850;1650;[342, 266, 363, 287];[342, 266, 365, 291];275.5;387.0;0.695652186870575;1.0;0.2120361328125;0.7669565217391304
GUSA7Z_1_2255_4568_2767_5080;4851;1652;[50, 240, 79, 259];[50, 240, 83, 263];265.5;457.0;0.601190447807312;1.0;0.032470703125;0.7259552042160737
GUSA7Z_1_2255_4568_2767_5080;4852;1649;[200, 200, 219, 234];[202, 198, 223, 237];458.5;638.0;0.6985714435577393;1.0;0.62060546875;0.6516347237880497
GUSA7Z_1_2255_4568_2767_5080;4853;1651;[346, 135, 369, 151];[346, 136, 371, 153];164.5;304.0;0.5196629166603088;1.0;0.1519775390625;0.7700892857142857
GUSA7Z_1_2255_4568_2767_5080;4854;1654;[388, 0, 407, 14];[390, 0, 409, 15];178.0;218.0;0.6814814805984497;1.0;0.00530242919921875;0.7603833865814696
GUSA7Z_1_2255_4568_2767_5080;-1;1653;;[346, 216, 369, 233];0.0;279.0;0.0;;0.00626373291015625;0.0
GUSA7Z_1_2460_4568_2972_5080;4855;-1;[0, 288, 12, 300];;103.5;0.0;0.0;1.0;0.0;0.0
GUSA7Z_1_2460_4568_2972_5080;4856;-1;[211, 135, 221, 163];;213.5;0.0;0.0;1.0;0.0;0.0
GUSA7Z_1_2460_4568_2972_5080;4857;-1;[446, 205, 460, 220];;119.0;0.0;0.0;1.0;0.0;0.0
GUSA7Z_1_2460_4568_2972_5080;4858;1778;[137, 266, 158, 287];[138, 266, 161, 291];275.5;392.0;0.680272102355957;1.0;0.08447265625;0.7046979865771812
GUSA7Z_1_2460_4568_2972_5080;4859;1777;[0, 200, 14, 234];[0, 200, 17, 237];403.5;515.0;0.7526132464408875;1.0;0.294189453125;0.7567567567567568
GUSA7Z_1_2460_4568_2972_5080;4860;1779;[141, 135, 164, 151];[142, 136, 167, 153];164.5;312.0;0.5184136033058167;1.0;0.047088623046875;0.712742980561555
GUSA7Z_1_2460_4568_2972_5080;4861;-1;[183, 0, 202, 14];;178.0;0.0;0.0;1.0;0.0;0.0
GUSA7Z_1_2665_4568_3177_5080;4862;-1;[412, 263, 433, 295];;267.5;0.0;0.0;1.0;0.0;0.0
GUSA7Z_1_2665_4568_3177_5080;4863;-1;[6, 135, 16, 163];;213.5;0.0;0.0;1.0;0.0;0.0
GUSA7Z_1_2665_4568_3177_5080;4864;-1;[241, 205, 255, 220];;119.0;0.0;0.0;1.0;0.0;0.0
GUSA7Z_1_2870_4568_3382_5080;4865;-1;[207, 263, 228, 295];;267.5;0.0;0.0;1.0;0.0;0.0
GUSA7Z_1_2870_4568_3382_5080;4866;-1;[36, 205, 50, 220];;119.0;0.0;0.0;1.0;0.0;0.0
GUSA7Z_1_2870_4568_3382_5080;4867;1986;[337, 116, 378, 150];[336, 114, 383, 155];751.0;1355.0;0.5728291273117065;1.0;0.48046875;0.723404255319149
GUSA7Z_1_3075_4568_3587_5080;4868;-1;[2, 263, 23, 295];;267.5;0.0;0.0;1.0;0.0;0.0
GUSA7Z_1_3075_4568_3587_5080;4869;2086;[132, 116, 173, 150];[132, 114, 177, 155];751.0;1338.0;0.5789101123809814;1.0;0.7216796875;0.7555555555555555
GUSA7Z_1_3280_4568_3792_5080;4870;-1;[365, 177, 379, 192];;118.0;0.0;0.0;1.0;0.0;0.0
GUSA7Z_1_3485_4568_3997_5080;4871;-1;[160, 177, 174, 192];;118.0;0.0;0.0;1.0;0.0;0.0
GUSA7Z_1_3485_4568_3997_5080;4872;-1;[410, 175, 426, 193];;193.5;0.0;0.0;1.0;0.0;0.0
GUSA7Z_1_3690_4568_4202_5080;4873;-1;[205, 175, 221, 193];;193.5;0.0;0.0;1.0;0.0;0.0
GUSA7Z_1_3895_4568_4407_5080;4874;-1;[0, 175, 16, 193];;193.5;0.0;0.0;1.0;0.0;0.0
GYTL2T_2_1230_0_1742_512;4875;-1;[447, 444, 456, 450];;37.0;0.0;0.0;1.0;0.0;0.0
GYTL2T_2_1230_0_1742_512;4876;2658;[333, 454, 358, 477];[336, 456, 357, 475];237.0;260.0;0.7065868377685547;1.0;0.373779296875;0.6939130434782609
GYTL2T_2_1230_0_1742_512;-1;2659;;[318, 386, 335, 413];0.0;251.0;0.0;;0.00679779052734375;0.0
GYTL2T_2_1435_0_1947_512;4877;-1;[242, 444, 251, 450];;37.0;0.0;0.0;1.0;0.0;0.0
GYTL2T_2_1435_0_1947_512;4878;2722;[128, 454, 153, 477];[130, 456, 153, 475];237.0;276.0;0.7020648717880249;1.0;0.5;0.76
GYTL2T_2_1640_0_2152_512;4879;-1;[478, 200, 498, 212];;153.0;0.0;0.0;1.0;0.0;0.0
GYTL2T_2_1640_0_2152_512;4880;-1;[37, 444, 46, 450];;37.0;0.0;0.0;1.0;0.0;0.0
GYTL2T_2_1845_0_2357_512;4881;-1;[273, 200, 293, 212];;153.0;0.0;0.0;1.0;0.0;0.0
GYTL2T_2_2050_0_2562_512;4882;-1;[68, 200, 88, 212];;153.0;0.0;0.0;1.0;0.0;0.0
GYTL2T_2_1230_205_1742_717;4883;-1;[447, 239, 456, 245];;37.0;0.0;0.0;1.0;0.0;0.0
GYTL2T_2_1230_205_1742_717;4884;2707;[333, 249, 358, 272];[334, 250, 359, 269];237.0;283.0;0.6837607026100159;1.0;0.2509765625;0.7676767676767676
GYTL2T_2_1435_205_1947_717;4885;-1;[242, 239, 251, 245];;37.0;0.0;0.0;1.0;0.0;0.0
GYTL2T_2_1435_205_1947_717;4886;2770;[128, 249, 153, 272];[130, 250, 153, 269];237.0;273.0;0.6676217913627625;1.0;0.275146484375;0.76
GYTL2T_2_1640_205_2152_717;4887;-1;[478, 0, 497, 7];;96.5;0.0;0.0;1.0;0.0;0.0
GYTL2T_2_1640_205_2152_717;4888;-1;[37, 239, 46, 245];;37.0;0.0;0.0;1.0;0.0;0.0
GYTL2T_2_1845_205_2357_717;4889;-1;[273, 0, 292, 7];;96.5;0.0;0.0;1.0;0.0;0.0
GYTL2T_2_2050_205_2562_717;4890;-1;[68, 0, 87, 7];;96.5;0.0;0.0;1.0;0.0;0.0
GYTL2T_2_205_410_717_922;4891;2930;[423, 408, 443, 428];[424, 408, 443, 425];226.0;234.0;0.7945205569267273;1.0;0.248046875;0.8075
GYTL2T_2_410_410_922_922;4892;3234;[218, 408, 238, 428];[220, 408, 239, 427];226.0;239.0;0.7804054021835327;1.0;0.39794921875;0.8162291169451074
GYTL2T_2_615_410_1127_922;4893;3272;[13, 408, 33, 428];[14, 408, 33, 427];226.0;237.0;0.8109965920448303;1.0;0.172119140625;0.9025
GYTL2T_2_1230_410_1742_922;4894;-1;[373, 398, 383, 410];;82.5;0.0;0.0;1.0;0.0;0.0
GYTL2T_2_1230_410_1742_922;4895;-1;[447, 34, 456, 40];;37.0;0.0;0.0;1.0;0.0;0.0
GYTL2T_2_1230_410_1742_922;4896;2711;[333, 44, 358, 67];[334, 46, 359, 65];237.0;286.0;0.699999988079071;1.0;0.422607421875;0.7676767676767676
GYTL2T_2_1435_410_1947_922;4897;-1;[168, 398, 178, 410];;82.5;0.0;0.0;1.0;0.0;0.0
GYTL2T_2_1435_410_1947_922;4898;-1;[242, 34, 251, 40];;37.0;0.0;0.0;1.0;0.0;0.0
GYTL2T_2_1435_410_1947_922;4899;2773;[128, 44, 153, 67];[130, 46, 153, 65];237.0;294.0;0.6938202381134033;1.0;0.39599609375;0.76
GYTL2T_2_1640_410_2152_922;4900;-1;[37, 34, 46, 40];;37.0;0.0;0.0;1.0;0.0;0.0
GYTL2T_2_2870_410_3382_922;4901;-1;[345, 310, 363, 327];;184.5;0.0;0.0;1.0;0.0;0.0
GYTL2T_2_2870_410_3382_922;4902;-1;[316, 502, 329, 509];;53.5;0.0;0.0;1.0;0.0;0.0
GYTL2T_2_3075_410_3587_922;4903;-1;[140, 310, 158, 327];;184.5;0.0;0.0;1.0;0.0;0.0
GYTL2T_2_3075_410_3587_922;4904;-1;[111, 502, 124, 509];;53.5;0.0;0.0;1.0;0.0;0.0
GYTL2T_2_205_615_717_1127;4905;2932;[423, 203, 443, 223];[424, 202, 443, 221];226.0;253.0;0.7589576840400696;1.0;0.2069091796875;0.8162291169451074
GYTL2T_2_205_615_717_1127;4906;2931;[328, 371, 353, 403];[326, 370, 353, 403];293.5;469.0;0.6459143757820129;1.0;0.49609375;0.8978675645342312
GYTL2T_2_205_615_717_1127;-1;2933;;[292, 284, 323, 301];0.0;363.0;0.0;;0.00530242919921875;0.0
GYTL2T_2_410_615_922_1127;4907;3236;[218, 203, 238, 223];[220, 202, 239, 221];226.0;233.0;0.7458193898200989;1.0;0.355712890625;0.7414187643020596
GYTL2T_2_410_615_922_1127;4908;3235;[123, 371, 148, 403];[122, 370, 149, 403];293.5;459.0;0.6542239785194397;1.0;0.51953125;0.8978675645342312
GYTL2T_2_615_615_1127_1127;4909;3273;[13, 203, 33, 223];[14, 202, 33, 221];226.0;263.0;0.7635782957077026;1.0;0.204345703125;0.8162291169451074
GYTL2T_2_820_615_1332_1127;4910;-1;[396, 394, 408, 403];;70.0;0.0;0.0;1.0;0.0;0.0
GYTL2T_2_820_615_1332_1127;4911;3315;[368, 434, 403, 472];[370, 434, 403, 473];611.0;838.0;0.7245119214057922;1.0;0.85009765625;0.9200293470286134
GYTL2T_2_820_615_1332_1127;4912;3314;[435, 405, 506, 456];[436, 408, 505, 455];2029.0;2136.0;0.8990426659584045;1.0;0.90966796875;0.8956089478044739
GYTL2T_2_1025_615_1537_1127;4913;-1;[191, 394, 203, 403];;70.0;0.0;0.0;1.0;0.0;0.0
GYTL2T_2_1025_615_1537_1127;4914;2652;[163, 434, 198, 472];[164, 434, 199, 473];611.0;870.0;0.7111111283302307;1.0;0.86328125;0.9208838203848895
GYTL2T_2_1025_615_1537_1127;4915;2651;[230, 405, 301, 456];[232, 408, 299, 457];2029.0;2143.0;0.8894168734550476;1.0;0.88720703125;0.8720173535791758
GYTL2T_2_1230_615_1742_1127;4916;-1;[396, 495, 420, 511];;254.0;0.0;0.0;1.0;0.0;0.0
GYTL2T_2_1230_615_1742_1127;4917;2714;[409, 457, 434, 488];[410, 458, 435, 489];407.5;477.0;0.7473309636116028;1.0;0.6298828125;0.8674698795180723
GYTL2T_2_1230_615_1742_1127;4918;-1;[373, 193, 383, 205];;82.5;0.0;0.0;1.0;0.0;0.0
GYTL2T_2_1230_615_1742_1127;4919;2712;[25, 405, 96, 456];[28, 408, 93, 455];2029.0;2077.0;0.888059675693512;1.0;0.88330078125;0.8436895885114609
GYTL2T_2_1230_615_1742_1127;4920;2713;[315, 361, 374, 447];[316, 360, 371, 443];1575.5;1922.0;0.8028915524482727;1.0;0.80322265625;0.8793137063755118
GYTL2T_2_1435_615_1947_1127;4921;-1;[191, 495, 215, 511];;254.0;0.0;0.0;1.0;0.0;0.0
GYTL2T_2_1435_615_1947_1127;4922;2775;[204, 457, 229, 488];[206, 456, 231, 487];407.5;461.0;0.7463768124580383;1.0;0.254638671875;0.8023255813953488
GYTL2T_2_1435_615_1947_1127;4923;-1;[168, 193, 178, 205];;82.5;0.0;0.0;1.0;0.0;0.0
GYTL2T_2_1435_615_1947_1127;4924;2774;[110, 361, 169, 447];[112, 360, 165, 443];1575.5;1805.0;0.8221105337142944;1.0;0.70751953125;0.8476692022625317
GYTL2T_2_1435_615_1947_1127;4925;-1;[456, 302, 512, 401];;3653.0;0.0;0.0;1.0;0.0;0.0
GYTL2T_2_1640_615_2152_1127;4926;-1;[0, 495, 10, 511];;127.0;0.0;0.0;1.0;0.0;0.0
GYTL2T_2_1640_615_2152_1127;4927;2822;[0, 457, 24, 488];[0, 456, 27, 489];402.0;530.0;0.7352445125579834;1.0;0.048858642578125;0.835016835016835
GYTL2T_2_1640_615_2152_1127;4928;2821;[251, 302, 478, 498];[252, 302, 477, 497];24878.0;26425.0;0.9371957182884216;1.0;0.97705078125;0.9861323383979143
GYTL2T_2_1845_615_2357_1127;4929;2859;[46, 302, 273, 498];[46, 300, 271, 499];24878.0;26197.0;0.9444403052330017;1.0;0.97705078125;0.9763765581065822
GYTL2T_2_2050_615_2562_1127;4930;2902;[0, 355, 68, 490];[2, 354, 67, 483];6172.0;6480.0;0.8571835160255432;1.0;0.71044921875;0.8999459167117361
GYTL2T_2_2050_615_2562_1127;-1;2903;;[344, 402, 379, 425];0.0;572.0;0.0;;0.0285491943359375;0.0
GYTL2T_2_2255_615_2767_1127;4931;-1;[317, 492, 354, 512];;284.5;0.0;0.0;1.0;0.0;0.0
GYTL2T_2_2255_615_2767_1127;-1;2971;;[138, 402, 173, 425];0.0;594.0;0.0;;0.057281494140625;0.0
GYTL2T_2_2460_615_2972_1127;4932;-1;[112, 492, 149, 512];;284.5;0.0;0.0;1.0;0.0;0.0
GYTL2T_2_2460_615_2972_1127;4933;3011;[403, 436, 476, 489];[402, 428, 477, 491];1393.0;2002.0;0.7066919803619385;1.0;0.85888671875;0.8188359788359788
GYTL2T_2_2665_615_3177_1127;4934;3071;[198, 436, 271, 489];[198, 428, 271, 491];1393.0;1977.0;0.7125059962272644;1.0;0.86962890625;0.8412698412698413
GYTL2T_2_2870_615_3382_1127;4935;-1;[345, 105, 363, 122];;184.5;0.0;0.0;1.0;0.0;0.0
GYTL2T_2_2870_615_3382_1127;4936;-1;[316, 297, 329, 304];;53.5;0.0;0.0;1.0;0.0;0.0
GYTL2T_2_2870_615_3382_1127;4937;3115;[0, 438, 66, 489];[0, 428, 65, 491];1353.0;1698.0;0.7780821919441223;1.0;0.76220703125;0.7995658465991317
GYTL2T_2_3075_615_3587_1127;4938;-1;[140, 105, 158, 122];;184.5;0.0;0.0;1.0;0.0;0.0
GYTL2T_2_3075_615_3587_1127;4939;-1;[111, 297, 124, 304];;53.5;0.0;0.0;1.0;0.0;0.0
GYTL2T_2_205_820_717_1332;4940;-1;[423, 0, 443, 18];;218.0;0.0;0.0;1.0;0.0;0.0
GYTL2T_2_205_820_717_1332;4941;2934;[328, 166, 353, 198];[326, 166, 353, 197];293.5;445.0;0.6619718074798584;1.0;0.26123046875;0.8990719257540604
GYTL2T_2_205_820_717_1332;-1;2935;;[292, 80, 323, 97];0.0;369.0;0.0;;0.0063629150390625;0.0
GYTL2T_2_410_820_922_1332;4942;-1;[508, 440, 512, 459];;52.0;0.0;0.0;1.0;0.0;0.0
GYTL2T_2_410_820_922_1332;4943;-1;[218, 0, 238, 18];;218.0;0.0;0.0;1.0;0.0;0.0
GYTL2T_2_410_820_922_1332;4944;3237;[123, 166, 148, 198];[122, 164, 149, 197];293.5;445.0;0.6871165633201599;1.0;0.45703125;0.8460698689956332
GYTL2T_2_410_820_922_1332;-1;3238;;[88, 80, 117, 97];0.0;333.0;0.0;;0.0110321044921875;0.0
GYTL2T_2_615_820_1127_1332;4945;-1;[303, 438, 315, 459];;161.5;0.0;0.0;1.0;0.0;0.0
GYTL2T_2_615_820_1127_1332;4946;-1;[13, 0, 33, 18];;218.0;0.0;0.0;1.0;0.0;0.0
GYTL2T_2_615_820_1127_1332;4947;-1;[482, 339, 512, 390];;704.0;0.0;0.0;1.0;0.0;0.0
GYTL2T_2_820_820_1332_1332;4948;-1;[98, 438, 110, 459];;161.5;0.0;0.0;1.0;0.0;0.0
GYTL2T_2_820_820_1332_1332;4949;-1;[396, 189, 408, 198];;70.0;0.0;0.0;1.0;0.0;0.0
GYTL2T_2_820_820_1332_1332;4950;3319;[468, 419, 512, 446];[468, 420, 511, 453];501.5;787.0;0.608501136302948;1.0;0.76904296875;0.7508394895903291
GYTL2T_2_820_820_1332_1332;4951;3316;[277, 331, 344, 390];[278, 334, 343, 391];2234.0;2440.0;0.8809523582458496;1.0;0.92724609375;0.9059233449477352
GYTL2T_2_820_820_1332_1332;4952;3320;[414, 324, 437, 342];[414, 320, 437, 339];204.5;292.0;0.6578171253204346;1.0;0.478515625;0.6818181818181818
GYTL2T_2_820_820_1332_1332;4953;3318;[368, 229, 403, 267];[370, 228, 403, 267];611.0;851.0;0.7216828465461731;1.0;0.81640625;0.9200293470286134
GYTL2T_2_820_820_1332_1332;4954;3317;[435, 200, 506, 251];[436, 202, 505, 251];2029.0;2187.0;0.8974689245223999;1.0;0.896484375;0.9337199668599834
GYTL2T_2_1025_820_1537_1332;4955;-1;[191, 189, 203, 198];;70.0;0.0;0.0;1.0;0.0;0.0
GYTL2T_2_1025_820_1537_1332;4956;2656;[263, 419, 311, 446];[264, 420, 311, 453];512.5;831.0;0.6047008633613586;1.0;0.74755859375;0.752
GYTL2T_2_1025_820_1537_1332;4957;2653;[72, 331, 139, 390];[74, 334, 139, 391];2234.0;2405.0;0.8893633484840393;1.0;0.92431640625;0.9059233449477352
GYTL2T_2_1025_820_1537_1332;4958;2657;[209, 324, 232, 342];[208, 320, 233, 339];204.5;311.0;0.6412429213523865;1.0;0.4921875;0.6341911764705882
GYTL2T_2_1025_820_1537_1332;4959;2655;[163, 229, 198, 267];[166, 230, 199, 267];611.0;822.0;0.7236841917037964;1.0;0.83544921875;0.8661302121433797
GYTL2T_2_1025_820_1537_1332;4960;2654;[230, 200, 301, 251];[232, 202, 299, 251];2029.0;2202.0;0.8914993405342102;1.0;0.88623046875;0.9066556199944766
GYTL2T_2_1230_820_1742_1332;4961;-1;[396, 290, 420, 306];;254.0;0.0;0.0;1.0;0.0;0.0
GYTL2T_2_1230_820_1742_1332;4962;2720;[409, 252, 434, 283];[410, 252, 435, 283];407.5;494.0;0.7478108406066895;1.0;0.6298828125;0.9230769230769231
GYTL2T_2_1230_820_1742_1332;4963;2716;[294, 439, 351, 485];[298, 438, 355, 485];937.0;1250.0;0.7435137033462524;1.0;0.8681640625;0.8515543136570032
GYTL2T_2_1230_820_1742_1332;4964;2717;[58, 419, 106, 446];[60, 422, 105, 453];512.5;804.0;0.5708154439926147;1.0;0.79296875;0.6703910614525139
GYTL2T_2_1230_820_1742_1332;4965;2719;[425, 366, 450, 386];[424, 366, 451, 387];253.0;480.0;0.5667939186096191;1.0;0.66552734375;0.8818342151675485
GYTL2T_2_1230_820_1742_1332;4966;2721;[4, 324, 27, 342];[4, 320, 27, 341];204.5;278.0;0.6486486196517944;1.0;0.2108154296875;0.7727272727272727
GYTL2T_2_1230_820_1742_1332;4967;2715;[25, 200, 96, 251];[26, 202, 93, 251];2029.0;2155.0;0.8949870467185974;1.0;0.88720703125;0.9066556199944766
GYTL2T_2_1230_820_1742_1332;4968;2718;[315, 156, 374, 242];[316, 156, 369, 239];1575.5;1866.0;0.8164775371551514;1.0;0.75634765625;0.8669688608592826
GYTL2T_2_1435_820_1947_1332;4969;-1;[191, 290, 215, 306];;254.0;0.0;0.0;1.0;0.0;0.0
GYTL2T_2_1435_820_1947_1332;4970;2779;[204, 252, 229, 283];[206, 252, 231, 283];407.5;486.0;0.7222222089767456;1.0;0.4091796875;0.8518518518518519
GYTL2T_2_1435_820_1947_1332;4971;2780;[378, 491, 395, 505];[378, 488, 395, 507];159.0;227.0;0.6553030014038086;1.0;0.2421875;0.7368421052631579
GYTL2T_2_1435_820_1947_1332;4972;2776;[89, 439, 146, 485];[94, 438, 149, 485];937.0;1213.0;0.7575757503509521;1.0;0.86962890625;0.849733570159858
GYTL2T_2_1435_820_1947_1332;4973;2778;[220, 366, 245, 386];[218, 366, 247, 387];253.0;510.0;0.5377697944641113;1.0;0.61865234375;0.8210180623973727
GYTL2T_2_1435_820_1947_1332;4974;2777;[110, 156, 169, 242];[112, 156, 165, 239];1575.5;1867.0;0.8119783997535706;1.0;0.7705078125;0.8669688608592826
GYTL2T_2_1435_820_1947_1332;4975;-1;[456, 97, 512, 196];;3653.0;0.0;0.0;1.0;0.0;0.0
GYTL2T_2_1640_820_2152_1332;4976;-1;[0, 290, 10, 306];;127.0;0.0;0.0;1.0;0.0;0.0
GYTL2T_2_1640_820_2152_1332;4977;2826;[0, 252, 24, 283];[0, 252, 27, 283];402.0;516.0;0.7241962552070618;1.0;0.10052490234375;0.8888888888888888
GYTL2T_2_1640_820_2152_1332;4978;2825;[173, 491, 190, 505];[172, 488, 191, 507];159.0;242.0;0.6413043737411499;1.0;0.267333984375;0.6592797783933518
GYTL2T_2_1640_820_2152_1332;4979;2824;[15, 366, 40, 386];[14, 366, 43, 387];253.0;485.0;0.5625;1.0;0.5849609375;0.8210180623973727
GYTL2T_2_1640_820_2152_1332;4980;2823;[251, 97, 478, 293];[252, 96, 477, 293];24878.0;26741.0;0.9297935962677002;1.0;0.97412109375;0.9862021155265336
GYTL2T_2_1845_820_2357_1332;4981;-1;[410, 492, 447, 512];;507.5;0.0;0.0;1.0;0.0;0.0
GYTL2T_2_1845_820_2357_1332;4982;2860;[46, 97, 273, 293];[48, 96, 271, 293];24878.0;26331.0;0.9395452737808228;1.0;0.96533203125;0.977479592977748
GYTL2T_2_2050_820_2562_1332;4983;2904;[415, 426, 451, 464];[414, 426, 453, 463];775.5;1004.0;0.7895229458808899;1.0;0.875;0.9006085192697769
GYTL2T_2_2050_820_2562_1332;4984;-1;[494, 290, 512, 337];;529.0;0.0;0.0;1.0;0.0;0.0
GYTL2T_2_2050_820_2562_1332;4985;-1;[205, 492, 242, 512];;507.5;0.0;0.0;1.0;0.0;0.0
GYTL2T_2_2050_820_2562_1332;4986;2905;[0, 150, 68, 285];[0, 150, 67, 277];6172.0;6718.0;0.8802548050880432;1.0;0.62060546875;0.9269063180827887
GYTL2T_2_2050_820_2562_1332;-1;2906;;[344, 198, 379, 221];0.0;585.0;0.0;;0.06781005859375;0.0
GYTL2T_2_2255_820_2767_1332;4987;2973;[210, 426, 246, 464];[210, 426, 247, 463];775.5;934.0;0.800000011920929;1.0;0.90576171875;0.9480427046263346
GYTL2T_2_2255_820_2767_1332;4988;2972;[289, 287, 357, 337];[290, 290, 355, 337];1962.5;2245.0;0.8465058207511902;1.0;0.9189453125;0.8985294117647059
GYTL2T_2_2255_820_2767_1332;4989;-1;[0, 492, 37, 512];;507.5;0.0;0.0;1.0;0.0;0.0
GYTL2T_2_2255_820_2767_1332;-1;2974;;[138, 198, 175, 221];0.0;574.0;0.0;;0.0894775390625;0.0
GYTL2T_2_2255_820_2767_1332;-1;2975;;[8, 124, 25, 145];0.0;244.0;0.0;;0.00669097900390625;0.0
GYTL2T_2_2460_820_2972_1332;4991;3015;[448, 457, 483, 495];[450, 456, 485, 495];743.0;861.0;0.8534201979637146;1.0;0.388671875;0.8702290076335878
GYTL2T_2_2460_820_2972_1332;4992;3013;[5, 426, 41, 464];[4, 426, 43, 463];775.5;975.0;0.808061420917511;1.0;0.87646484375;0.9006085192697769
GYTL2T_2_2460_820_2972_1332;4993;3012;[84, 287, 152, 337];[86, 290, 151, 337];1962.5;2235.0;0.8508148789405823;1.0;0.9130859375;0.8985294117647059
GYTL2T_2_2460_820_2972_1332;4994;3014;[403, 231, 476, 284];[404, 222, 477, 285];1393.0;2071.0;0.6853984594345093;1.0;0.873046875;0.820292347377472
GYTL2T_2_2665_820_3177_1332;4996;3076;[243, 457, 278, 495];[244, 456, 279, 495];743.0;884.0;0.8324552178382874;1.0;0.57763671875;0.9208838203848895
GYTL2T_2_2665_820_3177_1332;4997;3074;[483, 439, 512, 492];[482, 442, 511, 509];711.5;1151.0;0.6203852295875549;1.0;0.740234375;0.6730769230769231
GYTL2T_2_2665_820_3177_1332;4998;3072;[381, 402, 438, 457];[382, 402, 439, 457];1615.0;2214.0;0.7477399706840515;1.0;0.90673828125;0.9655172413793104
GYTL2T_2_2665_820_3177_1332;4999;3075;[471, 364, 496, 398];[472, 362, 497, 397];363.0;586.0;0.6290571689605713;1.0;0.6875;0.8488745980707395
GYTL2T_2_2665_820_3177_1332;5000;3073;[198, 231, 271, 284];[198, 222, 269, 285];1393.0;1857.0;0.7433046698570251;1.0;0.83984375;0.8217951517798646
GYTL2T_2_2870_820_3382_1332;5001;-1;[316, 92, 329, 99];;53.5;0.0;0.0;1.0;0.0;0.0
GYTL2T_2_2870_820_3382_1332;5002;3120;[38, 457, 73, 495];[40, 456, 75, 495];743.0;908.0;0.8159255385398865;1.0;0.56591796875;0.8702290076335878
GYTL2T_2_2870_820_3382_1332;5003;3117;[278, 439, 307, 492];[278, 442, 305, 509];711.0;1165.0;0.6136183738708496;1.0;0.83642578125;0.6763527054108216
GYTL2T_2_2870_820_3382_1332;5004;3116;[176, 402, 233, 457];[178, 402, 235, 457];1615.0;2221.0;0.7449462413787842;1.0;0.91552734375;0.9322033898305084
GYTL2T_2_2870_820_3382_1332;5005;3119;[266, 364, 291, 398];[266, 364, 291, 397];363.0;555.0;0.6694079041481018;1.0;0.59814453125;0.9705882352941176
GYTL2T_2_2870_820_3382_1332;5006;3118;[0, 233, 66, 284];[0, 224, 63, 285];1353.0;1659.0;0.7825361490249634;1.0;0.74755859375;0.8040540540540541
GYTL2T_2_3075_820_3587_1332;5007;-1;[111, 92, 124, 99];;53.5;0.0;0.0;1.0;0.0;0.0
GYTL2T_2_3075_820_3587_1332;5008;3155;[73, 439, 102, 492];[72, 442, 101, 507];711.0;1174.0;0.614048957824707;1.0;0.80078125;0.6923837784371909
GYTL2T_2_3075_820_3587_1332;5009;3157;[0, 402, 28, 455];[0, 404, 29, 455];861.5;1052.0;0.8052863478660583;1.0;0.25244140625;0.9302931596091205
GYTL2T_2_3075_820_3587_1332;5010;3156;[61, 364, 86, 398];[62, 362, 85, 397];363.0;547.0;0.6530278325080872;1.0;0.56201171875;0.8470982142857143
GYTL2T_2_3075_820_3587_1332;-1;3158;;[408, 352, 425, 375];0.0;246.0;0.0;;0.00690460205078125;0.0
GYTL2T_2_410_1025_922_1537;5011;-1;[508, 235, 512, 254];;52.0;0.0;0.0;1.0;0.0;0.0
GYTL2T_2_615_1025_1127_1537;5012;-1;[303, 233, 315, 254];;161.5;0.0;0.0;1.0;0.0;0.0
GYTL2T_2_615_1025_1127_1537;5013;3239;[305, 417, 369, 480];[306, 420, 369, 479];2069.0;2132.0;0.8677337765693665;1.0;0.91943359375;0.921875
GYTL2T_2_615_1025_1127_1537;5014;3240;[395, 348, 435, 385];[396, 348, 435, 383];855.5;1027.0;0.8042895197868347;1.0;0.8896484375;0.9222972972972973
GYTL2T_2_615_1025_1127_1537;5015;-1;[482, 134, 512, 185];;704.0;0.0;0.0;1.0;0.0;0.0
GYTL2T_2_820_1025_1332_1537;5016;-1;[98, 233, 110, 254];;161.5;0.0;0.0;1.0;0.0;0.0
GYTL2T_2_820_1025_1332_1537;5017;-1;[398, 352, 414, 368];;130.5;0.0;0.0;1.0;0.0;0.0
GYTL2T_2_820_1025_1332_1537;5018;3275;[100, 417, 164, 480];[102, 420, 163, 481];2069.0;2134.0;0.8665263056755066;1.0;0.9111328125;0.8942096261910579
GYTL2T_2_820_1025_1332_1537;5019;3278;[427, 384, 473, 418];[428, 386, 473, 419];877.5;1085.0;0.7824978828430176;1.0;0.84912109375;0.8949658172778123
GYTL2T_2_820_1025_1332_1537;5020;3276;[190, 348, 230, 385];[190, 348, 231, 383];855.5;1047.0;0.8054818511009216;1.0;0.87890625;0.9240924092409241
GYTL2T_2_820_1025_1332_1537;5021;3280;[468, 214, 512, 241];[468, 216, 511, 249];501.5;823.0;0.583065390586853;1.0;0.67578125;0.7016971279373369
GYTL2T_2_820_1025_1332_1537;5022;3274;[277, 126, 344, 185];[278, 128, 343, 185];2234.0;2396.0;0.8829003572463989;1.0;0.9267578125;0.9372628383506197
GYTL2T_2_820_1025_1332_1537;5023;3281;[414, 119, 437, 137];[414, 114, 437, 135];204.5;290.0;0.6000000238418579;1.0;0.53125;0.6956521739130435
GYTL2T_2_820_1025_1332_1537;5024;3277;[368, 24, 403, 62];[370, 24, 403, 61];611.0;796.0;0.759132444858551;1.0;0.85498046875;0.9180451127819549
GYTL2T_2_820_1025_1332_1537;5025;3279;[435, 0, 506, 46];[436, 2, 503, 45];1985.5;2015.0;0.8842010498046875;1.0;0.8447265625;0.882118799755052
GYTL2T_2_1025_1025_1537_1537;5026;-1;[193, 352, 209, 368];;130.5;0.0;0.0;1.0;0.0;0.0
GYTL2T_2_1025_1025_1537_1537;5027;2613;[440, 396, 463, 419];[442, 396, 465, 421];359.0;434.0;0.8100208640098572;1.0;0.69775390625;0.7777777777777778
GYTL2T_2_1025_1025_1537_1537;5028;2611;[222, 384, 268, 418];[224, 386, 269, 419];877.5;1108.0;0.7655860185623169;1.0;0.85498046875;0.8580134064594759
GYTL2T_2_1025_1025_1537_1537;5029;2615;[0, 348, 25, 376];[0, 348, 27, 377];489.0;643.0;0.7720057964324951;1.0;0.28857421875;0.8939974457215837
GYTL2T_2_1025_1025_1537_1537;5030;2612;[263, 214, 311, 241];[264, 216, 311, 249];512.5;861.0;0.5799793601036072;1.0;0.79296875;0.7027511961722488
GYTL2T_2_1025_1025_1537_1537;5031;2608;[72, 126, 139, 185];[74, 128, 139, 185];2234.0;2392.0;0.8967540264129639;1.0;0.921875;0.9372628383506197
GYTL2T_2_1025_1025_1537_1537;5032;2614;[209, 119, 232, 137];[208, 114, 233, 135];204.5;333.0;0.6270270347595215;1.0;0.5078125;0.6444833625218914
GYTL2T_2_1025_1025_1537_1537;5033;2610;[163, 24, 198, 62];[166, 24, 199, 63];611.0;837.0;0.7313596606254578;1.0;0.8740234375;0.8679514632405425
GYTL2T_2_1025_1025_1537_1537;5034;2609;[230, 0, 301, 46];[232, 2, 299, 47];1985.5;2022.0;0.8789097666740417;1.0;0.8798828125;0.8844884488448845
GYTL2T_2_1230_1025_1742_1537;5035;-1;[0, 357, 4, 365];;18.5;0.0;0.0;1.0;0.0;0.0
GYTL2T_2_1230_1025_1742_1537;5036;-1;[396, 85, 420, 101];;254.0;0.0;0.0;1.0;0.0;0.0
GYTL2T_2_1230_1025_1742_1537;5037;2667;[409, 47, 434, 78];[410, 48, 435, 79];407.5;488.0;0.7167530059814453;1.0;0.282958984375;0.8674698795180723
GYTL2T_2_1230_1025_1742_1537;5038;2670;[359, 479, 420, 512];[360, 480, 421, 511];1359.0;1419.0;0.7659701704978943;1.0;0.011688232421875;0.9099804305283757
GYTL2T_2_1230_1025_1742_1537;5039;2665;[235, 396, 258, 419];[236, 396, 259, 421];359.0;432.0;0.8179916143417358;1.0;0.7265625;0.8461538461538461
GYTL2T_2_1230_1025_1742_1537;5040;2661;[17, 384, 63, 418];[18, 386, 63, 419];877.5;1164.0;0.7506014704704285;1.0;0.86328125;0.8949658172778123
GYTL2T_2_1230_1025_1742_1537;5041;2664;[424, 343, 464, 408];[426, 346, 463, 407];1117.0;1162.0;0.8724216818809509;1.0;0.77880859375;0.8680769230769231
GYTL2T_2_1230_1025_1742_1537;5042;2660;[294, 234, 351, 280];[298, 232, 355, 281];937.0;1350.0;0.6916723847389221;1.0;0.87255859375;0.8189452468928451
GYTL2T_2_1230_1025_1742_1537;5043;2663;[58, 214, 106, 241];[60, 216, 105, 249];512.5;835.0;0.5747368335723877;1.0;0.79443359375;0.6793478260869565
GYTL2T_2_1230_1025_1742_1537;5044;2666;[425, 161, 450, 181];[424, 160, 453, 183];253.0;524.0;0.5316901206970215;1.0;0.69287109375;0.7496251874062968
GYTL2T_2_1230_1025_1742_1537;5045;2668;[4, 119, 27, 137];[4, 114, 27, 135];204.5;299.0;0.5966386795043945;1.0;0.279052734375;0.6956521739130435
GYTL2T_2_1230_1025_1742_1537;5046;2662;[25, 0, 96, 46];[28, 2, 93, 45];1985.5;1957.0;0.869742214679718;1.0;0.861328125;0.8557868952847519
GYTL2T_2_1230_1025_1742_1537;5047;2669;[315, 0, 374, 37];[316, 0, 371, 35];575.0;728.0;0.7149532437324524;1.0;0.06854248046875;0.8818140174072377
GYTL2T_2_1435_1025_1947_1537;5048;-1;[191, 85, 215, 101];;254.0;0.0;0.0;1.0;0.0;0.0
GYTL2T_2_1435_1025_1947_1537;5049;2728;[204, 47, 229, 78];[204, 46, 231, 79];407.5;525.0;0.7407407164573669;1.0;0.18896484375;0.8698092031425365
GYTL2T_2_1435_1025_1947_1537;5050;2729;[378, 286, 395, 300];[376, 284, 397, 301];159.0;231.0;0.6653992533683777;1.0;0.1063232421875;0.6666666666666666
GYTL2T_2_1435_1025_1947_1537;5051;2730;[154, 479, 215, 512];[154, 480, 215, 511];1359.0;1414.0;0.7684021592140198;1.0;0.017242431640625;0.9393939393939394
GYTL2T_2_1435_1025_1947_1537;5052;-1;[494, 471, 512, 512];;496.0;0.0;0.0;1.0;0.0;0.0
GYTL2T_2_1435_1025_1947_1537;5053;2726;[30, 396, 53, 419];[32, 396, 55, 421];359.0;431.0;0.8134171962738037;1.0;0.7431640625;0.7777777777777778
GYTL2T_2_1435_1025_1947_1537;5054;2723;[365, 390, 433, 435];[364, 392, 433, 435];2011.0;2208.0;0.8788648843765259;1.0;0.8955078125;0.9423138897840799
GYTL2T_2_1435_1025_1947_1537;5055;2725;[219, 343, 259, 408];[220, 344, 259, 407];1117.0;1230.0;0.8741623163223267;1.0;0.7646484375;0.945
GYTL2T_2_1435_1025_1947_1537;5056;2724;[89, 234, 146, 280];[92, 234, 149, 279];937.0;1247.0;0.7466567754745483;1.0;0.87255859375;0.8813928182807399
GYTL2T_2_1435_1025_1947_1537;5057;2727;[220, 161, 245, 181];[218, 160, 247, 183];253.0;535.0;0.5189655423164368;1.0;0.69580078125;0.7496251874062968
GYTL2T_2_1435_1025_1947_1537;5058;2731;[110, 0, 169, 37];[112, 2, 167, 35];575.0;633.0;0.6300715804100037;1.0;0.01137542724609375;0.8314246449839671
GYTL2T_2_1640_1025_2152_1537;5059;-1;[0, 85, 10, 101];;127.0;0.0;0.0;1.0;0.0;0.0
GYTL2T_2_1640_1025_2152_1537;5060;2788;[0, 47, 24, 78];[0, 46, 27, 79];402.0;519.0;0.7393526434898376;1.0;0.060516357421875;0.835016835016835
GYTL2T_2_1640_1025_2152_1537;5061;2786;[173, 286, 190, 300];[172, 284, 191, 301];159.0;219.0;0.6666666865348816;1.0;0.087890625;0.7368421052631579
GYTL2T_2_1640_1025_2152_1537;5062;2782;[289, 463, 343, 512];[290, 464, 343, 511];1956.0;1915.0;0.8519706726074219;1.0;0.89404296875;0.9414210128495842
GYTL2T_2_1640_1025_2152_1537;5063;2783;[455, 439, 502, 479];[456, 440, 503, 479];1057.0;1177.0;0.8377965092658997;1.0;0.87646484375;0.9348619072433559
GYTL2T_2_1640_1025_2152_1537;5064;2781;[160, 390, 228, 435];[160, 392, 227, 435];2011.0;2220.0;0.8761583566665649;1.0;0.89990234375;0.9415032679738562
GYTL2T_2_1640_1025_2152_1537;5065;2784;[14, 343, 54, 408];[16, 344, 53, 407];1117.0;1206.0;0.8664666414260864;1.0;0.73095703125;0.8965384615384615
GYTL2T_2_1640_1025_2152_1537;5066;2785;[15, 161, 40, 181];[14, 160, 43, 183];253.0;511.0;0.5395683646202087;1.0;0.61865234375;0.7496251874062968
GYTL2T_2_1640_1025_2152_1537;5067;2787;[315, 0, 478, 88];[314, 2, 477, 89];9414.5;9957.0;0.8493252396583557;1.0;0.07183837890625;0.9547043102857534
GYTL2T_2_1845_1025_2357_1537;5068;2829;[84, 463, 138, 512];[86, 464, 137, 511];1956.0;1917.0;0.8640552759170532;1.0;0.87841796875;0.9058956916099773
GYTL2T_2_1845_1025_2357_1537;5069;2828;[250, 439, 297, 479];[250, 440, 297, 479];1057.0;1244.0;0.8324685096740723;1.0;0.88427734375;0.975
GYTL2T_2_1845_1025_2357_1537;5070;-1;[0, 393, 23, 429];;562.0;0.0;0.0;1.0;0.0;0.0
GYTL2T_2_1845_1025_2357_1537;5071;2827;[410, 287, 459, 350];[408, 286, 459, 349];1712.0;2118.0;0.8160144090652466;1.0;0.89404296875;0.9313304721030042
GYTL2T_2_1845_1025_2357_1537;5072;2830;[110, 0, 273, 88];[110, 2, 273, 89];9414.5;9752.0;0.8449408411979675;1.0;0.0292510986328125;0.9662921348314607
GYTL2T_2_2050_1025_2562_1537;5073;2862;[415, 221, 451, 259];[414, 220, 453, 257];775.5;997.0;0.7743732333183289;1.0;0.89013671875;0.8554455445544554
GYTL2T_2_2050_1025_2562_1537;5074;-1;[494, 85, 512, 132];;529.0;0.0;0.0;1.0;0.0;0.0
GYTL2T_2_2050_1025_2562_1537;5075;2861;[45, 439, 92, 479];[46, 440, 93, 479];1057.0;1209.0;0.8352144360542297;1.0;0.89404296875;0.9348619072433559
GYTL2T_2_2050_1025_2562_1537;5076;2863;[205, 287, 254, 350];[204, 286, 253, 351];1712.0;2163.0;0.8031774163246155;1.0;0.884765625;0.9310344827586207
GYTL2T_2_2050_1025_2562_1537;5077;-1;[0, 0, 68, 80];;3370.5;0.0;0.0;1.0;0.0;0.0
GYTL2T_2_2255_1025_2767_1537;5078;-1;[438, 340, 445, 346];;31.5;0.0;0.0;1.0;0.0;0.0
GYTL2T_2_2255_1025_2767_1537;5079;2937;[210, 221, 246, 259];[210, 220, 247, 257];775.5;973.0;0.7874763011932373;1.0;0.89697265625;0.8993754337265788
GYTL2T_2_2255_1025_2767_1537;5080;2936;[289, 82, 357, 132];[290, 84, 355, 133];1962.5;2257.0;0.8506655693054199;1.0;0.923828125;0.9004329004329005
GYTL2T_2_2255_1025_2767_1537;5081;2938;[0, 287, 49, 350];[0, 286, 47, 349];1712.0;1978.0;0.8495491147041321;1.0;0.8857421875;0.9298021697511167
GYTL2T_2_2255_1025_2767_1537;-1;2939;;[390, 244, 417, 271];0.0;501.0;0.0;;0.00847625732421875;0.0
GYTL2T_2_2460_1025_2972_1537;5082;-1;[420, 334, 429, 340];;41.0;0.0;0.0;1.0;0.0;0.0
GYTL2T_2_2460_1025_2972_1537;5084;-1;[233, 340, 240, 346];;31.5;0.0;0.0;1.0;0.0;0.0
GYTL2T_2_2460_1025_2972_1537;5085;-1;[301, 499, 320, 512];;184.0;0.0;0.0;1.0;0.0;0.0
GYTL2T_2_2460_1025_2972_1537;5086;2980;[337, 409, 365, 432];[338, 410, 365, 433];189.5;353.0;0.5450000166893005;1.0;0.3173828125;0.8852459016393442
GYTL2T_2_2460_1025_2972_1537;5087;2979;[448, 252, 483, 290];[450, 252, 485, 289];743.0;821.0;0.8751406073570251;1.0;0.6298828125;0.8696581196581197
GYTL2T_2_2460_1025_2972_1537;5088;2977;[5, 221, 41, 259];[4, 220, 41, 259];775.5;971.0;0.8044103384017944;1.0;0.875;0.9480249480249481
GYTL2T_2_2460_1025_2972_1537;5089;2976;[84, 82, 152, 132];[86, 84, 151, 133];1962.5;2185.0;0.8509737253189087;1.0;0.91943359375;0.9004329004329005
GYTL2T_2_2460_1025_2972_1537;5090;2978;[403, 26, 476, 79];[404, 18, 477, 81];1393.0;1962.0;0.7140790820121765;1.0;0.85888671875;0.820292347377472
GYTL2T_2_2665_1025_3177_1537;5091;-1;[215, 334, 224, 340];;41.0;0.0;0.0;1.0;0.0;0.0
GYTL2T_2_2665_1025_3177_1537;5093;-1;[28, 340, 35, 346];;31.5;0.0;0.0;1.0;0.0;0.0
GYTL2T_2_2665_1025_3177_1537;5094;-1;[96, 499, 115, 512];;184.0;0.0;0.0;1.0;0.0;0.0
GYTL2T_2_2665_1025_3177_1537;5095;3022;[132, 409, 160, 432];[132, 408, 159, 433];189.5;377.0;0.5233644843101501;1.0;0.325927734375;0.8896848137535817
GYTL2T_2_2665_1025_3177_1537;5096;3020;[334, 402, 415, 512];[336, 402, 413, 511];4062.0;4279.0;0.8618854880332947;1.0;0.7373046875;0.9419753086419753
GYTL2T_2_2665_1025_3177_1537;5097;3018;[243, 252, 278, 290];[244, 252, 279, 289];743.0;843.0;0.8737541437149048;1.0;0.75341796875;0.9202633504023409
GYTL2T_2_2665_1025_3177_1537;5098;3019;[483, 234, 512, 287];[482, 236, 509, 301];711.5;1146.0;0.6223832368850708;1.0;0.74169921875;0.6744659206510681
GYTL2T_2_2665_1025_3177_1537;5099;3016;[381, 197, 438, 252];[382, 198, 439, 253];1615.0;2182.0;0.7584097981452942;1.0;0.9130859375;0.9316081330868762
GYTL2T_2_2665_1025_3177_1537;5100;3021;[471, 159, 496, 193];[472, 158, 497, 193];363.0;583.0;0.6283048391342163;1.0;0.69287109375;0.8976897689768977
GYTL2T_2_2665_1025_3177_1537;5101;3017;[198, 26, 271, 79];[198, 18, 271, 81];1393.0;1952.0;0.71552973985672;1.0;0.86962890625;0.8412698412698413
GYTL2T_2_2870_1025_3382_1537;5102;-1;[10, 334, 19, 340];;41.0;0.0;0.0;1.0;0.0;0.0
GYTL2T_2_2870_1025_3382_1537;5103;3083;[318, 373, 333, 390];[318, 352, 341, 391];134.0;475.0;0.2943396270275116;1.0;0.08209228515625;0.2842809364548495
GYTL2T_2_2870_1025_3382_1537;5104;-1;[479, 421, 512, 468];;1147.0;0.0;0.0;1.0;0.0;0.0
GYTL2T_2_2870_1025_3382_1537;5105;3080;[129, 402, 210, 512];[130, 402, 209, 511];4062.0;4377.0;0.8631667494773865;1.0;0.7646484375;0.9664421997755331
GYTL2T_2_2870_1025_3382_1537;5106;3082;[38, 252, 73, 290];[40, 252, 75, 289];743.0;858.0;0.8484848737716675;1.0;0.689453125;0.8696581196581197
GYTL2T_2_2870_1025_3382_1537;5107;3078;[278, 234, 307, 287];[278, 236, 305, 303];711.0;1159.0;0.620414674282074;1.0;0.85302734375;0.6993397663788725
GYTL2T_2_2870_1025_3382_1537;5108;3077;[176, 197, 233, 252];[178, 198, 235, 253];1615.0;2193.0;0.7462104558944702;1.0;0.9248046875;0.9
GYTL2T_2_2870_1025_3382_1537;5109;3081;[266, 159, 291, 193];[266, 158, 291, 193];363.0;578.0;0.6487341523170471;1.0;0.7578125;0.9714285714285714
GYTL2T_2_2870_1025_3382_1537;5110;3079;[0, 28, 66, 79];[0, 18, 67, 81];1353.0;1734.0;0.7739318609237671;1.0;0.8173828125;0.7974413646055437
GYTL2T_2_3075_1025_3587_1537;5111;3125;[113, 373, 128, 390];[114, 352, 137, 389];134.0;412.0;0.3091684579849243;1.0;0.015777587890625;0.25396825396825395
GYTL2T_2_3075_1025_3587_1537;5112;3121;[274, 421, 351, 488];[274, 422, 351, 487];2673.5;2824.0;0.9153333306312561;1.0;0.91162109375;0.9701492537313433
GYTL2T_2_3075_1025_3587_1537;5113;3122;[73, 234, 102, 287];[72, 238, 101, 301];711.0;1135.0;0.6255077123641968;1.0;0.8056640625;0.6887550200803213
GYTL2T_2_3075_1025_3587_1537;5114;3124;[0, 197, 28, 250];[0, 198, 29, 251];861.5;1032.0;0.8155774474143982;1.0;0.420654296875;0.9303514376996805
GYTL2T_2_3075_1025_3587_1537;5115;3123;[61, 159, 86, 193];[62, 158, 85, 193];363.0;538.0;0.6683250665664673;1.0;0.67236328125;0.8957617411225659
GYTL2T_2_3280_1025_3792_1537;5116;3160;[69, 421, 146, 488];[70, 422, 145, 487];2673.5;2822.0;0.9054098725318909;1.0;0.92822265625;0.9449505718162434
GYTL2T_2_0_1230_512_1742;5117;2592;[200, 490, 218, 506];[200, 490, 219, 507];184.5;233.0;0.7819548845291138;1.0;0.275146484375;0.891640866873065
GYTL2T_2_205_1230_717_1742;5118;-1;[0, 490, 13, 506];;157.5;0.0;0.0;1.0;0.0;0.0
GYTL2T_2_410_1230_922_1742;5119;-1;[508, 30, 512, 49];;52.0;0.0;0.0;1.0;0.0;0.0
GYTL2T_2_615_1230_1127_1742;5120;-1;[303, 28, 315, 49];;161.5;0.0;0.0;1.0;0.0;0.0
GYTL2T_2_615_1230_1127_1742;5121;3243;[389, 442, 440, 499];[388, 442, 443, 501];1288.0;1644.0;0.7868757247924805;1.0;0.6494140625;0.8958397534668721
GYTL2T_2_615_1230_1127_1742;5122;3241;[305, 212, 369, 275];[306, 216, 369, 275];2069.0;2077.0;0.8776208758354187;1.0;0.91650390625;0.921875
GYTL2T_2_615_1230_1127_1742;5123;3242;[395, 143, 435, 180];[396, 142, 437, 179];855.5;1077.0;0.7884283065795898;1.0;0.8857421875;0.8813559322033898
GYTL2T_2_820_1230_1332_1742;5124;-1;[98, 28, 110, 49];;161.5;0.0;0.0;1.0;0.0;0.0
GYTL2T_2_820_1230_1332_1742;5125;-1;[398, 147, 414, 163];;130.5;0.0;0.0;1.0;0.0;0.0
GYTL2T_2_820_1230_1332_1742;5126;3285;[184, 442, 235, 499];[182, 442, 237, 501];1288.0;1581.0;0.8177428841590881;1.0;0.71240234375;0.8958397534668721
GYTL2T_2_820_1230_1332_1742;5127;3287;[301, 434, 339, 480];[302, 436, 337, 481];957.5;1058.0;0.8255033493041992;1.0;0.5927734375;0.8637128435221537
GYTL2T_2_820_1230_1332_1742;5128;3288;[424, 384, 460, 412];[422, 384, 461, 413];397.0;538.0;0.7436762452125549;1.0;0.2220458984375;0.8912466843501327
GYTL2T_2_820_1230_1332_1742;5129;3282;[100, 212, 164, 275];[102, 216, 163, 275];2069.0;2080.0;0.8660714030265808;1.0;0.91162109375;0.892609126984127
GYTL2T_2_820_1230_1332_1742;5130;3284;[427, 179, 473, 213];[428, 182, 473, 213];877.5;1065.0;0.7682512998580933;1.0;0.84814453125;0.8919437340153452
GYTL2T_2_820_1230_1332_1742;5131;3283;[190, 143, 230, 180];[190, 144, 231, 179];855.5;1049.0;0.7985928058624268;1.0;0.87060546875;0.9240924092409241
GYTL2T_2_820_1230_1332_1742;5132;3286;[468, 9, 512, 36];[468, 12, 511, 43];501.5;844.0;0.5980707406997681;1.0;0.67236328125;0.6930826057756884
GYTL2T_2_1025_1230_1537_1742;5133;-1;[193, 147, 209, 163];;130.5;0.0;0.0;1.0;0.0;0.0
GYTL2T_2_1025_1230_1537_1742;5134;-1;[0, 453, 30, 499];;772.5;0.0;0.0;1.0;0.0;0.0
GYTL2T_2_1025_1230_1537_1742;5135;2616;[439, 437, 478, 476];[440, 438, 479, 481];685.5;1117.0;0.6081871390342712;1.0;0.87255859375;0.8232611174458381
GYTL2T_2_1025_1230_1537_1742;5136;2621;[96, 434, 134, 480];[98, 436, 133, 481];957.5;1059.0;0.804817259311676;1.0;0.66015625;0.8637128435221537
GYTL2T_2_1025_1230_1537_1742;5137;2622;[219, 384, 255, 412];[218, 384, 277, 417];397.0;943.0;0.427734375;1.0;0.337158203125;0.5177195685670262
GYTL2T_2_1025_1230_1537_1742;5138;2617;[401, 307, 440, 342];[400, 306, 443, 341];602.0;834.0;0.7323788404464722;1.0;0.845703125;0.8588082901554405
GYTL2T_2_1025_1230_1537_1742;5139;2620;[440, 191, 463, 214];[440, 190, 465, 217];359.0;472.0;0.7674418687820435;1.0;0.68603515625;0.7837037037037037
GYTL2T_2_1025_1230_1537_1742;5140;2618;[222, 179, 268, 213];[224, 182, 267, 213];877.5;1029.0;0.7978910207748413;1.0;0.83447265625;0.8523017902813299
GYTL2T_2_1025_1230_1537_1742;5141;2623;[0, 143, 25, 171];[0, 142, 27, 173];489.0;657.0;0.7631954550743103;1.0;0.063232421875;0.8363201911589009
GYTL2T_2_1025_1230_1537_1742;5142;2619;[263, 9, 311, 36];[264, 10, 311, 43];512.5;878.0;0.5893223881721497;1.0;0.72509765625;0.752
GYTL2T_2_1230_1230_1742_1742;5143;-1;[0, 152, 4, 160];;18.5;0.0;0.0;1.0;0.0;0.0
GYTL2T_2_1230_1230_1742_1742;5144;2676;[234, 437, 273, 476];[234, 438, 273, 481];685.5;1096.0;0.6297250986099243;1.0;0.79443359375;0.8636363636363636
GYTL2T_2_1230_1230_1742_1742;5145;2679;[14, 384, 50, 412];[12, 382, 71, 417];397.0;990.0;0.42384105920791626;1.0;0.25830078125;0.488135593220339
GYTL2T_2_1230_1230_1742_1742;5146;2674;[196, 307, 235, 342];[194, 306, 237, 341];602.0;869.0;0.6933614611625671;1.0;0.85009765625;0.8588082901554405
GYTL2T_2_1230_1230_1742_1742;5147;2671;[357, 274, 420, 333];[356, 276, 421, 333];2499.0;2719.0;0.8948101997375488;1.0;0.9306640625;0.9373531714956931
GYTL2T_2_1230_1230_1742_1742;5148;2678;[235, 191, 258, 214];[236, 190, 259, 215];359.0;455.0;0.7860000133514404;1.0;0.7216796875;0.8461538461538461
GYTL2T_2_1230_1230_1742_1742;5149;2672;[17, 179, 63, 213];[18, 180, 63, 213];877.5;1150.0;0.7667210698127747;1.0;0.8681640625;0.9494884910485933
GYTL2T_2_1230_1230_1742_1742;5150;2675;[424, 138, 464, 203];[426, 140, 463, 203];1117.0;1180.0;0.8651515245437622;1.0;0.8310546875;0.8965384615384615
GYTL2T_2_1230_1230_1742_1742;5151;2673;[294, 29, 351, 75];[298, 28, 355, 75];937.0;1253.0;0.7449963092803955;1.0;0.8671875;0.8515543136570032
GYTL2T_2_1230_1230_1742_1742;5152;2677;[58, 9, 106, 36];[60, 10, 105, 43];512.5;841.0;0.5738219618797302;1.0;0.79296875;0.7262569832402235
GYTL2T_2_1435_1230_1947_1742;5153;2739;[378, 81, 395, 95];[378, 80, 395, 95];159.0;176.0;0.6995515823364258;1.0;0.1812744140625;0.9333333333333333
GYTL2T_2_1435_1230_1947_1742;5154;-1;[366, 490, 397, 512];;502.0;0.0;0.0;1.0;0.0;0.0
GYTL2T_2_1435_1230_1947_1742;5155;2736;[29, 437, 68, 476];[30, 438, 69, 481];685.5;1070.0;0.626839816570282;1.0;0.83447265625;0.8232611174458381
GYTL2T_2_1435_1230_1947_1742;5156;2733;[362, 351, 432, 408];[360, 352, 433, 411];1934.5;2750.0;0.7301642894744873;1.0;0.896484375;0.8955905871601554
GYTL2T_2_1435_1230_1947_1742;5157;2741;[0, 307, 30, 342];[0, 306, 31, 341];476.5;528.0;0.8330605626106262;1.0;0.00757598876953125;0.9147982062780269
GYTL2T_2_1435_1230_1947_1742;5158;2732;[152, 274, 215, 333];[152, 276, 215, 333];2499.0;2711.0;0.8952879309654236;1.0;0.93115234375;0.9661016949152542
GYTL2T_2_1435_1230_1947_1742;5159;2740;[494, 266, 512, 323];[494, 266, 511, 323];654.5;676.0;0.7753623127937317;1.0;0.0094146728515625;0.9444444444444444
GYTL2T_2_1435_1230_1947_1742;5160;2738;[30, 191, 53, 214];[32, 192, 55, 215];359.0;401.0;0.8351648449897766;1.0;0.73388671875;0.7751677852348994
GYTL2T_2_1435_1230_1947_1742;5161;2734;[365, 185, 433, 230];[364, 186, 433, 229];2011.0;2261.0;0.8717735409736633;1.0;0.8916015625;0.9423138897840799
GYTL2T_2_1435_1230_1947_1742;5162;2737;[219, 138, 259, 203];[220, 140, 259, 203];1117.0;1224.0;0.8779940009117126;1.0;0.810546875;0.945
GYTL2T_2_1435_1230_1947_1742;5163;2735;[89, 29, 146, 75];[94, 28, 149, 75];937.0;1194.0;0.7749419808387756;1.0;0.880859375;0.849733570159858
GYTL2T_2_1640_1230_2152_1742;5164;2794;[173, 81, 190, 95];[172, 80, 191, 97];159.0;213.0;0.7016128897666931;1.0;0.0994873046875;0.7368421052631579
GYTL2T_2_1640_1230_2152_1742;5165;-1;[161, 490, 192, 512];;502.0;0.0;0.0;1.0;0.0;0.0
GYTL2T_2_1640_1230_2152_1742;5166;2790;[157, 351, 227, 408];[156, 352, 227, 411];1934.5;2698.0;0.745726466178894;1.0;0.90185546875;0.9204038506691712
GYTL2T_2_1640_1230_2152_1742;5167;2789;[289, 258, 343, 323];[290, 258, 343, 321];2295.5;2427.0;0.9097248911857605;1.0;0.94482421875;0.9512820512820512
GYTL2T_2_1640_1230_2152_1742;5168;2792;[455, 234, 502, 274];[454, 234, 503, 273];1057.0;1283.0;0.8128612637519836;1.0;0.87744140625;0.9361593462717058
GYTL2T_2_1640_1230_2152_1742;5169;2791;[160, 185, 228, 230];[160, 186, 227, 231];2011.0;2328.0;0.862464189529419;1.0;0.89501953125;0.942756635753118
GYTL2T_2_1640_1230_2152_1742;5170;2793;[14, 138, 54, 203];[16, 140, 53, 203];1117.0;1211.0;0.8592702746391296;1.0;0.80322265625;0.8965384615384615
GYTL2T_2_1845_1230_2357_1742;5171;2835;[393, 471, 407, 512];[392, 468, 411, 511];395.5;633.0;0.5638889074325562;1.0;0.2069091796875;0.6738868832731648
GYTL2T_2_1845_1230_2357_1742;5172;2836;[0, 358, 22, 393];[0, 358, 23, 393];436.5;548.0;0.7588996887207031;1.0;0.09844970703125;0.9565217391304348
GYTL2T_2_1845_1230_2357_1742;5173;2833;[431, 324, 482, 382];[430, 324, 481, 381];1921.5;2114.0;0.883134126663208;1.0;0.90185546875;0.945273631840796
GYTL2T_2_1845_1230_2357_1742;5174;2831;[84, 258, 138, 323];[86, 258, 137, 321];2295.5;2375.0;0.9090909361839294;1.0;0.9365234375;0.9153846153846154
GYTL2T_2_1845_1230_2357_1742;5175;2834;[250, 234, 297, 274];[250, 234, 297, 275];1057.0;1269.0;0.8367646932601929;1.0;0.89404296875;0.975609756097561
GYTL2T_2_1845_1230_2357_1742;5176;2837;[0, 188, 23, 224];[0, 192, 23, 223];562.0;582.0;0.7671809196472168;1.0;0.006587982177734375;0.8611111111111112
GYTL2T_2_1845_1230_2357_1742;5177;2832;[410, 82, 459, 145];[408, 82, 459, 145];1712.0;2131.0;0.8144007325172424;1.0;0.9052734375;0.9607843137254902
GYTL2T_2_2050_1230_2562_1742;5178;2867;[415, 16, 451, 54];[414, 16, 453, 53];775.5;1015.0;0.7807585597038269;1.0;0.8759765625;0.9006085192697769
GYTL2T_2_2050_1230_2562_1742;5179;2868;[188, 471, 202, 512];[188, 468, 207, 511];395.5;581.0;0.5668604373931885;1.0;0.22265625;0.6738868832731648
GYTL2T_2_2050_1230_2562_1742;5180;2865;[226, 324, 277, 382];[226, 324, 277, 383];1921.5;2148.0;0.889819324016571;1.0;0.8916015625;0.9830508474576272
GYTL2T_2_2050_1230_2562_1742;5181;2866;[45, 234, 92, 274];[44, 234, 93, 275];1057.0;1327.0;0.8059279918670654;1.0;0.880859375;0.9357889497262319
GYTL2T_2_2050_1230_2562_1742;5182;2864;[205, 82, 254, 145];[204, 82, 253, 145];1712.0;2135.0;0.8175705671310425;1.0;0.896484375;0.96
GYTL2T_2_2255_1230_2767_1742;5183;-1;[438, 135, 445, 141];;31.5;0.0;0.0;1.0;0.0;0.0
GYTL2T_2_2255_1230_2767_1742;5184;-1;[495, 294, 512, 322];;232.0;0.0;0.0;1.0;0.0;0.0
GYTL2T_2_2255_1230_2767_1742;5185;2942;[210, 16, 246, 54];[210, 16, 247, 53];775.5;946.0;0.7864734530448914;1.0;0.8681640625;0.9480427046263346
GYTL2T_2_2255_1230_2767_1742;5186;2941;[21, 324, 72, 382];[22, 324, 73, 383];1921.5;2121.0;0.888741135597229;1.0;0.89404296875;0.9455493968046952
GYTL2T_2_2255_1230_2767_1742;5187;2940;[0, 82, 49, 145];[0, 82, 49, 145];1712.0;2007.0;0.8570075631141663;1.0;0.89990234375;1.0
GYTL2T_2_2460_1230_2972_1742;5188;-1;[325, 502, 335, 509];;45.0;0.0;0.0;1.0;0.0;0.0
GYTL2T_2_2460_1230_2972_1742;5189;-1;[420, 129, 429, 135];;41.0;0.0;0.0;1.0;0.0;0.0
GYTL2T_2_2460_1230_2972_1742;5191;-1;[233, 135, 240, 141];;31.5;0.0;0.0;1.0;0.0;0.0
GYTL2T_2_2460_1230_2972_1742;5192;2981;[290, 294, 338, 330];[292, 294, 337, 329];994.5;1088.0;0.8542881011962891;1.0;0.8759765625;0.9114583333333334
GYTL2T_2_2460_1230_2972_1742;5193;2984;[337, 204, 365, 227];[338, 204, 365, 227];189.5;339.0;0.5788113474845886;1.0;0.248046875;0.9642857142857143
GYTL2T_2_2460_1230_2972_1742;5194;2983;[448, 47, 483, 85];[450, 48, 485, 85];743.0;822.0;0.8741573095321655;1.0;0.607421875;0.8696581196581197
GYTL2T_2_2460_1230_2972_1742;5195;2982;[5, 16, 41, 54];[4, 16, 43, 53];775.5;1015.0;0.7807585597038269;1.0;0.85498046875;0.9006085192697769
GYTL2T_2_2665_1230_3177_1742;5196;-1;[120, 502, 130, 509];;45.0;0.0;0.0;1.0;0.0;0.0
GYTL2T_2_2665_1230_3177_1742;5197;-1;[215, 129, 224, 135];;41.0;0.0;0.0;1.0;0.0;0.0
GYTL2T_2_2665_1230_3177_1742;5199;-1;[28, 135, 35, 141];;31.5;0.0;0.0;1.0;0.0;0.0
GYTL2T_2_2665_1230_3177_1742;5200;3023;[398, 446, 444, 507];[398, 448, 443, 507];1871.5;2063.0;0.8926605582237244;1.0;0.9130859375;0.9461867426942266
GYTL2T_2_2665_1230_3177_1742;5201;3025;[85, 294, 133, 330];[86, 294, 133, 329];994.5;1092.0;0.866108775138855;1.0;0.892578125;0.9519675925925926
GYTL2T_2_2665_1230_3177_1742;5202;3028;[132, 204, 160, 227];[132, 202, 159, 227];189.5;383.0;0.5269320607185364;1.0;0.5888671875;0.8896848137535817
GYTL2T_2_2665_1230_3177_1742;5203;3024;[334, 197, 415, 322];[336, 198, 413, 321];4239.0;4623.0;0.852923572063446;1.0;0.900390625;0.9354074074074074
GYTL2T_2_2665_1230_3177_1742;5204;3029;[243, 47, 278, 85];[244, 48, 279, 85];743.0;849.0;0.8538713455200195;1.0;0.458984375;0.9202633504023409
GYTL2T_2_2665_1230_3177_1742;5205;3027;[483, 29, 512, 82];[482, 32, 509, 97];711.5;1112.0;0.6227495670318604;1.0;0.6669921875;0.6526104417670683
GYTL2T_2_2665_1230_3177_1742;5206;3026;[381, 0, 438, 47];[382, 2, 439, 47];1545.5;1964.0;0.7577903866767883;1.0;0.85888671875;0.9251101321585903
GYTL2T_2_2870_1230_3382_1742;5207;-1;[10, 129, 19, 135];;41.0;0.0;0.0;1.0;0.0;0.0
GYTL2T_2_2870_1230_3382_1742;5208;3090;[318, 168, 333, 185];[318, 146, 341, 185];134.0;470.0;0.29118773341178894;1.0;0.042388916015625;0.2842809364548495
GYTL2T_2_2870_1230_3382_1742;5209;3084;[193, 446, 239, 507];[194, 448, 239, 507];1871.5;2049.0;0.8864889740943909;1.0;0.90673828125;0.9461867426942266
GYTL2T_2_2870_1230_3382_1742;5210;3088;[349, 433, 444, 512];[352, 430, 443, 511];4151.0;4653.0;0.8496376872062683;1.0;0.763671875;0.9125739264592441
GYTL2T_2_2870_1230_3382_1742;5211;-1;[479, 216, 512, 263];;1147.0;0.0;0.0;1.0;0.0;0.0
GYTL2T_2_2870_1230_3382_1742;5212;3085;[129, 197, 210, 322];[130, 198, 209, 321];4239.0;4745.0;0.8503642678260803;1.0;0.8623046875;0.9597037037037037
GYTL2T_2_2870_1230_3382_1742;5213;3089;[38, 47, 73, 85];[40, 48, 75, 85];743.0;830.0;0.8629834055900574;1.0;0.525390625;0.8696581196581197
GYTL2T_2_2870_1230_3382_1742;5214;3087;[278, 29, 307, 82];[278, 32, 305, 97];711.0;1147.0;0.6247987151145935;1.0;0.82080078125;0.6951596292481977
GYTL2T_2_2870_1230_3382_1742;5215;3086;[176, 0, 233, 47];[178, 0, 235, 47];1545.5;2021.0;0.7678989171981812;1.0;0.8447265625;0.9322033898305084
GYTL2T_2_3075_1230_3587_1742;5216;3131;[113, 168, 128, 185];[114, 146, 137, 185];134.0;445.0;0.3066132366657257;1.0;0.01049041748046875;0.2603938730853392
GYTL2T_2_3075_1230_3587_1742;5217;3129;[0, 446, 34, 507];[0, 448, 33, 507];1565.0;1604.0;0.9206440448760986;1.0;0.59814453125;0.9387656702025072
GYTL2T_2_3075_1230_3587_1742;5218;3127;[144, 433, 239, 512];[146, 430, 239, 511];4151.0;4696.0;0.8393710255622864;1.0;0.716796875;0.9319116135662898
GYTL2T_2_3075_1230_3587_1742;5219;3126;[274, 216, 351, 283];[274, 218, 351, 281];2673.5;2842.0;0.905517041683197;1.0;0.908203125;0.9402985074626866
GYTL2T_2_3075_1230_3587_1742;5220;3128;[73, 29, 102, 82];[72, 32, 101, 97];711.0;1155.0;0.623199999332428;1.0;0.70556640625;0.6923837784371909
GYTL2T_2_3075_1230_3587_1742;5221;3130;[0, 0, 28, 45];[0, 2, 29, 45];824.0;927.0;0.8160697221755981;1.0;0.037200927734375;0.9240214888718342
GYTL2T_2_3280_1230_3792_1742;5222;-1;[0, 433, 34, 512];;1621.5;0.0;0.0;1.0;0.0;0.0
GYTL2T_2_3280_1230_3792_1742;5223;3162;[359, 398, 395, 427];[360, 396, 397, 429];387.5;730.0;0.5559748411178589;1.0;0.82763671875;0.812
GYTL2T_2_3280_1230_3792_1742;5224;3161;[69, 216, 146, 283];[70, 216, 145, 281];2673.5;2862.0;0.9024711847305298;1.0;0.9140625;0.9449505718162434
GYTL2T_2_3485_1230_3997_1742;5225;3183;[154, 398, 190, 427];[156, 396, 193, 429];387.5;696.0;0.5797101259231567;1.0;0.822265625;0.7709147771696638
GYTL2T_2_3485_1230_3997_1742;5226;3184;[360, 367, 379, 392];[358, 364, 381, 393];216.5;441.0;0.5246913433074951;1.0;0.363037109375;0.712143928035982
GYTL2T_2_3690_1230_4202_1742;5227;-1;[394, 462, 405, 477];;112.5;0.0;0.0;1.0;0.0;0.0
GYTL2T_2_3690_1230_4202_1742;5228;3193;[155, 367, 174, 392];[154, 364, 177, 393];216.5;362.0;0.5841346383094788;1.0;0.30908203125;0.712143928035982
GYTL2T_2_3791_1230_4303_1742;5229;-1;[293, 462, 304, 477];;112.5;0.0;0.0;1.0;0.0;0.0
GYTL2T_2_3791_1230_4303_1742;5230;3202;[54, 367, 73, 392];[52, 364, 75, 393];216.5;426.0;0.5437099933624268;1.0;0.34326171875;0.712143928035982
GYTL2T_2_0_1435_512_1947;5231;-1;[377, 395, 411, 408];;320.5;0.0;0.0;1.0;0.0;0.0
GYTL2T_2_0_1435_512_1947;5232;2593;[200, 285, 218, 301];[200, 286, 219, 301];184.5;208.0;0.7935222387313843;1.0;0.1778564453125;0.8910891089108911
GYTL2T_2_205_1435_717_1947;5233;-1;[440, 483, 459, 502];;172.0;0.0;0.0;1.0;0.0;0.0
GYTL2T_2_205_1435_717_1947;5234;2908;[172, 395, 206, 408];[172, 392, 207, 409];320.5;433.0;0.7621052861213684;1.0;0.007038116455078125;0.7428571428571429
GYTL2T_2_205_1435_717_1947;5235;2907;[442, 482, 459, 503];[440, 480, 459, 501];196.0;271.0;0.6812499761581421;1.0;0.12939453125;0.745958429561201
GYTL2T_2_205_1435_717_1947;5236;-1;[0, 285, 13, 301];;157.5;0.0;0.0;1.0;0.0;0.0
GYTL2T_2_410_1435_922_1947;5237;-1;[235, 483, 254, 502];;172.0;0.0;0.0;1.0;0.0;0.0
GYTL2T_2_410_1435_922_1947;5238;3208;[237, 482, 254, 503];[236, 480, 255, 501];196.0;240.0;0.7241379022598267;1.0;0.1019287109375;0.745958429561201
GYTL2T_2_615_1435_1127_1947;5239;-1;[30, 483, 49, 502];;172.0;0.0;0.0;1.0;0.0;0.0
GYTL2T_2_615_1435_1127_1947;5240;3246;[32, 482, 49, 503];[30, 480, 49, 501];196.0;255.0;0.7119205594062805;1.0;0.1510009765625;0.745958429561201
GYTL2T_2_615_1435_1127_1947;5241;3245;[389, 237, 440, 294];[386, 236, 443, 297];1288.0;1738.0;0.7457347512245178;1.0;0.533203125;0.8360655737704918
GYTL2T_2_615_1435_1127_1947;5242;3244;[305, 7, 369, 70];[306, 10, 369, 69];2069.0;2135.0;0.8731028437614441;1.0;0.90869140625;0.921875
GYTL2T_2_820_1435_1332_1947;5243;-1;[414, 499, 462, 512];;439.5;0.0;0.0;1.0;0.0;0.0
GYTL2T_2_820_1435_1332_1947;5244;-1;[468, 344, 480, 375];;216.5;0.0;0.0;1.0;0.0;0.0
GYTL2T_2_820_1435_1332_1947;5245;3291;[184, 237, 235, 294];[182, 236, 235, 295];1288.0;1528.0;0.8463460206985474;1.0;0.5390625;0.9296450271826031
GYTL2T_2_820_1435_1332_1947;5246;3290;[301, 229, 339, 275];[302, 230, 337, 275];957.5;1065.0;0.8312342762947083;1.0;0.7431640625;0.9010297482837528
GYTL2T_2_820_1435_1332_1947;5247;3292;[424, 179, 460, 207];[422, 178, 461, 209];397.0;573.0;0.7221324443817139;1.0;0.2330322265625;0.8337468982630273
GYTL2T_2_820_1435_1332_1947;5248;3289;[100, 7, 164, 70];[102, 10, 163, 69];2069.0;2098.0;0.8595006465911865;1.0;0.9130859375;0.892609126984127
GYTL2T_2_820_1435_1332_1947;5249;-1;[427, 0, 472, 8];;214.5;0.0;0.0;1.0;0.0;0.0
GYTL2T_2_1025_1435_1537_1947;5250;-1;[209, 499, 257, 512];;439.5;0.0;0.0;1.0;0.0;0.0
GYTL2T_2_1025_1435_1537_1947;5251;-1;[263, 344, 275, 375];;216.5;0.0;0.0;1.0;0.0;0.0
GYTL2T_2_1025_1435_1537_1947;5252;2624;[412, 452, 443, 473];[412, 454, 449, 479];295.5;686.0;0.44878706336021423;1.0;0.8427734375;0.596757852077001
GYTL2T_2_1025_1435_1537_1947;5253;-1;[0, 248, 30, 294];;772.5;0.0;0.0;1.0;0.0;0.0
GYTL2T_2_1025_1435_1537_1947;5254;2626;[439, 232, 478, 271];[440, 232, 479, 277];685.5;1131.0;0.60663902759552;1.0;0.83544921875;0.8260869565217391
GYTL2T_2_1025_1435_1537_1947;5255;2627;[96, 229, 134, 275];[98, 230, 131, 275];957.5;995.0;0.8363794684410095;1.0;0.7490234375;0.8495423340961098
GYTL2T_2_1025_1435_1537_1947;5256;2628;[219, 179, 255, 207];[218, 178, 255, 209];397.0;547.0;0.7353433966636658;1.0;0.24658203125;0.8788142981691369
GYTL2T_2_1025_1435_1537_1947;5257;2625;[401, 102, 440, 137];[400, 100, 443, 137];602.0;862.0;0.708200216293335;1.0;0.83740234375;0.857950974230044
GYTL2T_2_1025_1435_1537_1947;5258;-1;[442, 0, 463, 9];;133.5;0.0;0.0;1.0;0.0;0.0
GYTL2T_2_1025_1435_1537_1947;5259;-1;[222, 0, 267, 8];;214.5;0.0;0.0;1.0;0.0;0.0
GYTL2T_2_1230_1435_1742_1947;5260;-1;[4, 499, 52, 512];;439.5;0.0;0.0;1.0;0.0;0.0
GYTL2T_2_1230_1435_1742_1947;5261;-1;[58, 344, 70, 375];;216.5;0.0;0.0;1.0;0.0;0.0
GYTL2T_2_1230_1435_1742_1947;5262;2683;[207, 452, 238, 473];[208, 454, 243, 479];295.5;692.0;0.4457831382751465;1.0;0.81640625;0.5962343096234309
GYTL2T_2_1230_1435_1742_1947;5263;2685;[390, 450, 434, 474];[388, 450, 437, 475];543.5;965.0;0.5859073400497437;1.0;0.72802734375;0.8620408163265306
GYTL2T_2_1230_1435_1742_1947;5264;2686;[460, 415, 480, 436];[462, 414, 479, 437];272.5;279.0;0.7855072617530823;1.0;0.453369140625;0.7863436123348018
GYTL2T_2_1230_1435_1742_1947;5265;2684;[234, 232, 273, 271];[234, 232, 275, 277];685.5;1185.0;0.5956591367721558;1.0;0.79443359375;0.824390243902439
GYTL2T_2_1230_1435_1742_1947;5266;2687;[14, 179, 50, 207];[12, 178, 51, 209];397.0;594.0;0.6959247589111328;1.0;0.32421875;0.8337468982630273
GYTL2T_2_1230_1435_1742_1947;5267;2682;[196, 102, 235, 137];[194, 100, 237, 137];602.0;871.0;0.7021052837371826;1.0;0.822265625;0.857950974230044
GYTL2T_2_1230_1435_1742_1947;5268;2680;[357, 69, 420, 128];[358, 70, 421, 129];2499.0;2741.0;0.8963245749473572;1.0;0.93408203125;0.9369463262115685
GYTL2T_2_1230_1435_1742_1947;5269;-1;[237, 0, 258, 9];;133.5;0.0;0.0;1.0;0.0;0.0
GYTL2T_2_1230_1435_1742_1947;5270;-1;[17, 0, 62, 8];;214.5;0.0;0.0;1.0;0.0;0.0
GYTL2T_2_1230_1435_1742_1947;-1;2681;;[334, 298, 373, 347];0.0;1301.0;0.0;;0.85400390625;0.0
GYTL2T_2_1435_1435_1947_1947;5271;2746;[2, 452, 33, 473];[2, 454, 39, 479];295.5;681.0;0.45121949911117554;1.0;0.8291015625;0.596757852077001
GYTL2T_2_1435_1435_1947_1947;5272;2748;[185, 450, 229, 474];[182, 450, 231, 475];543.5;992.0;0.5757575631141663;1.0;0.67724609375;0.8620408163265306
GYTL2T_2_1435_1435_1947_1947;5273;2749;[255, 415, 275, 436];[256, 414, 275, 437];272.5;298.0;0.8343023061752319;1.0;0.505859375;0.87117903930131
GYTL2T_2_1435_1435_1947_1947;5274;2743;[359, 285, 402, 354];[360, 284, 403, 353];1633.5;2118.0;0.775823175907135;1.0;0.89111328125;0.9278752436647173
GYTL2T_2_1435_1435_1947_1947;5275;2747;[29, 232, 68, 271];[30, 234, 69, 277];685.5;1114.0;0.6063651442527771;1.0;0.8115234375;0.7845982142857143
GYTL2T_2_1435_1435_1947_1947;5276;2744;[362, 146, 432, 203];[360, 148, 431, 205];1934.5;2723.0;0.7342485189437866;1.0;0.88232421875;0.8946251768033946
GYTL2T_2_1435_1435_1947_1947;5277;2750;[0, 102, 30, 137];[0, 102, 31, 135];476.5;513.0;0.8416666388511658;1.0;0.00800323486328125;0.9141274238227147
GYTL2T_2_1435_1435_1947_1947;5278;2742;[152, 69, 215, 128];[152, 70, 215, 129];2499.0;2766.0;0.8893866539001465;1.0;0.92724609375;0.9666666666666667
GYTL2T_2_1435_1435_1947_1947;5279;-1;[494, 61, 512, 118];;654.5;0.0;0.0;1.0;0.0;0.0
GYTL2T_2_1435_1435_1947_1947;5280;-1;[32, 0, 53, 9];;133.5;0.0;0.0;1.0;0.0;0.0
GYTL2T_2_1435_1435_1947_1947;5281;-1;[365, 0, 433, 25];;1288.5;0.0;0.0;1.0;0.0;0.0
GYTL2T_2_1435_1435_1947_1947;-1;2745;;[130, 298, 169, 347];0.0;1292.0;0.0;;0.87060546875;0.0
GYTL2T_2_1640_1435_2152_1947;5282;2799;[332, 480, 363, 512];[332, 478, 367, 511];566.0;836.0;0.6845039129257202;1.0;0.763671875;0.8102866779089376
GYTL2T_2_1640_1435_2152_1947;5283;2801;[0, 453, 24, 470];[0, 452, 27, 471];212.5;358.0;0.5292739868164062;1.0;0.0053863525390625;0.7953216374269005
GYTL2T_2_1640_1435_2152_1947;5284;2800;[50, 415, 70, 436];[52, 414, 69, 437];272.5;266.0;0.7893174886703491;1.0;0.414794921875;0.7863436123348018
GYTL2T_2_1640_1435_2152_1947;5285;2797;[154, 285, 197, 354];[154, 284, 199, 353];1633.5;2087.0;0.7915518879890442;1.0;0.88818359375;0.928843710292249
GYTL2T_2_1640_1435_2152_1947;5286;2796;[157, 146, 227, 203];[156, 148, 227, 207];1934.5;2748.0;0.7312806248664856;1.0;0.89404296875;0.8893508893508894
GYTL2T_2_1640_1435_2152_1947;5287;2795;[289, 53, 343, 118];[290, 54, 343, 117];2295.5;2402.0;0.9085246920585632;1.0;0.93896484375;0.9512820512820512
GYTL2T_2_1640_1435_2152_1947;5288;2798;[455, 29, 502, 69];[454, 30, 503, 69];1057.0;1263.0;0.8284457325935364;1.0;0.8798828125;0.9361593462717058
GYTL2T_2_1640_1435_2152_1947;5289;2803;[160, 0, 228, 25];[160, 2, 227, 25];1288.5;1042.0;0.7644163370132446;1.0;0.005199432373046875;0.9064705882352941
GYTL2T_2_1640_1435_2152_1947;-1;2802;;[202, 432, 221, 463];0.0;426.0;0.0;;0.005260467529296875;0.0
GYTL2T_2_1845_1435_2357_1947;5290;2841;[127, 480, 158, 512];[128, 478, 163, 511];566.0;840.0;0.6751381158828735;1.0;0.7734375;0.7641741988496302
GYTL2T_2_1845_1435_2357_1947;5291;2842;[318, 409, 345, 450];[318, 408, 345, 453];411.5;860.0;0.5217865109443665;1.0;0.7431640625;0.9111111111111111
GYTL2T_2_1845_1435_2357_1947;5292;2843;[393, 266, 407, 309];[390, 264, 411, 311];405.0;802.0;0.5279069542884827;1.0;0.67041015625;0.6099290780141844
GYTL2T_2_1845_1435_2357_1947;5293;2844;[0, 153, 22, 188];[0, 154, 23, 187];436.5;537.0;0.743922233581543;1.0;0.2294921875;0.9041095890410958
GYTL2T_2_1845_1435_2357_1947;5294;2839;[431, 119, 482, 177];[432, 120, 481, 177];1921.5;2074.0;0.8927289247512817;1.0;0.90283203125;0.9442190669371197
GYTL2T_2_1845_1435_2357_1947;5295;2838;[84, 53, 138, 118];[84, 54, 137, 117];2295.5;2416.0;0.9162772297859192;1.0;0.92822265625;0.9512820512820512
GYTL2T_2_1845_1435_2357_1947;5296;2840;[250, 29, 297, 69];[250, 30, 299, 69];1057.0;1319.0;0.8070921897888184;1.0;0.88818359375;0.9361593462717058
GYTL2T_2_1845_1435_2357_1947;5297;-1;[0, 0, 23, 19];;327.0;0.0;0.0;1.0;0.0;0.0
GYTL2T_2_2050_1435_2562_1947;5298;-1;[314, 370, 342, 386];;242.5;0.0;0.0;1.0;0.0;0.0
GYTL2T_2_2050_1435_2562_1947;5299;2871;[361, 375, 405, 410];[360, 374, 407, 411];730.5;1067.0;0.710503101348877;1.0;0.810546875;0.8855664174813112
GYTL2T_2_2050_1435_2562_1947;5300;-1;[314, 371, 342, 385];;188.0;0.0;0.0;1.0;0.0;0.0
GYTL2T_2_2050_1435_2562_1947;5301;2872;[113, 409, 140, 450];[112, 408, 141, 451];411.5;840.0;0.5317725539207458;1.0;0.673828125;0.8877305533279871
GYTL2T_2_2050_1435_2562_1947;5302;2873;[188, 266, 202, 309];[186, 264, 207, 313];405.0;792.0;0.5328638553619385;1.0;0.64794921875;0.5850340136054422
GYTL2T_2_2050_1435_2562_1947;5303;2869;[226, 119, 277, 177];[226, 120, 277, 177];1921.5;2113.0;0.8986154794692993;1.0;0.9052734375;0.9827586206896551
GYTL2T_2_2050_1435_2562_1947;5304;2870;[45, 29, 92, 69];[44, 30, 93, 69];1057.0;1271.0;0.8280907273292542;1.0;0.884765625;0.9361593462717058
GYTL2T_2_2050_1435_2562_1947;-1;2874;;[282, 474, 311, 499];0.0;416.0;0.0;;0.0137939453125;0.0
GYTL2T_2_2255_1435_2767_1947;5305;-1;[458, 464, 470, 475];;93.0;0.0;0.0;1.0;0.0;0.0
GYTL2T_2_2255_1435_2767_1947;5306;-1;[109, 370, 137, 386];;242.5;0.0;0.0;1.0;0.0;0.0
GYTL2T_2_2255_1435_2767_1947;5307;2944;[156, 375, 200, 410];[156, 374, 201, 409];730.5;996.0;0.7582314014434814;1.0;0.80322265625;0.9240271772699197
GYTL2T_2_2255_1435_2767_1947;5308;-1;[495, 89, 512, 117];;232.0;0.0;0.0;1.0;0.0;0.0
GYTL2T_2_2255_1435_2767_1947;5309;-1;[109, 371, 137, 385];;188.0;0.0;0.0;1.0;0.0;0.0
GYTL2T_2_2255_1435_2767_1947;5310;2943;[21, 119, 72, 177];[22, 120, 73, 177];1921.5;2110.0;0.8980777859687805;1.0;0.92138671875;0.945273631840796
GYTL2T_2_2460_1435_2972_1947;5311;-1;[253, 464, 265, 475];;93.0;0.0;0.0;1.0;0.0;0.0
GYTL2T_2_2460_1435_2972_1947;5312;-1;[325, 297, 335, 304];;45.0;0.0;0.0;1.0;0.0;0.0
GYTL2T_2_2460_1435_2972_1947;5313;2986;[468, 360, 507, 396];[466, 356, 511, 397];474.5;929.0;0.5444444417953491;1.0;0.77978515625;0.7609756097560976
GYTL2T_2_2460_1435_2972_1947;5314;2985;[290, 89, 338, 125];[292, 90, 339, 125];994.5;1065.0;0.8606418967247009;1.0;0.892578125;0.913216108905275
GYTL2T_2_2460_1435_2972_1947;5315;2987;[337, 0, 365, 22];[338, 2, 365, 21];188.0;316.0;0.5683646202087402;1.0;0.4765625;0.8327922077922078
GYTL2T_2_2665_1435_3177_1947;5316;-1;[48, 464, 60, 475];;93.0;0.0;0.0;1.0;0.0;0.0
GYTL2T_2_2665_1435_3177_1947;5317;-1;[345, 470, 356, 480];;62.5;0.0;0.0;1.0;0.0;0.0
GYTL2T_2_2665_1435_3177_1947;5318;-1;[345, 471, 356, 478];;55.0;0.0;0.0;1.0;0.0;0.0
GYTL2T_2_2665_1435_3177_1947;5319;-1;[120, 297, 130, 304];;45.0;0.0;0.0;1.0;0.0;0.0
GYTL2T_2_2665_1435_3177_1947;5320;3032;[439, 392, 480, 445];[446, 392, 481, 443];1025.0;1190.0;0.8240740895271301;1.0;0.83203125;0.7796762589928058
GYTL2T_2_2665_1435_3177_1947;5321;3033;[263, 360, 302, 396];[262, 356, 305, 397];474.5;940.0;0.5363184213638306;1.0;0.80322265625;0.7963698241633579
GYTL2T_2_2665_1435_3177_1947;5322;3030;[398, 241, 444, 302];[398, 242, 443, 303];1871.5;1984.0;0.8973758220672607;1.0;0.91943359375;0.9470361276745002
GYTL2T_2_2665_1435_3177_1947;5323;3031;[85, 89, 133, 125];[86, 90, 133, 125];994.5;1120.0;0.8725165724754333;1.0;0.873046875;0.9519675925925926
GYTL2T_2_2665_1435_3177_1947;5324;3035;[132, 0, 160, 22];[132, 2, 159, 21];188.0;320.0;0.563829779624939;1.0;0.373779296875;0.8327922077922078
GYTL2T_2_2665_1435_3177_1947;5325;3034;[334, 0, 415, 117];[336, 0, 413, 115];4043.5;4509.0;0.8313573002815247;1.0;0.6533203125;0.9343674158488974
GYTL2T_2_2870_1435_3382_1947;5326;-1;[140, 470, 151, 480];;62.5;0.0;0.0;1.0;0.0;0.0
GYTL2T_2_2870_1435_3382_1947;5327;-1;[471, 507, 483, 512];;44.5;0.0;0.0;1.0;0.0;0.0
GYTL2T_2_2870_1435_3382_1947;5328;-1;[140, 471, 151, 478];;55.0;0.0;0.0;1.0;0.0;0.0
GYTL2T_2_2870_1435_3382_1947;5329;3093;[234, 392, 275, 445];[240, 392, 275, 443];1025.0;1233.0;0.7883049845695496;1.0;0.83984375;0.8214450069028992
GYTL2T_2_2870_1435_3382_1947;5330;3094;[58, 360, 97, 396];[56, 356, 101, 397];474.5;936.0;0.5417085289955139;1.0;0.80810546875;0.7609756097560976
GYTL2T_2_2870_1435_3382_1947;5331;3092;[193, 241, 239, 302];[194, 242, 239, 303];1871.5;2070.0;0.8875685334205627;1.0;0.91796875;0.9470361276745002
GYTL2T_2_2870_1435_3382_1947;5332;3091;[349, 228, 444, 337];[352, 226, 443, 335];4956.5;5766.0;0.8352979421615601;1.0;0.9267578125;0.924077061782291
GYTL2T_2_2870_1435_3382_1947;5333;-1;[479, 11, 512, 58];;1147.0;0.0;0.0;1.0;0.0;0.0
GYTL2T_2_2870_1435_3382_1947;5334;3095;[129, 0, 210, 117];[130, 0, 209, 115];4043.5;4581.0;0.8323183059692383;1.0;0.537109375;0.9586366993774401
GYTL2T_2_3075_1435_3587_1947;5335;-1;[266, 507, 278, 512];;44.5;0.0;0.0;1.0;0.0;0.0
GYTL2T_2_3075_1435_3587_1947;5336;3135;[29, 392, 70, 445];[38, 392, 71, 443];1025.0;1160.0;0.8291535973548889;1.0;0.81298828125;0.7338129496402878
GYTL2T_2_3075_1435_3587_1947;5337;3134;[0, 241, 34, 302];[0, 244, 33, 301];1565.0;1532.0;0.897152841091156;1.0;0.81298828125;0.9069431051108968
GYTL2T_2_3075_1435_3587_1947;5338;3132;[144, 228, 239, 337];[146, 226, 239, 335];4956.5;5762.0;0.8350785374641418;1.0;0.9267578125;0.944028080827246
GYTL2T_2_3075_1435_3587_1947;5339;3133;[274, 11, 351, 78];[274, 12, 351, 77];2673.5;2820.0;0.918114960193634;1.0;0.9228515625;0.9701492537313433
GYTL2T_2_3075_1435_3587_1947;-1;3136;;[322, 476, 353, 493];0.0;290.0;0.0;;0.023773193359375;0.0
GYTL2T_2_3280_1435_3792_1947;5340;-1;[467, 503, 495, 512];;157.5;0.0;0.0;1.0;0.0;0.0
GYTL2T_2_3280_1435_3792_1947;5341;-1;[61, 507, 73, 512];;44.5;0.0;0.0;1.0;0.0;0.0
GYTL2T_2_3280_1435_3792_1947;5342;-1;[467, 503, 495, 512];;174.0;0.0;0.0;1.0;0.0;0.0
GYTL2T_2_3280_1435_3792_1947;5343;3164;[473, 404, 511, 449];[474, 404, 511, 449];945.5;1122.0;0.850671112537384;1.0;0.88720703125;0.9736842105263158
GYTL2T_2_3280_1435_3792_1947;5344;-1;[0, 228, 34, 309];;1638.5;0.0;0.0;1.0;0.0;0.0
GYTL2T_2_3280_1435_3792_1947;5345;3165;[359, 193, 395, 222];[360, 190, 397, 223];387.5;735.0;0.552763819694519;1.0;0.830078125;0.812
GYTL2T_2_3280_1435_3792_1947;5346;3163;[69, 11, 146, 78];[70, 12, 145, 77];2673.5;2779.0;0.9108579158782959;1.0;0.927734375;0.9449505718162434
GYTL2T_2_3280_1435_3792_1947;-1;3166;;[118, 476, 149, 491];0.0;280.0;0.0;;0.0836181640625;0.0
GYTL2T_2_3485_1435_3997_1947;5347;-1;[262, 503, 290, 512];;157.5;0.0;0.0;1.0;0.0;0.0
GYTL2T_2_3485_1435_3997_1947;5348;-1;[262, 503, 290, 512];;174.0;0.0;0.0;1.0;0.0;0.0
GYTL2T_2_3485_1435_3997_1947;5349;3185;[268, 404, 306, 449];[270, 404, 307, 449];945.5;1125.0;0.834854781627655;1.0;0.86962890625;0.9230769230769231
GYTL2T_2_3485_1435_3997_1947;5350;3186;[154, 193, 190, 222];[156, 190, 193, 223];387.5;738.0;0.538936972618103;1.0;0.81982421875;0.7709147771696638
GYTL2T_2_3485_1435_3997_1947;5351;3187;[360, 162, 379, 187];[358, 160, 381, 189];216.5;417.0;0.5531453490257263;1.0;0.47265625;0.712143928035982
GYTL2T_2_3690_1435_4202_1947;5352;-1;[57, 503, 85, 512];;157.5;0.0;0.0;1.0;0.0;0.0
GYTL2T_2_3690_1435_4202_1947;5353;-1;[394, 257, 405, 272];;112.5;0.0;0.0;1.0;0.0;0.0
GYTL2T_2_3690_1435_4202_1947;5354;-1;[57, 503, 85, 512];;174.0;0.0;0.0;1.0;0.0;0.0
GYTL2T_2_3690_1435_4202_1947;5355;3194;[63, 404, 101, 449];[66, 404, 101, 449];945.5;1066.0;0.8487972617149353;1.0;0.87841796875;0.9210526315789473
GYTL2T_2_3690_1435_4202_1947;5356;3195;[155, 162, 174, 187];[152, 158, 175, 187];216.5;459.0;0.5089820623397827;1.0;0.381103515625;0.712143928035982
GYTL2T_2_3791_1435_4303_1947;5357;-1;[293, 257, 304, 272];;112.5;0.0;0.0;1.0;0.0;0.0
GYTL2T_2_3791_1435_4303_1947;5358;3203;[54, 162, 73, 187];[52, 160, 75, 187];216.5;405.0;0.5634744167327881;1.0;0.4111328125;0.7648953301127214
GYTL2T_2_0_1640_512_2152;5359;-1;[454, 473, 481, 494];;254.5;0.0;0.0;1.0;0.0;0.0
GYTL2T_2_0_1640_512_2152;5360;2596;[377, 190, 411, 203];[378, 188, 411, 203];320.5;390.0;0.8183907866477966;1.0;0.005100250244140625;0.844488188976378
GYTL2T_2_0_1640_512_2152;5361;2594;[200, 80, 218, 96];[200, 80, 219, 95];184.5;195.0;0.8212766051292419;1.0;0.26123046875;0.8910891089108911
GYTL2T_2_0_1640_512_2152;-1;2595;;[404, 312, 421, 337];0.0;242.0;0.0;;0.0272674560546875;0.0
GYTL2T_2_205_1640_717_2152;5362;-1;[440, 278, 459, 297];;172.0;0.0;0.0;1.0;0.0;0.0
GYTL2T_2_205_1640_717_2152;5363;-1;[433, 337, 450, 351];;144.5;0.0;0.0;1.0;0.0;0.0
GYTL2T_2_205_1640_717_2152;5364;-1;[399, 365, 419, 374];;131.0;0.0;0.0;1.0;0.0;0.0
GYTL2T_2_205_1640_717_2152;5365;2912;[249, 473, 276, 494];[250, 472, 277, 493];254.5;295.0;0.7707736492156982;1.0;0.013427734375;0.8469055374592834
GYTL2T_2_205_1640_717_2152;5366;2911;[172, 190, 206, 203];[172, 188, 207, 203];320.5;407.0;0.8084632754325867;1.0;0.0215301513671875;0.8419047619047619
GYTL2T_2_205_1640_717_2152;5367;-1;[432, 338, 451, 352];;157.5;0.0;0.0;1.0;0.0;0.0
GYTL2T_2_205_1640_717_2152;5368;2909;[442, 277, 459, 298];[440, 276, 459, 295];196.0;214.0;0.7246376872062683;1.0;0.1871337890625;0.7427184466019418
GYTL2T_2_205_1640_717_2152;5369;-1;[0, 80, 13, 96];;157.5;0.0;0.0;1.0;0.0;0.0
GYTL2T_2_205_1640_717_2152;-1;2910;;[198, 310, 215, 337];0.0;264.0;0.0;;0.034088134765625;0.0
GYTL2T_2_410_1640_922_2152;5370;3209;[316, 351, 346, 371];[316, 350, 345, 371];304.0;352.0;0.8108108043670654;1.0;0.43017578125;0.9220985691573926
GYTL2T_2_410_1640_922_2152;5371;-1;[235, 278, 254, 297];;172.0;0.0;0.0;1.0;0.0;0.0
GYTL2T_2_410_1640_922_2152;5372;-1;[228, 337, 245, 351];;144.5;0.0;0.0;1.0;0.0;0.0
GYTL2T_2_410_1640_922_2152;5373;-1;[194, 365, 214, 374];;131.0;0.0;0.0;1.0;0.0;0.0
GYTL2T_2_410_1640_922_2152;5374;3211;[44, 473, 71, 494];[46, 472, 71, 493];254.5;279.0;0.7771260738372803;1.0;0.0215301513671875;0.8445945945945946
GYTL2T_2_410_1640_922_2152;5375;-1;[316, 351, 347, 371];;342.5;0.0;0.0;1.0;0.0;0.0
GYTL2T_2_410_1640_922_2152;5376;-1;[227, 338, 246, 352];;157.5;0.0;0.0;1.0;0.0;0.0
GYTL2T_2_410_1640_922_2152;5377;3210;[237, 277, 254, 298];[236, 276, 255, 295];196.0;210.0;0.7226277589797974;1.0;0.071044921875;0.7427184466019418
GYTL2T_2_615_1640_1127_2152;5378;3248;[111, 351, 141, 371];[112, 350, 141, 371];304.0;345.0;0.7950617074966431;1.0;0.46875;0.9220985691573926
GYTL2T_2_615_1640_1127_2152;5379;-1;[30, 278, 49, 297];;172.0;0.0;0.0;1.0;0.0;0.0
GYTL2T_2_615_1640_1127_2152;5380;-1;[23, 337, 40, 351];;144.5;0.0;0.0;1.0;0.0;0.0
GYTL2T_2_615_1640_1127_2152;5381;-1;[0, 366, 9, 374];;57.0;0.0;0.0;1.0;0.0;0.0
GYTL2T_2_615_1640_1127_2152;5382;-1;[111, 351, 142, 371];;342.5;0.0;0.0;1.0;0.0;0.0
GYTL2T_2_615_1640_1127_2152;5383;-1;[22, 338, 41, 352];;157.5;0.0;0.0;1.0;0.0;0.0
GYTL2T_2_615_1640_1127_2152;5384;3250;[32, 277, 49, 298];[30, 276, 49, 295];196.0;206.0;0.7259259223937988;1.0;0.21728515625;0.7427184466019418
GYTL2T_2_615_1640_1127_2152;5385;3247;[389, 32, 440, 89];[386, 32, 443, 91];1288.0;1731.0;0.7498616576194763;1.0;0.5927734375;0.864406779661017
GYTL2T_2_615_1640_1127_2152;-1;3249;;[446, 350, 467, 381];0.0;457.0;0.0;;0.329345703125;0.0
GYTL2T_2_820_1640_1332_2152;5386;3296;[351, 465, 396, 503];[350, 466, 397, 503];710.0;1150.0;0.6466774940490723;1.0;0.72021484375;0.9332959641255605
GYTL2T_2_820_1640_1332_2152;5387;3293;[400, 294, 464, 345];[402, 294, 463, 345];2005.0;2027.0;0.8714348673820496;1.0;0.92822265625;0.953125
GYTL2T_2_820_1640_1332_2152;5388;-1;[468, 139, 480, 170];;216.5;0.0;0.0;1.0;0.0;0.0
GYTL2T_2_820_1640_1332_2152;5389;3295;[184, 32, 235, 89];[182, 32, 235, 91];1288.0;1598.0;0.8089552521705627;1.0;0.7607421875;0.9296450271826031
GYTL2T_2_820_1640_1332_2152;5390;3294;[301, 24, 339, 70];[302, 26, 337, 69];957.5;1002.0;0.8405923247337341;1.0;0.8427734375;0.8609839816933639
GYTL2T_2_820_1640_1332_2152;-1;3297;;[240, 350, 263, 381];0.0;469.0;0.0;;0.462890625;0.0
GYTL2T_2_1025_1640_1537_2152;5391;2633;[146, 465, 191, 503];[146, 466, 191, 503];710.0;1122.0;0.6625103950500488;1.0;0.7548828125;0.9736842105263158
GYTL2T_2_1025_1640_1537_2152;5392;2635;[331, 349, 361, 360];[332, 346, 363, 363];206.5;368.0;0.5857843160629272;1.0;0.48046875;0.5929368029739777
GYTL2T_2_1025_1640_1537_2152;5393;2629;[195, 294, 259, 345];[196, 294, 259, 345];2005.0;2038.0;0.878241777420044;1.0;0.93310546875;0.984375
GYTL2T_2_1025_1640_1537_2152;5394;-1;[263, 139, 275, 170];;216.5;0.0;0.0;1.0;0.0;0.0
GYTL2T_2_1025_1640_1537_2152;5395;2631;[412, 247, 443, 268];[412, 248, 449, 275];295.5;728.0;0.42675158381462097;1.0;0.82666015625;0.6019417475728155
GYTL2T_2_1025_1640_1537_2152;5396;-1;[0, 43, 30, 89];;772.5;0.0;0.0;1.0;0.0;0.0
GYTL2T_2_1025_1640_1537_2152;5397;2632;[439, 27, 478, 66];[440, 28, 479, 73];685.5;1118.0;0.6081871390342712;1.0;0.8232421875;0.7882096069868996
GYTL2T_2_1025_1640_1537_2152;5398;2630;[96, 24, 134, 70];[98, 26, 131, 69];957.5;990.0;0.7974358797073364;1.0;0.845703125;0.8117848970251716
GYTL2T_2_1025_1640_1537_2152;-1;2634;;[34, 350, 57, 381];0.0;509.0;0.0;;0.50390625;0.0
GYTL2T_2_1230_1640_1742_2152;5399;-1;[407, 371, 417, 386];;88.0;0.0;0.0;1.0;0.0;0.0
GYTL2T_2_1230_1640_1742_2152;5400;2696;[387, 442, 398, 465];[386, 440, 401, 465];134.0;284.0;0.5379746556282043;1.0;0.01519012451171875;0.6746666666666666
GYTL2T_2_1230_1640_1742_2152;5401;2695;[412, 352, 430, 369];[410, 350, 431, 369];155.5;270.0;0.6098360419273376;1.0;0.4072265625;0.7669172932330827
GYTL2T_2_1230_1640_1742_2152;5402;2694;[126, 349, 156, 360];[128, 346, 157, 363];206.5;379.0;0.5539906024932861;1.0;0.414794921875;0.5980582524271845
GYTL2T_2_1230_1640_1742_2152;5403;2688;[0, 294, 54, 345];[0, 294, 53, 345];1792.5;1898.0;0.8893185257911682;1.0;0.908203125;0.9814814814814815
GYTL2T_2_1230_1640_1742_2152;5404;-1;[58, 139, 70, 170];;216.5;0.0;0.0;1.0;0.0;0.0
GYTL2T_2_1230_1640_1742_2152;5405;2691;[207, 247, 238, 268];[208, 248, 245, 275];295.5;747.0;0.4149068295955658;1.0;0.80908203125;0.5714285714285714
GYTL2T_2_1230_1640_1742_2152;5406;2692;[390, 245, 434, 269];[386, 244, 437, 269];543.5;986.0;0.5815061926841736;1.0;0.6806640625;0.8282352941176471
GYTL2T_2_1230_1640_1742_2152;5407;2693;[460, 210, 480, 231];[460, 210, 479, 233];272.5;328.0;0.8032345175743103;1.0;0.42626953125;0.87117903930131
GYTL2T_2_1230_1640_1742_2152;5408;2690;[234, 27, 273, 66];[234, 28, 275, 73];685.5;1158.0;0.6039119958877563;1.0;0.83203125;0.7866242038216561
GYTL2T_2_1230_1640_1742_2152;-1;2689;;[334, 92, 375, 143];0.0;1359.0;0.0;;0.86962890625;0.0
GYTL2T_2_1435_1640_1947_2152;5409;-1;[202, 371, 212, 386];;88.0;0.0;0.0;1.0;0.0;0.0
GYTL2T_2_1435_1640_1947_2152;5410;2759;[182, 442, 193, 465];[180, 440, 197, 465];134.0;306.0;0.5089820623397827;1.0;0.026763916015625;0.5952941176470589
GYTL2T_2_1435_1640_1947_2152;5411;2755;[375, 433, 403, 459];[374, 432, 405, 461];531.0;710.0;0.7598425149917603;1.0;0.81884765625;0.8097886540600667
GYTL2T_2_1435_1640_1947_2152;5412;2758;[207, 352, 225, 369];[206, 350, 227, 369];155.5;271.0;0.6105610728263855;1.0;0.33642578125;0.7669172932330827
GYTL2T_2_1435_1640_1947_2152;5413;2754;[2, 247, 33, 268];[2, 248, 39, 275];295.5;726.0;0.4283887445926666;1.0;0.830078125;0.6019417475728155
GYTL2T_2_1435_1640_1947_2152;5414;2756;[185, 245, 229, 269];[182, 244, 233, 271];543.5;1030.0;0.5561643838882446;1.0;0.63330078125;0.7668845315904139
GYTL2T_2_1435_1640_1947_2152;5415;2757;[255, 210, 275, 231];[256, 210, 275, 233];272.5;278.0;0.7988338470458984;1.0;0.3701171875;0.87117903930131
GYTL2T_2_1435_1640_1947_2152;5416;2751;[359, 80, 402, 149];[360, 80, 403, 147];1633.5;2075.0;0.790151834487915;1.0;0.8857421875;0.9274884640738299
GYTL2T_2_1435_1640_1947_2152;5417;2753;[29, 27, 68, 66];[30, 28, 69, 71];685.5;1070.0;0.6265164613723755;1.0;0.8642578125;0.8232611174458381
GYTL2T_2_1435_1640_1947_2152;-1;2752;;[128, 94, 169, 143];0.0;1358.0;0.0;;0.8798828125;0.0
GYTL2T_2_1640_1640_2152_2152;5418;-1;[0, 371, 7, 386];;64.0;0.0;0.0;1.0;0.0;0.0
GYTL2T_2_1640_1640_2152_2152;5419;2805;[170, 433, 198, 459];[168, 432, 199, 461];531.0;730.0;0.738246500492096;1.0;0.84375;0.8097886540600667
GYTL2T_2_1640_1640_2152_2152;5420;2808;[2, 352, 20, 369];[2, 350, 21, 369];155.5;254.0;0.6526315808296204;1.0;0.275146484375;0.8476454293628809
GYTL2T_2_1640_1640_2152_2152;5421;2806;[332, 275, 363, 308];[332, 272, 369, 311];566.5;954.0;0.6188119053840637;1.0;0.81884765625;0.7089397089397089
GYTL2T_2_1640_1640_2152_2152;5422;2809;[0, 248, 24, 265];[0, 246, 27, 265];212.5;371.0;0.5034013390541077;1.0;0.015777587890625;0.7953216374269005
GYTL2T_2_1640_1640_2152_2152;5423;2807;[50, 210, 70, 231];[52, 210, 69, 231];272.5;261.0;0.8251533508300781;1.0;0.32080078125;0.85
GYTL2T_2_1640_1640_2152_2152;5424;2804;[154, 80, 197, 149];[154, 80, 197, 147];1633.5;2082.0;0.7939282655715942;1.0;0.87841796875;0.9710144927536232
GYTL2T_2_1640_1640_2152_2152;-1;2810;;[202, 226, 221, 259];0.0;444.0;0.0;;0.0082855224609375;0.0
GYTL2T_2_1845_1640_2357_2152;5425;2845;[127, 275, 158, 308];[128, 272, 161, 311];566.5;907.0;0.6486486196517944;1.0;0.80810546875;0.75
GYTL2T_2_1845_1640_2357_2152;5426;2846;[318, 204, 345, 245];[318, 202, 345, 247];411.5;834.0;0.5289532542228699;1.0;0.7705078125;0.9111111111111111
GYTL2T_2_1845_1640_2357_2152;5427;2847;[393, 61, 407, 104];[390, 58, 411, 107];405.0;799.0;0.527293860912323;1.0;0.71044921875;0.5850340136054422
GYTL2T_2_2050_1640_2562_2152;5428;2875;[342, 431, 376, 473];[340, 428, 379, 473];803.5;1195.0;0.6902303695678711;1.0;0.82568359375;0.8136752136752137
GYTL2T_2_2050_1640_2562_2152;5429;-1;[314, 165, 342, 181];;242.5;0.0;0.0;1.0;0.0;0.0
GYTL2T_2_2050_1640_2562_2152;5430;2876;[361, 170, 405, 205];[360, 170, 407, 205];730.5;1018.0;0.7433056235313416;1.0;0.8154296875;0.9361702127659575
GYTL2T_2_2050_1640_2562_2152;5431;-1;[314, 166, 342, 180];;188.0;0.0;0.0;1.0;0.0;0.0
GYTL2T_2_2050_1640_2562_2152;5432;2877;[113, 204, 140, 245];[112, 202, 141, 247];411.5;845.0;0.5288248062133789;1.0;0.7744140625;0.8482758620689655
GYTL2T_2_2050_1640_2562_2152;5433;2878;[188, 61, 202, 104];[186, 58, 207, 107];405.0;808.0;0.5242494344711304;1.0;0.7216796875;0.5850340136054422
GYTL2T_2_2050_1640_2562_2152;-1;2879;;[282, 268, 311, 295];0.0;408.0;0.0;;0.005706787109375;0.0
GYTL2T_2_2255_1640_2767_2152;5434;-1;[458, 259, 470, 270];;93.0;0.0;0.0;1.0;0.0;0.0
GYTL2T_2_2255_1640_2767_2152;5435;-1;[423, 505, 435, 512];;47.0;0.0;0.0;1.0;0.0;0.0
GYTL2T_2_2255_1640_2767_2152;5436;2945;[137, 431, 171, 473];[136, 428, 173, 473];803.5;1173.0;0.7064071297645569;1.0;0.84912109375;0.8576576576576577
GYTL2T_2_2255_1640_2767_2152;5437;-1;[109, 165, 137, 181];;242.5;0.0;0.0;1.0;0.0;0.0
GYTL2T_2_2255_1640_2767_2152;5438;2946;[156, 170, 200, 205];[156, 170, 201, 205];730.5;974.0;0.774472177028656;1.0;0.763671875;0.9777777777777777
GYTL2T_2_2255_1640_2767_2152;5439;-1;[109, 166, 137, 180];;188.0;0.0;0.0;1.0;0.0;0.0
GYTL2T_2_2460_1640_2972_2152;5440;-1;[253, 259, 265, 270];;93.0;0.0;0.0;1.0;0.0;0.0
GYTL2T_2_2460_1640_2972_2152;5441;-1;[218, 505, 230, 512];;47.0;0.0;0.0;1.0;0.0;0.0
GYTL2T_2_2460_1640_2972_2152;5442;-1;[400, 449, 412, 471];;159.5;0.0;0.0;1.0;0.0;0.0
GYTL2T_2_2460_1640_2972_2152;5443;2988;[365, 466, 416, 508];[366, 466, 415, 507];1336.5;1344.0;0.9280821681022644;1.0;0.89111328125;0.9379084967320261
GYTL2T_2_2460_1640_2972_2152;5444;-1;[325, 92, 335, 99];;45.0;0.0;0.0;1.0;0.0;0.0
GYTL2T_2_2460_1640_2972_2152;5445;2989;[468, 155, 507, 191];[466, 152, 511, 193];474.5;925.0;0.5483214855194092;1.0;0.7880859375;0.7609756097560976
GYTL2T_2_2665_1640_3177_2152;5446;-1;[48, 259, 60, 270];;93.0;0.0;0.0;1.0;0.0;0.0
GYTL2T_2_2665_1640_3177_2152;5447;-1;[13, 505, 25, 512];;47.0;0.0;0.0;1.0;0.0;0.0
GYTL2T_2_2665_1640_3177_2152;5448;-1;[195, 449, 207, 471];;159.5;0.0;0.0;1.0;0.0;0.0
GYTL2T_2_2665_1640_3177_2152;5449;-1;[345, 265, 356, 275];;62.5;0.0;0.0;1.0;0.0;0.0
GYTL2T_2_2665_1640_3177_2152;5450;3037;[160, 466, 211, 508];[162, 466, 211, 507];1336.5;1345.0;0.9234449863433838;1.0;0.87744140625;0.9379084967320261
GYTL2T_2_2665_1640_3177_2152;5451;-1;[345, 266, 356, 273];;55.0;0.0;0.0;1.0;0.0;0.0
GYTL2T_2_2665_1640_3177_2152;5452;-1;[120, 92, 130, 99];;45.0;0.0;0.0;1.0;0.0;0.0
GYTL2T_2_2665_1640_3177_2152;5453;3038;[439, 187, 480, 240];[446, 186, 481, 239];1025.0;1208.0;0.8004518151283264;1.0;0.82666015625;0.7823008849557522
GYTL2T_2_2665_1640_3177_2152;5454;3039;[263, 155, 302, 191];[262, 152, 305, 193];474.5;890.0;0.5667718052864075;1.0;0.81640625;0.7963698241633579
GYTL2T_2_2665_1640_3177_2152;5455;3036;[398, 36, 444, 97];[398, 38, 443, 97];1871.5;2061.0;0.8895002007484436;1.0;0.91748046875;0.9461867426942266
GYTL2T_2_2870_1640_3382_2152;5456;-1;[140, 265, 151, 275];;62.5;0.0;0.0;1.0;0.0;0.0
GYTL2T_2_2870_1640_3382_2152;5457;-1;[470, 302, 483, 311];;89.0;0.0;0.0;1.0;0.0;0.0
GYTL2T_2_2870_1640_3382_2152;5458;-1;[140, 266, 151, 273];;55.0;0.0;0.0;1.0;0.0;0.0
GYTL2T_2_2870_1640_3382_2152;5459;3098;[234, 187, 275, 240];[240, 186, 275, 239];1025.0;1223.0;0.8093093037605286;1.0;0.822265625;0.8242753623188406
GYTL2T_2_2870_1640_3382_2152;5460;3099;[58, 155, 97, 191];[56, 152, 101, 193];474.5;901.0;0.5597092509269714;1.0;0.80810546875;0.7609756097560976
GYTL2T_2_2870_1640_3382_2152;5461;3097;[193, 36, 239, 97];[194, 38, 239, 97];1871.5;2034.0;0.8904805779457092;1.0;0.91943359375;0.9461867426942266
GYTL2T_2_2870_1640_3382_2152;5462;3096;[349, 23, 444, 132];[352, 20, 443, 131];4956.5;6067.0;0.7898089289665222;1.0;0.93359375;0.9247271358675198
GYTL2T_2_3075_1640_3587_2152;5463;-1;[265, 302, 278, 311];;89.0;0.0;0.0;1.0;0.0;0.0
GYTL2T_2_3075_1640_3587_2152;5464;3140;[310, 409, 343, 436];[310, 408, 343, 437];368.0;552.0;0.6960132718086243;1.0;0.71875;0.9310344827586207
GYTL2T_2_3075_1640_3587_2152;5465;3138;[29, 187, 70, 240];[38, 186, 71, 239];1025.0;1160.0;0.8147286772727966;1.0;0.83642578125;0.7369353410097431
GYTL2T_2_3075_1640_3587_2152;5466;3139;[0, 36, 34, 97];[0, 38, 33, 97];1565.0;1598.0;0.920461118221283;1.0;0.806640625;0.9387656702025072
GYTL2T_2_3075_1640_3587_2152;5467;3137;[144, 23, 239, 132];[146, 18, 239, 131];4956.5;6063.0;0.7963165044784546;1.0;0.9365234375;0.9282809611829944
GYTL2T_2_3075_1640_3587_2152;-1;3141;;[322, 270, 355, 287];0.0;308.0;0.0;;0.060516357421875;0.0
GYTL2T_2_3280_1640_3792_2152;5468;-1;[467, 298, 495, 308];;165.5;0.0;0.0;1.0;0.0;0.0
GYTL2T_2_3280_1640_3792_2152;5469;-1;[449, 317, 461, 349];;235.0;0.0;0.0;1.0;0.0;0.0
GYTL2T_2_3280_1640_3792_2152;5470;-1;[60, 302, 73, 311];;89.0;0.0;0.0;1.0;0.0;0.0
GYTL2T_2_3280_1640_3792_2152;5471;3168;[105, 409, 138, 436];[106, 406, 139, 437];368.0;589.0;0.6496124267578125;1.0;0.76904296875;0.8228571428571428
GYTL2T_2_3280_1640_3792_2152;5472;-1;[467, 298, 495, 308];;175.5;0.0;0.0;1.0;0.0;0.0
GYTL2T_2_3280_1640_3792_2152;5473;3167;[473, 199, 511, 244];[476, 200, 511, 243];945.5;1051.0;0.8567708134651184;1.0;0.88623046875;0.8801169590643275
GYTL2T_2_3280_1640_3792_2152;5474;-1;[0, 23, 34, 104];;1638.5;0.0;0.0;1.0;0.0;0.0
GYTL2T_2_3280_1640_3792_2152;5475;-1;[359, 0, 377, 17];;130.5;0.0;0.0;1.0;0.0;0.0
GYTL2T_2_3280_1640_3792_2152;-1;3169;;[118, 270, 149, 287];0.0;299.0;0.0;;0.21337890625;0.0
GYTL2T_2_3485_1640_3997_2152;5476;-1;[262, 298, 290, 308];;165.5;0.0;0.0;1.0;0.0;0.0
GYTL2T_2_3485_1640_3997_2152;5477;-1;[244, 317, 256, 349];;235.0;0.0;0.0;1.0;0.0;0.0
GYTL2T_2_3485_1640_3997_2152;5478;-1;[262, 298, 290, 308];;175.5;0.0;0.0;1.0;0.0;0.0
GYTL2T_2_3485_1640_3997_2152;5479;3188;[268, 199, 306, 244];[270, 200, 307, 243];945.5;1069.0;0.8560344576835632;1.0;0.88818359375;0.8830576155162578
GYTL2T_2_3485_1640_3997_2152;5480;-1;[154, 0, 172, 17];;130.5;0.0;0.0;1.0;0.0;0.0
GYTL2T_2_3690_1640_4202_2152;5481;-1;[57, 298, 85, 308];;165.5;0.0;0.0;1.0;0.0;0.0
GYTL2T_2_3690_1640_4202_2152;5482;-1;[39, 317, 51, 349];;235.0;0.0;0.0;1.0;0.0;0.0
GYTL2T_2_3690_1640_4202_2152;5483;3197;[383, 351, 413, 376];[386, 352, 415, 377];438.5;478.0;0.7910714149475098;1.0;0.73388671875;0.7835550181378477
GYTL2T_2_3690_1640_4202_2152;5484;-1;[394, 52, 405, 67];;112.5;0.0;0.0;1.0;0.0;0.0
GYTL2T_2_3690_1640_4202_2152;5485;-1;[57, 298, 85, 308];;175.5;0.0;0.0;1.0;0.0;0.0
GYTL2T_2_3690_1640_4202_2152;5486;3196;[63, 199, 101, 244];[66, 200, 101, 243];945.5;1029.0;0.8633157014846802;1.0;0.89404296875;0.8801169590643275
GYTL2T_2_3791_1640_4303_2152;5487;3204;[282, 351, 312, 376];[284, 352, 313, 377];438.5;477.0;0.8039568066596985;1.0;0.658203125;0.8368617683686177
GYTL2T_2_3791_1640_4303_2152;5488;-1;[293, 52, 304, 67];;112.5;0.0;0.0;1.0;0.0;0.0
GYTL2T_2_0_1845_512_2357;5489;2597;[454, 268, 481, 289];[456, 268, 483, 289];254.5;302.0;0.734246551990509;1.0;0.32080078125;0.8620689655172413
GYTL2T_2_0_1845_512_2357;-1;2598;;[404, 106, 421, 131];0.0;243.0;0.0;;0.04486083984375;0.0
GYTL2T_2_205_1845_717_2357;5490;-1;[440, 73, 459, 92];;172.0;0.0;0.0;1.0;0.0;0.0
GYTL2T_2_205_1845_717_2357;5491;-1;[433, 132, 450, 146];;144.5;0.0;0.0;1.0;0.0;0.0
GYTL2T_2_205_1845_717_2357;5492;-1;[399, 160, 419, 169];;131.0;0.0;0.0;1.0;0.0;0.0
GYTL2T_2_205_1845_717_2357;5493;2913;[249, 268, 276, 289];[250, 268, 277, 289];254.5;298.0;0.8144927620887756;1.0;0.2421875;0.9285714285714286
GYTL2T_2_205_1845_717_2357;5494;-1;[432, 133, 451, 147];;157.5;0.0;0.0;1.0;0.0;0.0
GYTL2T_2_205_1845_717_2357;5495;2914;[442, 72, 459, 93];[440, 70, 459, 91];196.0;238.0;0.6710963249206543;1.0;0.19677734375;0.745958429561201
GYTL2T_2_205_1845_717_2357;-1;2915;;[198, 106, 215, 131];0.0;242.0;0.0;;0.0322265625;0.0
GYTL2T_2_410_1845_922_2357;5496;3212;[316, 146, 346, 166];[316, 146, 345, 165];304.0;331.0;0.7875000238418579;1.0;0.17333984375;0.9183333333333333
GYTL2T_2_410_1845_922_2357;5497;-1;[235, 73, 254, 92];;172.0;0.0;0.0;1.0;0.0;0.0
GYTL2T_2_410_1845_922_2357;5498;-1;[228, 132, 245, 146];;144.5;0.0;0.0;1.0;0.0;0.0
GYTL2T_2_410_1845_922_2357;5499;-1;[194, 160, 214, 169];;131.0;0.0;0.0;1.0;0.0;0.0
GYTL2T_2_410_1845_922_2357;5500;3214;[44, 268, 71, 289];[46, 268, 71, 289];254.5;271.0;0.7867867946624756;1.0;0.09466552734375;0.9259259259259259
GYTL2T_2_410_1845_922_2357;5501;-1;[316, 146, 347, 166];;342.5;0.0;0.0;1.0;0.0;0.0
GYTL2T_2_410_1845_922_2357;5502;-1;[227, 133, 246, 147];;157.5;0.0;0.0;1.0;0.0;0.0
GYTL2T_2_410_1845_922_2357;5503;3213;[237, 72, 254, 93];[236, 70, 255, 91];196.0;213.0;0.7536764740943909;1.0;0.12420654296875;0.745958429561201
GYTL2T_2_615_1845_1127_2357;5504;-1;[475, 381, 490, 399];;148.0;0.0;0.0;1.0;0.0;0.0
GYTL2T_2_615_1845_1127_2357;5505;3252;[111, 146, 141, 166];[112, 146, 141, 165];304.0;321.0;0.7857142686843872;1.0;0.2166748046875;0.9183333333333333
GYTL2T_2_615_1845_1127_2357;5506;-1;[30, 73, 49, 92];;172.0;0.0;0.0;1.0;0.0;0.0
GYTL2T_2_615_1845_1127_2357;5507;-1;[23, 132, 40, 146];;144.5;0.0;0.0;1.0;0.0;0.0
GYTL2T_2_615_1845_1127_2357;5508;-1;[0, 161, 9, 169];;57.0;0.0;0.0;1.0;0.0;0.0
GYTL2T_2_615_1845_1127_2357;5509;-1;[111, 146, 142, 166];;342.5;0.0;0.0;1.0;0.0;0.0
GYTL2T_2_615_1845_1127_2357;5510;-1;[22, 133, 41, 147];;157.5;0.0;0.0;1.0;0.0;0.0
GYTL2T_2_615_1845_1127_2357;5511;3253;[32, 72, 49, 93];[30, 70, 49, 91];196.0;229.0;0.6965517401695251;1.0;0.195556640625;0.745958429561201
GYTL2T_2_615_1845_1127_2357;-1;3251;;[444, 146, 467, 177];0.0;504.0;0.0;;0.420654296875;0.0
GYTL2T_2_820_1845_1332_2357;5512;-1;[379, 369, 385, 379];;43.0;0.0;0.0;1.0;0.0;0.0
GYTL2T_2_820_1845_1332_2357;5513;-1;[270, 381, 285, 399];;148.0;0.0;0.0;1.0;0.0;0.0
GYTL2T_2_820_1845_1332_2357;5514;3299;[351, 260, 396, 298];[352, 260, 397, 299];710.0;1096.0;0.6692047119140625;1.0;0.6943359375;0.9325153374233128
GYTL2T_2_820_1845_1332_2357;5515;3298;[400, 89, 464, 140];[402, 90, 463, 139];2005.0;1986.0;0.8594094514846802;1.0;0.94189453125;0.9157475490196079
GYTL2T_2_820_1845_1332_2357;-1;3300;;[240, 146, 263, 177];0.0;462.0;0.0;;0.418701171875;0.0
GYTL2T_2_1025_1845_1537_2357;5516;-1;[174, 369, 180, 379];;43.0;0.0;0.0;1.0;0.0;0.0
GYTL2T_2_1025_1845_1537_2357;5517;-1;[65, 381, 80, 399];;148.0;0.0;0.0;1.0;0.0;0.0
GYTL2T_2_1025_1845_1537_2357;5518;2638;[146, 260, 191, 298];[146, 260, 191, 299];710.0;1132.0;0.6633499264717102;1.0;0.7607421875;0.9743589743589743
GYTL2T_2_1025_1845_1537_2357;5519;2640;[331, 144, 361, 155];[332, 142, 363, 157];206.5;347.0;0.6191709637641907;1.0;0.439697265625;0.6701680672268907
GYTL2T_2_1025_1845_1537_2357;5520;2636;[195, 89, 259, 140];[196, 90, 259, 139];2005.0;2022.0;0.8650897741317749;1.0;0.93798828125;0.9457720588235294
GYTL2T_2_1025_1845_1537_2357;5521;2637;[412, 42, 443, 63];[412, 44, 449, 69];295.5;714.0;0.4361979067325592;1.0;0.85400390625;0.596757852077001
GYTL2T_2_1025_1845_1537_2357;-1;2639;;[36, 144, 57, 177];0.0;461.0;0.0;;0.49609375;0.0
GYTL2T_2_1025_1845_1537_2357;-1;2641;;[474, 438, 499, 469];0.0;424.0;0.0;;0.006744384765625;0.0
GYTL2T_2_1230_1845_1742_2357;5522;-1;[476, 503, 494, 512];;105.5;0.0;0.0;1.0;0.0;0.0
GYTL2T_2_1230_1845_1742_2357;5523;-1;[326, 425, 337, 442];;109.5;0.0;0.0;1.0;0.0;0.0
GYTL2T_2_1230_1845_1742_2357;5524;-1;[407, 166, 417, 181];;88.0;0.0;0.0;1.0;0.0;0.0
GYTL2T_2_1230_1845_1742_2357;5525;2703;[387, 237, 398, 260];[386, 234, 401, 261];134.0;294.0;0.5182926654815674;1.0;0.01016998291015625;0.6246913580246913
GYTL2T_2_1230_1845_1742_2357;5526;2700;[412, 147, 430, 164];[412, 146, 431, 165];155.5;222.0;0.7244094610214233;1.0;0.494140625;0.8476454293628809
GYTL2T_2_1230_1845_1742_2357;5527;2702;[126, 144, 156, 155];[128, 142, 157, 157];206.5;340.0;0.6005154848098755;1.0;0.291748046875;0.6739606126914661
GYTL2T_2_1230_1845_1742_2357;5528;2697;[0, 89, 54, 140];[0, 90, 53, 139];1792.5;1848.0;0.877799391746521;1.0;0.89697265625;0.9429920116194626
GYTL2T_2_1230_1845_1742_2357;5529;2698;[207, 42, 238, 63];[206, 42, 245, 71];295.5;784.0;0.40576231479644775;1.0;0.81298828125;0.5755968169761273
GYTL2T_2_1230_1845_1742_2357;5530;2699;[390, 40, 434, 64];[386, 38, 437, 65];543.5;1032.0;0.5573770403862;1.0;0.68603515625;0.7668845315904139
GYTL2T_2_1230_1845_1742_2357;5531;2701;[460, 5, 480, 26];[460, 4, 479, 27];272.5;334.0;0.7757256031036377;1.0;0.33642578125;0.87117903930131
GYTL2T_2_1435_1845_1947_2357;5532;-1;[271, 503, 289, 512];;105.5;0.0;0.0;1.0;0.0;0.0
GYTL2T_2_1435_1845_1947_2357;5533;-1;[121, 425, 132, 442];;109.5;0.0;0.0;1.0;0.0;0.0
GYTL2T_2_1435_1845_1947_2357;5534;-1;[202, 166, 212, 181];;88.0;0.0;0.0;1.0;0.0;0.0
GYTL2T_2_1435_1845_1947_2357;5535;2765;[182, 237, 193, 260];[180, 234, 197, 261];134.0;319.0;0.47752809524536133;1.0;0.04534912109375;0.55119825708061
GYTL2T_2_1435_1845_1947_2357;5536;2760;[375, 228, 403, 254];[374, 226, 405, 255];531.0;736.0;0.741730272769928;1.0;0.841796875;0.8097886540600667
GYTL2T_2_1435_1845_1947_2357;5537;2763;[207, 147, 225, 164];[206, 146, 225, 163];155.5;243.0;0.6559139490127563;1.0;0.525390625;0.844574780058651
GYTL2T_2_1435_1845_1947_2357;5538;2761;[2, 42, 33, 63];[2, 44, 39, 69];295.5;698.0;0.4434087872505188;1.0;0.81884765625;0.596757852077001
GYTL2T_2_1435_1845_1947_2357;5539;2762;[185, 40, 229, 64];[182, 38, 233, 65];543.5;1079.0;0.5373134613037109;1.0;0.716796875;0.7668845315904139
GYTL2T_2_1435_1845_1947_2357;5540;2764;[255, 5, 275, 26];[256, 4, 275, 27];272.5;295.0;0.8208092451095581;1.0;0.4111328125;0.87117903930131
GYTL2T_2_1435_1845_1947_2357;-1;2766;;[64, 438, 89, 459];0.0;354.0;0.0;;0.00582122802734375;0.0
GYTL2T_2_1640_1845_2152_2357;5541;-1;[66, 503, 84, 512];;105.5;0.0;0.0;1.0;0.0;0.0
GYTL2T_2_1640_1845_2152_2357;5542;-1;[0, 166, 7, 181];;64.0;0.0;0.0;1.0;0.0;0.0
GYTL2T_2_1640_1845_2152_2357;5543;-1;[461, 499, 483, 512];;163.0;0.0;0.0;1.0;0.0;0.0
GYTL2T_2_1640_1845_2152_2357;5544;2811;[170, 228, 198, 254];[168, 226, 201, 255];531.0;762.0;0.719753086566925;1.0;0.8642578125;0.7607105538140021
GYTL2T_2_1640_1845_2152_2357;5545;2813;[2, 147, 20, 164];[2, 146, 21, 165];155.5;222.0;0.7244094610214233;1.0;0.4130859375;0.8476454293628809
GYTL2T_2_1640_1845_2152_2357;5546;2812;[332, 70, 363, 103];[332, 68, 367, 105];566.5;902.0;0.6544502377510071;1.0;0.8017578125;0.78996138996139
GYTL2T_2_1640_1845_2152_2357;5547;-1;[0, 43, 24, 60];;212.5;0.0;0.0;1.0;0.0;0.0
GYTL2T_2_1640_1845_2152_2357;5548;2814;[50, 5, 70, 26];[52, 6, 69, 27];272.5;255.0;0.7891566157341003;1.0;0.3486328125;0.7780320366132724
GYTL2T_2_1640_1845_2152_2357;-1;2815;;[202, 20, 221, 53];0.0;444.0;0.0;;0.00595855712890625;0.0
GYTL2T_2_1845_1845_2357_2357;5549;-1;[422, 501, 428, 512];;43.0;0.0;0.0;1.0;0.0;0.0
GYTL2T_2_1845_1845_2357_2357;5550;-1;[256, 499, 278, 512];;163.0;0.0;0.0;1.0;0.0;0.0
GYTL2T_2_1845_1845_2357_2357;5551;2849;[413, 466, 445, 501];[412, 464, 445, 501];542.0;919.0;0.621566653251648;1.0;0.74169921875;0.9172809172809173
GYTL2T_2_1845_1845_2357_2357;5552;2848;[127, 70, 158, 103];[128, 68, 163, 105];566.5;921.0;0.6370143294334412;1.0;0.8056640625;0.7454819277108434
GYTL2T_2_1845_1845_2357_2357;5553;2850;[318, 0, 345, 40];[318, 2, 345, 43];407.5;780.0;0.530849814414978;1.0;0.64794921875;0.8837209302325582
GYTL2T_2_2050_1845_2562_2357;5554;2880;[342, 226, 376, 268];[340, 224, 379, 269];803.5;1196.0;0.6953063011169434;1.0;0.80908203125;0.8136752136752137
GYTL2T_2_2050_1845_2562_2357;5555;2883;[327, 381, 362, 404];[326, 380, 363, 403];360.5;472.0;0.6994535326957703;1.0;0.435791015625;0.8690744920993227
GYTL2T_2_2050_1845_2562_2357;5556;-1;[217, 501, 223, 512];;43.0;0.0;0.0;1.0;0.0;0.0
GYTL2T_2_2050_1845_2562_2357;5557;-1;[51, 499, 73, 512];;163.0;0.0;0.0;1.0;0.0;0.0
GYTL2T_2_2050_1845_2562_2357;5558;2881;[208, 466, 240, 501];[208, 464, 241, 503];542.0;910.0;0.6256410479545593;1.0;0.71875;0.8702408702408703
GYTL2T_2_2050_1845_2562_2357;5559;2884;[308, 363, 343, 386];[310, 362, 345, 389];520.5;676.0;0.7530201077461243;1.0;0.4072265625;0.7658930373360242
GYTL2T_2_2050_1845_2562_2357;5560;2882;[113, 0, 140, 40];[114, 2, 141, 41];407.5;688.0;0.569767415523529;1.0;0.689453125;0.862882096069869
GYTL2T_2_2255_1845_2767_2357;5561;-1;[458, 54, 470, 65];;93.0;0.0;0.0;1.0;0.0;0.0
GYTL2T_2_2255_1845_2767_2357;5562;2951;[422, 300, 439, 318];[422, 300, 441, 317];174.5;232.0;0.737827718257904;1.0;0.09912109375;0.85
GYTL2T_2_2255_1845_2767_2357;5563;2947;[137, 226, 171, 268];[136, 224, 173, 269];803.5;1188.0;0.6956868767738342;1.0;0.8427734375;0.8576576576576577
GYTL2T_2_2255_1845_2767_2357;5564;2949;[122, 381, 157, 404];[122, 380, 159, 403];360.5;489.0;0.6891651749610901;1.0;0.4921875;0.8690744920993227
GYTL2T_2_2255_1845_2767_2357;5565;-1;[12, 501, 18, 512];;43.0;0.0;0.0;1.0;0.0;0.0
GYTL2T_2_2255_1845_2767_2357;5566;2948;[3, 466, 35, 501];[4, 464, 37, 501];542.0;833.0;0.6535087823867798;1.0;0.640625;0.8638535031847133
GYTL2T_2_2255_1845_2767_2357;5567;2950;[103, 363, 138, 386];[104, 362, 139, 389];520.5;664.0;0.7596153616905212;1.0;0.435791015625;0.8078512396694215
GYTL2T_2_2460_1845_2972_2357;5568;-1;[253, 54, 265, 65];;93.0;0.0;0.0;1.0;0.0;0.0
GYTL2T_2_2460_1845_2972_2357;5569;2991;[217, 300, 234, 318];[216, 300, 235, 317];174.5;248.0;0.6795774698257446;1.0;0.2705078125;0.85
GYTL2T_2_2460_1845_2972_2357;5570;-1;[400, 244, 412, 266];;159.5;0.0;0.0;1.0;0.0;0.0
GYTL2T_2_2460_1845_2972_2357;5571;2990;[365, 261, 416, 303];[366, 262, 415, 301];1336.5;1305.0;0.9133424758911133;1.0;0.89990234375;0.8921568627450981
GYTL2T_2_2665_1845_3177_2357;5572;-1;[48, 54, 60, 65];;93.0;0.0;0.0;1.0;0.0;0.0
GYTL2T_2_2665_1845_3177_2357;5573;3041;[12, 300, 29, 318];[12, 300, 29, 317];174.5;221.0;0.772549033164978;1.0;0.1251220703125;0.9444444444444444
GYTL2T_2_2665_1845_3177_2357;5574;-1;[195, 244, 207, 266];;159.5;0.0;0.0;1.0;0.0;0.0
GYTL2T_2_2665_1845_3177_2357;5575;-1;[345, 60, 356, 70];;62.5;0.0;0.0;1.0;0.0;0.0
GYTL2T_2_2665_1845_3177_2357;5576;3040;[160, 261, 211, 303];[162, 262, 211, 301];1336.5;1314.0;0.9168384671211243;1.0;0.896484375;0.8921568627450981
GYTL2T_2_2665_1845_3177_2357;5577;-1;[345, 61, 356, 68];;55.0;0.0;0.0;1.0;0.0;0.0
GYTL2T_2_2665_1845_3177_2357;5578;3042;[439, 0, 480, 35];[444, 2, 479, 35];697.0;718.0;0.7249442934989929;1.0;0.08209228515625;0.8048780487804879
GYTL2T_2_2870_1845_3382_2357;5579;-1;[140, 60, 151, 70];;62.5;0.0;0.0;1.0;0.0;0.0
GYTL2T_2_2870_1845_3382_2357;5580;-1;[470, 97, 483, 106];;89.0;0.0;0.0;1.0;0.0;0.0
GYTL2T_2_2870_1845_3382_2357;5581;-1;[140, 61, 151, 68];;55.0;0.0;0.0;1.0;0.0;0.0
GYTL2T_2_2870_1845_3382_2357;5582;3100;[234, 0, 275, 35];[236, 0, 275, 35];697.0;794.0;0.7945054769515991;1.0;0.36376953125;0.9512195121951219
GYTL2T_2_3075_1845_3587_2357;5583;-1;[265, 97, 278, 106];;89.0;0.0;0.0;1.0;0.0;0.0
GYTL2T_2_3075_1845_3587_2357;5584;3142;[310, 204, 343, 231];[310, 202, 345, 233];368.0;602.0;0.6512345671653748;1.0;0.349609375;0.8211981566820277
GYTL2T_2_3075_1845_3587_2357;5585;3143;[29, 0, 70, 35];[34, 0, 71, 33];697.0;763.0;0.8125;1.0;0.22265625;0.8092643051771117
GYTL2T_2_3280_1845_3792_2357;5586;-1;[467, 93, 495, 103];;165.5;0.0;0.0;1.0;0.0;0.0
GYTL2T_2_3280_1845_3792_2357;5587;-1;[449, 112, 461, 144];;235.0;0.0;0.0;1.0;0.0;0.0
GYTL2T_2_3280_1845_3792_2357;5588;-1;[60, 97, 73, 106];;89.0;0.0;0.0;1.0;0.0;0.0
GYTL2T_2_3280_1845_3792_2357;5589;3171;[105, 204, 138, 231];[106, 202, 141, 233];368.0;580.0;0.660855770111084;1.0;0.74462890625;0.7769784172661871
GYTL2T_2_3280_1845_3792_2357;5590;-1;[467, 93, 495, 103];;175.5;0.0;0.0;1.0;0.0;0.0
GYTL2T_2_3280_1845_3792_2357;5591;3170;[473, 0, 511, 39];[476, 2, 511, 39];847.0;838.0;0.8085317611694336;1.0;0.880859375;0.8738191632928475
GYTL2T_2_3280_1845_3792_2357;-1;3172;;[118, 66, 149, 81];0.0;287.0;0.0;;0.178955078125;0.0
GYTL2T_2_3485_1845_3997_2357;5592;-1;[262, 93, 290, 103];;165.5;0.0;0.0;1.0;0.0;0.0
GYTL2T_2_3485_1845_3997_2357;5593;-1;[244, 112, 256, 144];;235.0;0.0;0.0;1.0;0.0;0.0
GYTL2T_2_3485_1845_3997_2357;5594;-1;[262, 93, 290, 103];;175.5;0.0;0.0;1.0;0.0;0.0
GYTL2T_2_3485_1845_3997_2357;5595;3189;[268, 0, 306, 39];[270, 0, 305, 39];847.0;917.0;0.8439922332763672;1.0;0.87841796875;0.9210526315789473
GYTL2T_2_3690_1845_4202_2357;5596;-1;[57, 93, 85, 103];;165.5;0.0;0.0;1.0;0.0;0.0
GYTL2T_2_3690_1845_4202_2357;5597;-1;[39, 112, 51, 144];;235.0;0.0;0.0;1.0;0.0;0.0
GYTL2T_2_3690_1845_4202_2357;5598;3199;[383, 146, 413, 171];[386, 146, 413, 171];438.5;449.0;0.8273921012878418;1.0;0.72314453125;0.9
GYTL2T_2_3690_1845_4202_2357;5599;-1;[57, 93, 85, 103];;175.5;0.0;0.0;1.0;0.0;0.0
GYTL2T_2_3690_1845_4202_2357;5600;3198;[63, 0, 101, 39];[66, 2, 101, 39];847.0;823.0;0.8136272430419922;1.0;0.873046875;0.8738191632928475
GYTL2T_2_3791_1845_4303_2357;5601;3205;[282, 146, 312, 171];[284, 146, 313, 171];438.5;487.0;0.818671464920044;1.0;0.70068359375;0.9032258064516129
GYTL2T_2_0_2050_512_2562;5602;2599;[454, 63, 481, 84];[456, 62, 483, 85];254.5;313.0;0.741847813129425;1.0;0.4091796875;0.7918552036199095
GYTL2T_2_205_2050_717_2562;5603;2916;[249, 63, 276, 84];[250, 64, 277, 85];254.5;279.0;0.7719298005104065;1.0;0.1895751953125;0.8469055374592834
GYTL2T_2_205_2050_717_2562;5604;2917;[434, 462, 447, 481];[432, 462, 447, 481];147.5;212.0;0.7190082669258118;1.0;0.009857177734375;0.8666666666666667
GYTL2T_2_410_2050_922_2562;5605;3215;[44, 63, 71, 84];[46, 64, 71, 83];254.5;247.0;0.7484848499298096;1.0;0.11474609375;0.8377425044091711
GYTL2T_2_410_2050_922_2562;5606;3217;[229, 462, 242, 481];[228, 462, 243, 481];147.5;183.0;0.7363636493682861;1.0;0.00555419921875;0.8666666666666667
GYTL2T_2_410_2050_922_2562;5607;3216;[315, 394, 330, 416];[314, 394, 331, 417];146.5;297.0;0.5407854914665222;1.0;0.014007568359375;0.8439897698209718
GYTL2T_2_410_2050_922_2562;5608;-1;[415, 367, 434, 379];;149.0;0.0;0.0;1.0;0.0;0.0
GYTL2T_2_615_2050_1127_2562;5609;-1;[475, 176, 490, 194];;148.0;0.0;0.0;1.0;0.0;0.0
GYTL2T_2_615_2050_1127_2562;5610;3256;[24, 462, 37, 481];[22, 462, 39, 481];147.5;207.0;0.7083333134651184;1.0;0.0164642333984375;0.7647058823529411
GYTL2T_2_615_2050_1127_2562;5611;3254;[358, 430, 377, 459];[362, 430, 379, 461];261.0;384.0;0.6478555202484131;1.0;0.439697265625;0.6765163297045101
GYTL2T_2_615_2050_1127_2562;5612;3255;[110, 394, 125, 416];[110, 394, 127, 417];146.5;286.0;0.5482866168022156;1.0;0.07891845703125;0.8439897698209718
GYTL2T_2_615_2050_1127_2562;5613;-1;[210, 367, 229, 379];;149.0;0.0;0.0;1.0;0.0;0.0
GYTL2T_2_820_2050_1332_2562;5614;-1;[379, 164, 385, 174];;43.0;0.0;0.0;1.0;0.0;0.0
GYTL2T_2_820_2050_1332_2562;5615;-1;[270, 176, 285, 194];;148.0;0.0;0.0;1.0;0.0;0.0
GYTL2T_2_820_2050_1332_2562;5616;3303;[153, 430, 172, 459];[156, 430, 175, 461];261.0;392.0;0.6167401075363159;1.0;0.490234375;0.6863905325443787
GYTL2T_2_820_2050_1332_2562;5617;3301;[424, 421, 461, 447];[422, 420, 463, 447];447.5;736.0;0.6307106614112854;1.0;0.806640625;0.8690153568202349
GYTL2T_2_820_2050_1332_2562;5618;-1;[5, 367, 24, 379];;149.0;0.0;0.0;1.0;0.0;0.0
GYTL2T_2_820_2050_1332_2562;5619;3302;[351, 55, 396, 93];[350, 56, 397, 93];710.0;1138.0;0.6573770642280579;1.0;0.74755859375;0.9332959641255605
GYTL2T_2_1025_2050_1537_2562;5620;-1;[174, 164, 180, 174];;43.0;0.0;0.0;1.0;0.0;0.0
GYTL2T_2_1025_2050_1537_2562;5621;-1;[65, 176, 80, 194];;148.0;0.0;0.0;1.0;0.0;0.0
GYTL2T_2_1025_2050_1537_2562;5622;2642;[219, 421, 256, 447];[218, 420, 257, 447];447.5;722.0;0.6447028517723083;1.0;0.8310546875;0.9135802469135802
GYTL2T_2_1025_2050_1537_2562;5623;2643;[146, 55, 191, 93];[146, 56, 191, 93];710.0;1127.0;0.6578512191772461;1.0;0.7646484375;0.9736842105263158
GYTL2T_2_1025_2050_1537_2562;-1;2644;;[472, 234, 499, 251];0.0;306.0;0.0;;0.00948333740234375;0.0
GYTL2T_2_1230_2050_1742_2562;5624;2706;[476, 298, 494, 307];[474, 294, 497, 311];105.5;291.0;0.40625;1.0;0.0216217041015625;0.4143222506393862
GYTL2T_2_1230_2050_1742_2562;5625;-1;[326, 220, 337, 237];;109.5;0.0;0.0;1.0;0.0;0.0
GYTL2T_2_1230_2050_1742_2562;5626;2704;[14, 421, 51, 447];[12, 420, 53, 447];447.5;700.0;0.6609042286872864;1.0;0.79296875;0.8690153568202349
GYTL2T_2_1230_2050_1742_2562;5627;2705;[387, 32, 398, 55];[386, 30, 401, 55];134.0;284.0;0.5396825671195984;1.0;0.02886962890625;0.6746666666666666
GYTL2T_2_1435_2050_1947_2562;5628;-1;[412, 384, 418, 392];;38.0;0.0;0.0;1.0;0.0;0.0
GYTL2T_2_1435_2050_1947_2562;5629;2768;[271, 298, 289, 307];[270, 294, 291, 311];105.5;260.0;0.45296168327331543;1.0;0.04010009765625;0.453781512605042
GYTL2T_2_1435_2050_1947_2562;5630;-1;[121, 220, 132, 237];;109.5;0.0;0.0;1.0;0.0;0.0
GYTL2T_2_1435_2050_1947_2562;5631;2769;[182, 32, 193, 55];[180, 30, 197, 57];134.0;318.0;0.4885057508945465;1.0;0.0272674560546875;0.55119825708061
GYTL2T_2_1435_2050_1947_2562;5632;2767;[375, 23, 403, 49];[374, 22, 405, 51];531.0;696.0;0.751978874206543;1.0;0.83642578125;0.8097886540600667
GYTL2T_2_1640_2050_2152_2562;5633;-1;[207, 384, 213, 392];;38.0;0.0;0.0;1.0;0.0;0.0
GYTL2T_2_1640_2050_2152_2562;5634;2818;[66, 298, 84, 307];[64, 294, 87, 311];105.5;278.0;0.4262295067310333;1.0;0.0232391357421875;0.4143222506393862
GYTL2T_2_1640_2050_2152_2562;5635;2817;[461, 294, 494, 326];[460, 294, 497, 327];408.0;691.0;0.6260162591934204;1.0;0.77978515625;0.8648648648648649
GYTL2T_2_1640_2050_2152_2562;5636;2816;[170, 23, 198, 49];[168, 22, 199, 51];531.0;732.0;0.7451984882354736;1.0;0.85986328125;0.8097886540600667
GYTL2T_2_1845_2050_2357_2562;5637;-1;[2, 384, 8, 392];;38.0;0.0;0.0;1.0;0.0;0.0
GYTL2T_2_1845_2050_2357_2562;5638;2852;[416, 296, 445, 332];[416, 296, 447, 333];326.5;647.0;0.5547550320625305;1.0;0.73876953125;0.9102005231037489
GYTL2T_2_1845_2050_2357_2562;5639;2853;[256, 294, 289, 326];[254, 294, 293, 327];408.0;709.0;0.6124338507652283;1.0;0.6533203125;0.8205128205128205
GYTL2T_2_1845_2050_2357_2562;5640;2851;[413, 261, 445, 296];[412, 258, 447, 297];542.0;968.0;0.5978578329086304;1.0;0.79833984375;0.8205128205128205
GYTL2T_2_2050_2050_2562_2562;5641;2886;[449, 353, 489, 373];[448, 352, 491, 375];449.0;684.0;0.6780354976654053;1.0;0.8447265625;0.8088978766430738
GYTL2T_2_2050_2050_2562_2562;5642;2885;[342, 21, 376, 63];[340, 18, 379, 63];803.5;1217.0;0.6817826628684998;1.0;0.84912109375;0.8136752136752137
GYTL2T_2_2050_2050_2562_2562;5643;2890;[327, 176, 362, 199];[326, 174, 363, 197];360.5;508.0;0.6604095697402954;1.0;0.498046875;0.7980456026058632
GYTL2T_2_2050_2050_2562_2562;5644;2889;[211, 296, 240, 332];[212, 296, 243, 333];326.5;598.0;0.5950155854225159;1.0;0.70751953125;0.8520710059171598
GYTL2T_2_2050_2050_2562_2562;5645;2888;[51, 294, 84, 326];[50, 294, 87, 327];408.0;712.0;0.6023467779159546;1.0;0.78515625;0.8648648648648649
GYTL2T_2_2050_2050_2562_2562;5646;2887;[208, 261, 240, 296];[208, 258, 241, 297];542.0;931.0;0.6153071522712708;1.0;0.7919921875;0.8702408702408703
GYTL2T_2_2050_2050_2562_2562;5647;2891;[308, 158, 343, 181];[310, 156, 345, 183];520.5;690.0;0.7413793206214905;1.0;0.403564453125;0.7658930373360242
GYTL2T_2_2255_2050_2767_2562;5648;-1;[500, 422, 512, 444];;171.0;0.0;0.0;1.0;0.0;0.0
GYTL2T_2_2255_2050_2767_2562;5649;2958;[422, 95, 439, 113];[422, 96, 441, 111];174.5;216.0;0.7325581312179565;1.0;0.1871337890625;0.7589285714285714
GYTL2T_2_2255_2050_2767_2562;5650;2953;[244, 353, 284, 373];[244, 352, 285, 375];449.0;651.0;0.7110157608985901;1.0;0.85498046875;0.848356309650053
GYTL2T_2_2255_2050_2767_2562;5651;2952;[137, 21, 171, 63];[136, 18, 173, 63];803.5;1190.0;0.6964856386184692;1.0;0.85888671875;0.8576576576576577
GYTL2T_2_2255_2050_2767_2562;5652;2956;[122, 176, 157, 199];[122, 174, 159, 199];360.5;526.0;0.6461793780326843;1.0;0.544921875;0.8702702702702703
GYTL2T_2_2255_2050_2767_2562;5653;2955;[6, 296, 35, 332];[6, 296, 37, 335];326.5;665.0;0.5414908528327942;1.0;0.7294921875;0.8635235732009926
GYTL2T_2_2255_2050_2767_2562;5654;2954;[3, 261, 35, 296];[2, 260, 37, 297];542.0;894.0;0.6343749761581421;1.0;0.78515625;0.8648648648648649
GYTL2T_2_2255_2050_2767_2562;5655;2957;[103, 158, 138, 181];[106, 156, 139, 183];520.5;644.0;0.7424657344818115;1.0;0.25830078125;0.7666666666666667
GYTL2T_2_2460_2050_2972_2562;5656;2996;[295, 422, 314, 447];[296, 422, 315, 449];225.5;327.0;0.6991869807243347;1.0;0.03948974609375;0.8364312267657993
GYTL2T_2_2460_2050_2972_2562;5657;2995;[217, 95, 234, 113];[216, 96, 235, 111];174.5;228.0;0.7191011309623718;1.0;0.2239990234375;0.7589285714285714
GYTL2T_2_2460_2050_2972_2562;5658;-1;[400, 39, 412, 61];;159.5;0.0;0.0;1.0;0.0;0.0
GYTL2T_2_2460_2050_2972_2562;5659;2994;[39, 353, 79, 373];[40, 352, 81, 375];449.0;627.0;0.7296898365020752;1.0;0.87646484375;0.8099688473520249
GYTL2T_2_2460_2050_2972_2562;5660;2993;[400, 310, 437, 351];[400, 308, 441, 353];655.5;1212.0;0.5818897485733032;1.0;0.89111328125;0.8222222222222222
GYTL2T_2_2460_2050_2972_2562;5661;2992;[365, 56, 416, 98];[366, 58, 415, 97];1336.5;1320.0;0.916208803653717;1.0;0.93408203125;0.8921568627450981
GYTL2T_2_2665_2050_3177_2562;5662;3047;[90, 422, 109, 447];[92, 422, 111, 447];225.5;300.0;0.7283236980438232;1.0;0.0190582275390625;0.8095238095238095
GYTL2T_2_2665_2050_3177_2562;5663;3046;[12, 95, 29, 113];[12, 96, 31, 111];174.5;210.0;0.7490040063858032;1.0;0.1490478515625;0.7589285714285714
GYTL2T_2_2665_2050_3177_2562;5664;-1;[195, 39, 207, 61];;159.5;0.0;0.0;1.0;0.0;0.0
GYTL2T_2_2665_2050_3177_2562;5665;3048;[404, 463, 418, 506];[390, 462, 419, 507];263.5;669.0;0.424450546503067;1.0;0.00787353515625;0.46130268199233715
GYTL2T_2_2665_2050_3177_2562;5666;3045;[394, 321, 431, 346];[394, 320, 433, 347];424.0;612.0;0.639769434928894;1.0;0.82763671875;0.8784425451092118
GYTL2T_2_2665_2050_3177_2562;5667;3044;[195, 310, 232, 351];[196, 308, 237, 353];655.5;1214.0;0.5731039643287659;1.0;0.88720703125;0.782608695652174
GYTL2T_2_2665_2050_3177_2562;5668;3043;[160, 56, 211, 98];[162, 58, 211, 97];1336.5;1320.0;0.914893627166748;1.0;0.9033203125;0.8921568627450981
GYTL2T_2_2870_2050_3382_2562;5669;3103;[199, 463, 213, 506];[186, 462, 215, 507];263.5;708.0;0.40731069445610046;1.0;0.005062103271484375;0.46130268199233715
GYTL2T_2_2870_2050_3382_2562;5670;3102;[189, 321, 226, 346];[188, 320, 229, 349];424.0;623.0;0.6313559412956238;1.0;0.8173828125;0.7779646761984861
GYTL2T_2_2870_2050_3382_2562;5671;3101;[0, 310, 27, 351];[0, 308, 31, 353];601.0;1007.0;0.6321731209754944;1.0;0.8623046875;0.7935483870967742
GYTL2T_2_3075_2050_3587_2562;5672;3146;[310, 0, 343, 26];[310, 0, 345, 27];364.5;555.0;0.6864686608314514;1.0;0.482421875;0.9079365079365079
GYTL2T_2_3075_2050_3587_2562;5673;-1;[379, 492, 416, 512];;316.5;0.0;0.0;1.0;0.0;0.0
GYTL2T_2_3075_2050_3587_2562;5674;-1;[0, 463, 8, 481];;94.5;0.0;0.0;1.0;0.0;0.0
GYTL2T_2_3075_2050_3587_2562;5675;3145;[382, 459, 408, 478];[382, 458, 409, 477];261.5;360.0;0.7111111283302307;1.0;0.638671875;0.8682745825602969
GYTL2T_2_3075_2050_3587_2562;5676;3144;[303, 394, 330, 427];[288, 394, 327, 429];307.0;928.0;0.3556443452835083;1.0;0.638671875;0.5409836065573771
GYTL2T_2_3075_2050_3587_2562;5677;3147;[0, 322, 21, 346];[2, 322, 23, 347];268.5;320.0;0.6691729426383972;1.0;0.439697265625;0.7958115183246073
GYTL2T_2_3280_2050_3792_2562;5678;3173;[105, 0, 138, 26];[106, 0, 139, 27];364.5;564.0;0.6693679094314575;1.0;0.67724609375;0.9073064340239912
GYTL2T_2_3280_2050_3792_2562;5679;-1;[174, 492, 211, 512];;316.5;0.0;0.0;1.0;0.0;0.0
GYTL2T_2_3280_2050_3792_2562;5680;3175;[177, 459, 203, 478];[178, 458, 205, 477];261.5;319.0;0.6963350772857666;1.0;0.5869140625;0.8078994614003591
GYTL2T_2_3280_2050_3792_2562;5681;3174;[98, 394, 125, 427];[84, 394, 121, 429];307.0;909.0;0.3626148998737335;1.0;0.60595703125;0.5318850735809391
GYTL2T_2_3485_2050_3997_2562;5682;-1;[398, 503, 410, 512];;56.0;0.0;0.0;1.0;0.0;0.0
GYTL2T_2_3690_2050_4202_2562;5683;-1;[193, 503, 205, 512];;56.0;0.0;0.0;1.0;0.0;0.0
GYTL2T_2_3791_2050_4303_2562;5684;-1;[92, 503, 104, 512];;56.0;0.0;0.0;1.0;0.0;0.0
GYTL2T_2_0_2255_512_2767;5685;-1;[445, 500, 466, 512];;189.5;0.0;0.0;1.0;0.0;0.0
GYTL2T_2_205_2255_717_2767;5686;-1;[434, 257, 447, 276];;147.5;0.0;0.0;1.0;0.0;0.0
GYTL2T_2_205_2255_717_2767;5687;-1;[365, 323, 383, 337];;174.5;0.0;0.0;1.0;0.0;0.0
GYTL2T_2_205_2255_717_2767;5688;-1;[240, 500, 261, 512];;189.5;0.0;0.0;1.0;0.0;0.0
GYTL2T_2_205_2255_717_2767;5689;2918;[319, 395, 357, 424];[318, 396, 357, 423];616.0;719.0;0.8346154093742371;1.0;0.79052734375;0.9087688219663419
GYTL2T_2_205_2255_717_2767;5690;2919;[386, 366, 419, 396];[388, 364, 419, 393];518.0;573.0;0.7787742614746094;1.0;0.66015625;0.7956273764258555
GYTL2T_2_205_2255_717_2767;-1;2920;;[98, 492, 121, 509];0.0;227.0;0.0;;0.00511932373046875;0.0
GYTL2T_2_410_2255_922_2767;5691;3220;[229, 257, 242, 276];[226, 258, 243, 277];147.5;225.0;0.6525096297264099;1.0;0.005344390869140625;0.6964285714285714
GYTL2T_2_410_2255_922_2767;5692;-1;[160, 323, 178, 337];;174.5;0.0;0.0;1.0;0.0;0.0
GYTL2T_2_410_2255_922_2767;5693;-1;[35, 500, 56, 512];;189.5;0.0;0.0;1.0;0.0;0.0
GYTL2T_2_410_2255_922_2767;5694;3218;[114, 395, 152, 424];[114, 396, 151, 423];616.0;705.0;0.8511749505996704;1.0;0.8056640625;0.9065335753176044
GYTL2T_2_410_2255_922_2767;5695;3219;[181, 366, 214, 396];[184, 366, 215, 393];518.0;544.0;0.7932098507881165;1.0;0.46875;0.7964601769911505
GYTL2T_2_410_2255_922_2767;5696;-1;[315, 189, 330, 211];;146.5;0.0;0.0;1.0;0.0;0.0
GYTL2T_2_410_2255_922_2767;5697;-1;[415, 162, 434, 174];;149.0;0.0;0.0;1.0;0.0;0.0
GYTL2T_2_615_2255_1127_2767;5698;-1;[308, 418, 338, 440];;280.0;0.0;0.0;1.0;0.0;0.0
GYTL2T_2_615_2255_1127_2767;5699;3259;[24, 257, 37, 276];[22, 256, 39, 277];147.5;226.0;0.7023809552192688;1.0;0.00586700439453125;0.6918767507002801
GYTL2T_2_615_2255_1127_2767;5700;-1;[0, 366, 9, 384];;124.0;0.0;0.0;1.0;0.0;0.0
GYTL2T_2_615_2255_1127_2767;5701;3257;[358, 225, 377, 254];[362, 226, 379, 255];261.0;355.0;0.6415094137191772;1.0;0.521484375;0.6730769230769231
GYTL2T_2_615_2255_1127_2767;5702;3258;[110, 189, 125, 211];[110, 188, 125, 213];146.5;289.0;0.5479876399040222;1.0;0.014617919921875;0.88
GYTL2T_2_615_2255_1127_2767;5703;-1;[210, 162, 229, 174];;149.0;0.0;0.0;1.0;0.0;0.0
GYTL2T_2_820_2255_1332_2767;5704;-1;[103, 418, 133, 440];;280.0;0.0;0.0;1.0;0.0;0.0
GYTL2T_2_820_2255_1332_2767;5705;3305;[153, 225, 172, 254];[156, 226, 173, 255];261.0;379.0;0.6266968250274658;1.0;0.49609375;0.7516778523489933
GYTL2T_2_820_2255_1332_2767;5706;3304;[424, 216, 461, 242];[422, 214, 463, 243];447.5;764.0;0.612269937992096;1.0;0.8154296875;0.8090832632464255
GYTL2T_2_820_2255_1332_2767;5707;-1;[5, 162, 24, 174];;149.0;0.0;0.0;1.0;0.0;0.0
GYTL2T_2_1025_2255_1537_2767;5708;2645;[219, 216, 256, 242];[218, 214, 257, 243];447.5;774.0;0.607272744178772;1.0;0.796875;0.8505747126436781
GYTL2T_2_1025_2255_1537_2767;-1;2646;;[474, 28, 499, 45];0.0;318.0;0.0;;0.00669097900390625;0.0
GYTL2T_2_1230_2255_1742_2767;5709;2709;[476, 93, 494, 102];[474, 90, 497, 105];105.5;258.0;0.4482758641242981;1.0;0.057281494140625;0.46956521739130436
GYTL2T_2_1230_2255_1742_2767;5710;-1;[326, 15, 337, 32];;109.5;0.0;0.0;1.0;0.0;0.0
GYTL2T_2_1230_2255_1742_2767;5711;2708;[14, 216, 51, 242];[14, 214, 51, 243];447.5;715.0;0.6436930894851685;1.0;0.80078125;0.896551724137931
GYTL2T_2_1435_2255_1947_2767;5712;-1;[412, 179, 418, 187];;38.0;0.0;0.0;1.0;0.0;0.0
GYTL2T_2_1435_2255_1947_2767;5713;2771;[271, 93, 289, 102];[270, 90, 291, 105];105.5;241.0;0.48148149251937866;1.0;0.026458740234375;0.5142857142857142
GYTL2T_2_1435_2255_1947_2767;5714;-1;[121, 15, 132, 32];;109.5;0.0;0.0;1.0;0.0;0.0
GYTL2T_2_1640_2255_2152_2767;5715;-1;[207, 179, 213, 187];;38.0;0.0;0.0;1.0;0.0;0.0
GYTL2T_2_1640_2255_2152_2767;5716;2820;[66, 93, 84, 102];[64, 90, 87, 105];105.5;248.0;0.4676258862018585;1.0;0.05145263671875;0.46956521739130436
GYTL2T_2_1640_2255_2152_2767;5717;2819;[461, 89, 494, 121];[460, 88, 497, 121];408.0;699.0;0.6223118305206299;1.0;0.78271484375;0.8648648648648649
GYTL2T_2_1845_2255_2357_2767;5718;-1;[2, 179, 8, 187];;38.0;0.0;0.0;1.0;0.0;0.0
GYTL2T_2_1845_2255_2357_2767;5719;-1;[505, 322, 512, 343];;93.0;0.0;0.0;1.0;0.0;0.0
GYTL2T_2_1845_2255_2357_2767;5720;2855;[416, 91, 445, 127];[416, 90, 447, 129];326.5;644.0;0.5571635365486145;1.0;0.75048828125;0.8635235732009926
GYTL2T_2_1845_2255_2357_2767;5721;2856;[256, 89, 289, 121];[254, 88, 293, 123];408.0;733.0;0.5898089408874512;1.0;0.73583984375;0.7736263736263737
GYTL2T_2_1845_2255_2357_2767;5722;2854;[413, 56, 445, 91];[412, 54, 447, 91];542.0;939.0;0.6103895902633667;1.0;0.83349609375;0.8648648648648649
GYTL2T_2_2050_2255_2562_2767;5723;2892;[449, 148, 489, 168];[448, 146, 491, 169];449.0;673.0;0.6902777552604675;1.0;0.85009765625;0.8088978766430738
GYTL2T_2_2050_2255_2562_2767;5724;2894;[311, 331, 349, 356];[310, 328, 349, 355];425.5;718.0;0.61328125;1.0;0.7880859375;0.8359303391384051
GYTL2T_2_2050_2255_2562_2767;5725;2897;[300, 322, 318, 343];[298, 320, 319, 343];198.0;346.0;0.4952380955219269;1.0;0.517578125;0.782608695652174
GYTL2T_2_2050_2255_2562_2767;5726;2896;[211, 91, 240, 127];[212, 90, 243, 129];326.5;637.0;0.5550724864006042;1.0;0.70263671875;0.8096385542168675
GYTL2T_2_2050_2255_2562_2767;5727;2893;[51, 89, 84, 121];[50, 88, 87, 121];408.0;701.0;0.6181575655937195;1.0;0.81298828125;0.8648648648648649
GYTL2T_2_2050_2255_2562_2767;5728;2895;[208, 56, 240, 91];[206, 54, 241, 91];542.0;935.0;0.6154618263244629;1.0;0.78271484375;0.8648648648648649
GYTL2T_2_2255_2255_2767_2767;5729;-1;[500, 217, 512, 239];;171.0;0.0;0.0;1.0;0.0;0.0
GYTL2T_2_2255_2255_2767_2767;5730;2959;[244, 148, 284, 168];[244, 146, 285, 169];449.0;648.0;0.7151079177856445;1.0;0.865234375;0.848356309650053
GYTL2T_2_2255_2255_2767_2767;5731;2960;[106, 331, 144, 356];[106, 328, 143, 355];425.5;713.0;0.6072821617126465;1.0;0.796875;0.8369462770970783
GYTL2T_2_2255_2255_2767_2767;5732;2963;[95, 322, 113, 343];[94, 320, 115, 341];198.0;272.0;0.518207311630249;1.0;0.443603515625;0.7169811320754716
GYTL2T_2_2255_2255_2767_2767;5733;2962;[6, 91, 35, 127];[6, 90, 37, 129];326.5;664.0;0.5430183410644531;1.0;0.71533203125;0.8635235732009926
GYTL2T_2_2255_2255_2767_2767;5734;2961;[3, 56, 35, 91];[2, 54, 37, 91];542.0;921.0;0.6178861856460571;1.0;0.77734375;0.8648648648648649
GYTL2T_2_2460_2255_2972_2767;5735;2999;[295, 217, 314, 242];[296, 216, 315, 243];225.5;333.0;0.7018970251083374;1.0;0.0262603759765625;0.8364312267657993
GYTL2T_2_2460_2255_2972_2767;5736;2998;[39, 148, 79, 168];[40, 146, 81, 169];449.0;638.0;0.7184324860572815;1.0;0.86328125;0.8099688473520249
GYTL2T_2_2460_2255_2972_2767;5737;2997;[400, 105, 437, 146];[400, 104, 441, 149];655.5;1186.0;0.5802861452102661;1.0;0.8896484375;0.8222222222222222
GYTL2T_2_2665_2255_3177_2767;5738;3053;[90, 217, 109, 242];[90, 216, 111, 243];225.5;350.0;0.6840730905532837;1.0;0.038604736328125;0.8377425044091711
GYTL2T_2_2665_2255_3177_2767;5739;3052;[349, 402, 375, 423];[350, 402, 375, 423];221.5;328.0;0.6631016135215759;1.0;0.25244140625;0.9615384615384616
GYTL2T_2_2665_2255_3177_2767;5740;3054;[404, 258, 418, 301];[390, 258, 419, 301];263.5;639.0;0.4438040256500244;1.0;0.01009368896484375;0.4827586206896552
GYTL2T_2_2665_2255_3177_2767;5741;3051;[394, 116, 431, 141];[394, 114, 433, 143];424.0;664.0;0.656984806060791;1.0;0.8388671875;0.8178603006189213
GYTL2T_2_2665_2255_3177_2767;5742;3050;[195, 105, 232, 146];[196, 104, 235, 149];655.5;1161.0;0.5825946927070618;1.0;0.87744140625;0.821826280623608
GYTL2T_2_2870_2255_3382_2767;5743;3107;[144, 402, 170, 423];[146, 402, 169, 423];221.5;319.0;0.6353887319564819;1.0;0.414794921875;0.8846153846153846
GYTL2T_2_2870_2255_3382_2767;5744;3108;[199, 258, 213, 301];[186, 258, 213, 301];263.5;633.0;0.4504373073577881;1.0;0.029541015625;0.5185185185185185
GYTL2T_2_2870_2255_3382_2767;5745;3106;[189, 116, 226, 141];[188, 114, 229, 143];424.0;697.0;0.6338215470314026;1.0;0.81982421875;0.7779646761984861
GYTL2T_2_2870_2255_3382_2767;5746;3105;[0, 105, 27, 146];[0, 104, 31, 147];601.0;980.0;0.6496139168739319;1.0;0.88720703125;0.8304576144036009
GYTL2T_2_3075_2255_3587_2767;5747;3149;[379, 287, 416, 322];[380, 286, 415, 323];399.5;823.0;0.5172798037528992;1.0;0.7548828125;0.8974358974358975
GYTL2T_2_3075_2255_3587_2767;5748;-1;[0, 258, 8, 276];;94.5;0.0;0.0;1.0;0.0;0.0
GYTL2T_2_3075_2255_3587_2767;5749;3150;[382, 254, 408, 273];[382, 252, 411, 273];261.5;391.0;0.6575342416763306;1.0;0.72021484375;0.8111658456486043
GYTL2T_2_3075_2255_3587_2767;5750;3148;[303, 189, 330, 222];[288, 188, 327, 225];307.0;948.0;0.3550295829772949;1.0;0.7705078125;0.5136186770428015
GYTL2T_2_3075_2255_3587_2767;5751;3151;[0, 117, 21, 141];[0, 118, 23, 143];268.5;310.0;0.7308707237243652;1.0;0.521484375;0.8104026845637584
GYTL2T_2_3280_2255_3792_2767;5752;3178;[174, 287, 211, 322];[176, 286, 211, 323];399.5;831.0;0.5032822489738464;1.0;0.70068359375;0.8974358974358975
GYTL2T_2_3280_2255_3792_2767;5753;3179;[177, 254, 203, 273];[178, 252, 205, 271];261.5;354.0;0.6813725233078003;1.0;0.67236328125;0.7302405498281787
GYTL2T_2_3280_2255_3792_2767;5754;3177;[98, 189, 125, 222];[84, 190, 123, 223];307.0;895.0;0.3699481785297394;1.0;0.77587890625;0.5805515239477503
GYTL2T_2_3485_2255_3997_2767;5755;3191;[387, 298, 417, 329];[390, 298, 415, 331];356.0;470.0;0.6860253810882568;1.0;0.26904296875;0.7908163265306123
GYTL2T_2_3690_2255_4202_2767;5756;3200;[182, 298, 212, 329];[184, 298, 211, 331];356.0;508.0;0.6921738982200623;1.0;0.346923828125;0.850609756097561
GYTL2T_2_3791_2255_4303_2767;5757;3206;[81, 298, 111, 329];[82, 298, 109, 331];356.0;513.0;0.6724137663841248;1.0;0.29833984375;0.850609756097561
GYTL2T_2_0_2460_512_2972;5758;2600;[441, 295, 466, 320];[442, 294, 465, 319];443.5;430.0;0.8390804529190063;1.0;0.76904296875;0.8518518518518519
GYTL2T_2_0_2460_512_2972;-1;2601;;[182, 394, 199, 423];0.0;408.0;0.0;;0.0143890380859375;0.0
GYTL2T_2_205_2460_717_2972;5759;2924;[434, 52, 447, 71];[432, 52, 447, 71];147.5;198.0;0.747826099395752;1.0;0.0099334716796875;0.8666666666666667
GYTL2T_2_205_2460_717_2972;5760;-1;[365, 118, 383, 132];;174.5;0.0;0.0;1.0;0.0;0.0
GYTL2T_2_205_2460_717_2972;5761;2922;[236, 295, 261, 320];[236, 294, 259, 319];443.5;442.0;0.8798449635505676;1.0;0.78125;0.8518518518518519
GYTL2T_2_205_2460_717_2972;5762;2921;[319, 190, 357, 219];[318, 190, 357, 219];616.0;734.0;0.8274559378623962;1.0;0.806640625;0.9743589743589743
GYTL2T_2_205_2460_717_2972;5763;2923;[386, 161, 419, 191];[388, 160, 419, 187];518.0;555.0;0.7760968208312988;1.0;0.76904296875;0.7894221351616063
GYTL2T_2_205_2460_717_2972;-1;2925;;[98, 288, 121, 305];0.0;245.0;0.0;;0.00518035888671875;0.0
GYTL2T_2_410_2460_922_2972;5764;3224;[229, 52, 242, 71];[226, 52, 243, 71];147.5;236.0;0.6566037535667419;1.0;0.007404327392578125;0.7647058823529411
GYTL2T_2_410_2460_922_2972;5765;-1;[160, 118, 178, 132];;174.5;0.0;0.0;1.0;0.0;0.0
GYTL2T_2_410_2460_922_2972;5766;3221;[31, 295, 56, 320];[32, 294, 55, 319];443.5;433.0;0.849711000919342;1.0;0.8154296875;0.8518518518518519
GYTL2T_2_410_2460_922_2972;5767;3222;[114, 190, 152, 219];[114, 190, 151, 219];616.0;757.0;0.8150431513786316;1.0;0.81396484375;0.9736842105263158
GYTL2T_2_410_2460_922_2972;5768;3223;[181, 161, 214, 191];[182, 160, 215, 187];518.0;588.0;0.7943367958068848;1.0;0.61865234375;0.7931363203050524
GYTL2T_2_410_2460_922_2972;5769;-1;[320, 0, 330, 6];;46.5;0.0;0.0;1.0;0.0;0.0
GYTL2T_2_615_2460_1127_2972;5770;-1;[308, 213, 338, 235];;280.0;0.0;0.0;1.0;0.0;0.0
GYTL2T_2_615_2460_1127_2972;5771;-1;[24, 52, 37, 71];;147.5;0.0;0.0;1.0;0.0;0.0
GYTL2T_2_615_2460_1127_2972;5772;-1;[0, 161, 9, 179];;124.0;0.0;0.0;1.0;0.0;0.0
GYTL2T_2_615_2460_1127_2972;5773;3260;[358, 20, 377, 49];[360, 20, 379, 51];261.0;425.0;0.6091476082801819;1.0;0.537109375;0.7619783616692427
GYTL2T_2_615_2460_1127_2972;5774;-1;[115, 0, 125, 6];;46.5;0.0;0.0;1.0;0.0;0.0
GYTL2T_2_820_2460_1332_2972;5775;-1;[103, 213, 133, 235];;280.0;0.0;0.0;1.0;0.0;0.0
GYTL2T_2_820_2460_1332_2972;5776;3307;[153, 20, 172, 49];[156, 20, 175, 51];261.0;412.0;0.5886076092720032;1.0;0.5849609375;0.6863905325443787
GYTL2T_2_820_2460_1332_2972;5777;3306;[424, 11, 461, 37];[422, 8, 463, 37];447.5;765.0;0.6098159551620483;1.0;0.8154296875;0.8090832632464255
GYTL2T_2_1025_2460_1537_2972;5778;2647;[219, 11, 256, 37];[218, 8, 257, 37];447.5;759.0;0.6180469989776611;1.0;0.82568359375;0.8505747126436781
GYTL2T_2_1230_2460_1742_2972;5779;2710;[14, 11, 51, 37];[14, 10, 53, 37];447.5;706.0;0.6565389633178711;1.0;0.79443359375;0.9135802469135802
GYTL2T_2_1845_2460_2357_2972;5780;2857;[473, 310, 498, 341];[474, 310, 501, 343];498.5;678.0;0.7462068796157837;1.0;0.81396484375;0.806941431670282
GYTL2T_2_1845_2460_2357_2972;5781;-1;[505, 117, 512, 138];;93.0;0.0;0.0;1.0;0.0;0.0
GYTL2T_2_2050_2460_2562_2972;5782;2898;[268, 310, 293, 341];[268, 310, 297, 343];498.5;713.0;0.7182539701461792;1.0;0.7958984375;0.8098223615464994
GYTL2T_2_2050_2460_2562_2972;5783;2899;[311, 126, 349, 151];[310, 124, 349, 149];425.5;666.0;0.6436464190483093;1.0;0.7880859375;0.8315889628924833
GYTL2T_2_2050_2460_2562_2972;5784;2900;[300, 117, 318, 138];[298, 116, 319, 137];198.0;280.0;0.5316804647445679;1.0;0.521484375;0.7843137254901961
GYTL2T_2_2255_2460_2767_2972;5785;-1;[376, 312, 398, 333];;233.5;0.0;0.0;1.0;0.0;0.0
GYTL2T_2_2255_2460_2767_2972;5786;-1;[500, 12, 512, 34];;171.0;0.0;0.0;1.0;0.0;0.0
GYTL2T_2_2255_2460_2767_2972;5787;2965;[63, 310, 88, 341];[64, 310, 91, 343];498.5;690.0;0.7350543737411499;1.0;0.8291015625;0.806941431670282
GYTL2T_2_2255_2460_2767_2972;5788;2964;[106, 126, 144, 151];[106, 124, 143, 149];425.5;658.0;0.604619562625885;1.0;0.85302734375;0.8310546875
GYTL2T_2_2255_2460_2767_2972;5789;2966;[95, 117, 113, 138];[94, 116, 115, 137];198.0;276.0;0.5318559408187866;1.0;0.53125;0.7843137254901961
GYTL2T_2_2460_2460_2972_2972;5790;-1;[171, 312, 193, 333];;233.5;0.0;0.0;1.0;0.0;0.0
GYTL2T_2_2460_2460_2972_2972;5791;3000;[295, 12, 314, 37];[296, 12, 315, 39];225.5;308.0;0.678670346736908;1.0;0.0125732421875;0.8364312267657993
GYTL2T_2_2460_2460_2972_2972;5792;-1;[499, 439, 512, 456];;109.0;0.0;0.0;1.0;0.0;0.0
GYTL2T_2_2665_2460_3177_2972;5793;3058;[90, 12, 109, 37];[92, 12, 111, 37];225.5;271.0;0.7030302882194519;1.0;0.0170440673828125;0.8095238095238095
GYTL2T_2_2665_2460_3177_2972;5794;3055;[294, 416, 326, 458];[294, 418, 329, 459];562.5;863.0;0.6520342826843262;1.0;0.74609375;0.8539026017344896
GYTL2T_2_2665_2460_3177_2972;5795;3056;[349, 197, 375, 218];[350, 196, 375, 219];221.5;356.0;0.6159601211547852;1.0;0.282958984375;0.8808724832214765
GYTL2T_2_2665_2460_3177_2972;5796;3059;[404, 53, 418, 96];[390, 52, 419, 97];263.5;621.0;0.4509516954421997;1.0;0.014617919921875;0.46130268199233715
GYTL2T_2_2665_2460_3177_2972;-1;3057;;[158, 450, 175, 479];0.0;369.0;0.0;;0.06658935546875;0.0
GYTL2T_2_2870_2460_3382_2972;5797;-1;[373, 468, 400, 492];;373.0;0.0;0.0;1.0;0.0;0.0
GYTL2T_2_2870_2460_3382_2972;5798;3109;[89, 416, 121, 458];[90, 418, 123, 459];562.5;837.0;0.6367567777633667;1.0;0.7373046875;0.851063829787234
GYTL2T_2_2870_2460_3382_2972;5799;3110;[144, 197, 170, 218];[146, 196, 169, 219];221.5;343.0;0.6050633192062378;1.0;0.1268310546875;0.8158783783783784
GYTL2T_2_2870_2460_3382_2972;5800;3111;[199, 53, 213, 96];[186, 52, 215, 97];263.5;656.0;0.4363636374473572;1.0;0.0141754150390625;0.46130268199233715
GYTL2T_2_3075_2460_3587_2972;5801;-1;[168, 468, 195, 492];;373.0;0.0;0.0;1.0;0.0;0.0
GYTL2T_2_3075_2460_3587_2972;5802;3152;[379, 82, 416, 117];[380, 82, 415, 119];399.5;821.0;0.5150837898254395;1.0;0.69580078125;0.8974358974358975
GYTL2T_2_3075_2460_3587_2972;5803;-1;[0, 53, 8, 71];;94.5;0.0;0.0;1.0;0.0;0.0
GYTL2T_2_3075_2460_3587_2972;5804;3153;[382, 49, 408, 68];[382, 48, 409, 67];261.5;358.0;0.7047146558761597;1.0;0.60205078125;0.8682745825602969
GYTL2T_2_3075_2460_3587_2972;5805;3154;[303, 0, 330, 17];[298, 0, 325, 17];234.5;335.0;0.6059850454330444;1.0;0.56396484375;0.6875
GYTL2T_2_3280_2460_3792_2972;5806;3180;[174, 82, 211, 117];[176, 82, 211, 117];399.5;773.0;0.5238649845123291;1.0;0.67919921875;0.9459459459459459
GYTL2T_2_3280_2460_3792_2972;5807;3181;[177, 49, 203, 68];[178, 48, 203, 67];261.5;308.0;0.7032085657119751;1.0;0.62255859375;0.8670520231213873
GYTL2T_2_3280_2460_3792_2972;5808;3182;[98, 0, 125, 17];[94, 0, 121, 17];234.5;309.0;0.6329787373542786;1.0;0.5078125;0.7419354838709677
GYTL2T_2_3485_2460_3997_2972;5809;3192;[387, 93, 417, 124];[390, 94, 415, 125];356.0;447.0;0.690875232219696;1.0;0.319091796875;0.7853403141361257
GYTL2T_2_3690_2460_4202_2972;5810;3201;[182, 93, 212, 124];[184, 94, 209, 125];356.0;491.0;0.6953405141830444;1.0;0.383056640625;0.7853403141361257
GYTL2T_2_3791_2460_4303_2972;5811;3207;[81, 93, 111, 124];[84, 94, 109, 125];356.0;458.0;0.66847825050354;1.0;0.34765625;0.7853403141361257
GYTL2T_2_0_2665_512_3177;5812;2602;[441, 90, 466, 115];[442, 88, 465, 115];443.5;445.0;0.8675623536109924;1.0;0.7744140625;0.856929955290611
GYTL2T_2_0_2665_512_3177;-1;2603;;[184, 190, 199, 219];0.0;324.0;0.0;;0.00800323486328125;0.0
GYTL2T_2_0_2665_512_3177;-1;2604;;[302, 82, 327, 99];0.0;265.0;0.0;;0.007518768310546875;0.0
GYTL2T_2_205_2665_717_3177;5813;2926;[236, 90, 261, 115];[236, 88, 259, 115];443.5;461.0;0.8520599007606506;1.0;0.70263671875;0.856929955290611
GYTL2T_2_205_2665_717_3177;5814;-1;[319, 0, 357, 14];;356.5;0.0;0.0;1.0;0.0;0.0
GYTL2T_2_205_2665_717_3177;-1;2927;;[98, 82, 121, 101];0.0;280.0;0.0;;0.0074615478515625;0.0
GYTL2T_2_410_2665_922_3177;5815;3226;[366, 392, 399, 417];[366, 390, 401, 417];405.0;611.0;0.6796407103538513;1.0;0.767578125;0.873015873015873
GYTL2T_2_410_2665_922_3177;5816;3225;[31, 90, 56, 115];[32, 88, 55, 115];443.5;441.0;0.857692301273346;1.0;0.7890625;0.856929955290611
GYTL2T_2_410_2665_922_3177;5817;-1;[114, 0, 152, 14];;356.5;0.0;0.0;1.0;0.0;0.0
GYTL2T_2_410_2665_922_3177;-1;3227;;[438, 416, 457, 431];0.0;230.0;0.0;;0.19677734375;0.0
GYTL2T_2_615_2665_1127_3177;5818;-1;[308, 8, 338, 30];;280.0;0.0;0.0;1.0;0.0;0.0
GYTL2T_2_615_2665_1127_3177;5819;3261;[161, 392, 194, 417];[160, 390, 195, 417];405.0;651.0;0.6600284576416016;1.0;0.74755859375;0.873015873015873
GYTL2T_2_615_2665_1127_3177;5820;3263;[435, 350, 453, 378];[434, 350, 455, 379];145.0;307.0;0.5187320113182068;1.0;0.10302734375;0.8275862068965517
GYTL2T_2_615_2665_1127_3177;-1;3262;;[234, 416, 253, 431];0.0;227.0;0.0;;0.1859130859375;0.0
GYTL2T_2_820_2665_1332_3177;5821;-1;[103, 8, 133, 30];;280.0;0.0;0.0;1.0;0.0;0.0
GYTL2T_2_820_2665_1332_3177;5822;3309;[230, 350, 248, 378];[230, 350, 249, 379];145.0;289.0;0.5468277931213379;1.0;0.07861328125;0.9147005444646098
GYTL2T_2_820_2665_1332_3177;-1;3308;;[28, 416, 47, 431];0.0;237.0;0.0;;0.138427734375;0.0
GYTL2T_2_1025_2665_1537_3177;5823;2648;[25, 350, 43, 378];[24, 350, 45, 377];145.0;297.0;0.5222551822662354;1.0;0.103759765625;0.8307692307692308
GYTL2T_2_1845_2665_2357_3177;5824;2858;[473, 105, 498, 136];[474, 104, 501, 139];498.5;677.0;0.7451790571212769;1.0;0.82763671875;0.7622950819672131
GYTL2T_2_2050_2665_2562_3177;5825;2901;[268, 105, 293, 136];[268, 104, 297, 139];498.5;746.0;0.685606062412262;1.0;0.79833984375;0.7635467980295566
GYTL2T_2_2255_2665_2767_3177;5826;-1;[376, 107, 398, 128];;233.5;0.0;0.0;1.0;0.0;0.0
GYTL2T_2_2255_2665_2767_3177;5827;2967;[63, 105, 88, 136];[64, 104, 91, 139];498.5;708.0;0.7175066471099854;1.0;0.822265625;0.7622950819672131
GYTL2T_2_2255_2665_2767_3177;-1;2968;;[382, 474, 429, 501];0.0;851.0;0.0;;0.018402099609375;0.0
GYTL2T_2_2460_2665_2972_3177;5828;-1;[171, 107, 193, 128];;233.5;0.0;0.0;1.0;0.0;0.0
GYTL2T_2_2460_2665_2972_3177;5829;3001;[326, 383, 369, 419];[326, 384, 369, 419];498.5;862.0;0.5878594517707825;1.0;0.70556640625;0.9722222222222222
GYTL2T_2_2460_2665_2972_3177;5830;-1;[499, 234, 512, 251];;109.0;0.0;0.0;1.0;0.0;0.0
GYTL2T_2_2460_2665_2972_3177;-1;3002;;[178, 474, 223, 501];0.0;868.0;0.0;;0.040374755859375;0.0
GYTL2T_2_2460_2665_2972_3177;-1;3003;;[362, 246, 381, 275];0.0;391.0;0.0;;0.01233673095703125;0.0
GYTL2T_2_2665_2665_3177_3177;5831;3061;[121, 383, 164, 419];[122, 384, 163, 419];498.5;816.0;0.6224719285964966;1.0;0.75634765625;0.9270025839793282
GYTL2T_2_2665_2665_3177_3177;5832;3060;[294, 211, 326, 253];[294, 212, 329, 255];562.5;900.0;0.6424870491027832;1.0;0.7578125;0.8536109303838647
GYTL2T_2_2665_2665_3177_3177;5833;3063;[349, 0, 375, 13];[350, 0, 375, 15];186.5;267.0;0.6581469774246216;1.0;0.005279541015625;0.8376288659793815
GYTL2T_2_2665_2665_3177_3177;-1;3062;;[158, 246, 175, 275];0.0;378.0;0.0;;0.046722412109375;0.0
GYTL2T_2_2870_2665_3382_3177;5834;-1;[373, 263, 400, 287];;373.0;0.0;0.0;1.0;0.0;0.0
GYTL2T_2_2870_2665_3382_3177;5835;3112;[89, 211, 121, 253];[88, 212, 123, 255];562.5;867.0;0.6370370388031006;1.0;0.767578125;0.8536109303838647
GYTL2T_2_2870_2665_3382_3177;5836;-1;[144, 0, 170, 13];;186.5;0.0;0.0;1.0;0.0;0.0
GYTL2T_2_3075_2665_3587_3177;5837;-1;[168, 263, 195, 287];;373.0;0.0;0.0;1.0;0.0;0.0
GYTL2T_2_410_2870_922_3382;5838;3229;[393, 318, 417, 337];[394, 316, 419, 337];263.0;370.0;0.7067307829856873;1.0;0.62255859375;0.8033088235294118
GYTL2T_2_410_2870_922_3382;5839;3228;[366, 187, 399, 212];[366, 184, 401, 213];405.0;672.0;0.6426593065261841;1.0;0.6943359375;0.812807881773399
GYTL2T_2_410_2870_922_3382;-1;3230;;[438, 210, 457, 227];0.0;239.0;0.0;;0.2421875;0.0
GYTL2T_2_615_2870_1127_3382;5840;3265;[188, 318, 212, 337];[188, 316, 213, 339];263.0;380.0;0.7030878663063049;1.0;0.56396484375;0.7930434782608695
GYTL2T_2_615_2870_1127_3382;5841;3264;[161, 187, 194, 212];[160, 184, 195, 213];405.0;657.0;0.655807375907898;1.0;0.69091796875;0.812807881773399
GYTL2T_2_615_2870_1127_3382;5842;3267;[435, 145, 453, 173];[434, 146, 455, 173];145.0;290.0;0.5301204919815063;1.0;0.0994873046875;0.8307692307692308
GYTL2T_2_615_2870_1127_3382;-1;3266;;[234, 210, 253, 227];0.0;237.0;0.0;;0.281494140625;0.0
GYTL2T_2_820_2870_1332_3382;5843;-1;[0, 318, 7, 330];;42.0;0.0;0.0;1.0;0.0;0.0
GYTL2T_2_820_2870_1332_3382;5844;3311;[230, 145, 248, 173];[230, 144, 249, 173];145.0;296.0;0.520588219165802;1.0;0.06683349609375;0.9147005444646098
GYTL2T_2_820_2870_1332_3382;-1;3310;;[28, 210, 47, 227];0.0;239.0;0.0;;0.153076171875;0.0
GYTL2T_2_1025_2870_1537_3382;5845;2649;[25, 145, 43, 173];[24, 146, 43, 173];145.0;271.0;0.5654951930046082;1.0;0.050140380859375;0.9152542372881356
GYTL2T_2_2460_2870_2972_3382;5846;3004;[326, 178, 369, 214];[326, 180, 369, 215];498.5;868.0;0.5843054056167603;1.0;0.7294921875;0.918918918918919
GYTL2T_2_2460_2870_2972_3382;5847;-1;[499, 29, 512, 46];;109.0;0.0;0.0;1.0;0.0;0.0
GYTL2T_2_2460_2870_2972_3382;-1;3005;;[176, 268, 225, 297];0.0;971.0;0.0;;0.07318115234375;0.0
GYTL2T_2_2460_2870_2972_3382;-1;3006;;[362, 42, 379, 71];0.0;370.0;0.0;;0.01009368896484375;0.0
GYTL2T_2_2665_2870_3177_3382;5848;3065;[121, 178, 164, 214];[122, 180, 163, 215];498.5;826.0;0.6006564497947693;1.0;0.69775390625;0.8772813089993706
GYTL2T_2_2665_2870_3177_3382;5849;3064;[294, 6, 326, 48];[294, 8, 327, 49];562.5;809.0;0.6584821343421936;1.0;0.71044921875;0.903316866619619
GYTL2T_2_2665_2870_3177_3382;-1;3066;;[158, 42, 175, 69];0.0;329.0;0.0;;0.0263519287109375;0.0
GYTL2T_2_2870_2870_3382_3382;5850;-1;[373, 58, 400, 82];;373.0;0.0;0.0;1.0;0.0;0.0
GYTL2T_2_2870_2870_3382_3382;5851;3113;[89, 6, 121, 48];[90, 8, 121, 49];562.5;784.0;0.6863425970077515;1.0;0.7265625;0.9018181818181819
GYTL2T_2_3075_2870_3587_3382;5852;-1;[168, 58, 195, 82];;373.0;0.0;0.0;1.0;0.0;0.0
GYTL2T_2_410_2895_922_3407;5853;3232;[393, 293, 417, 312];[394, 292, 419, 313];263.0;353.0;0.7293233275413513;1.0;0.638671875;0.8033088235294118
GYTL2T_2_410_2895_922_3407;5854;3231;[366, 162, 399, 187];[364, 160, 401, 187];405.0;651.0;0.6609442234039307;1.0;0.75927734375;0.8258258258258259
GYTL2T_2_410_2895_922_3407;-1;3233;;[438, 186, 457, 201];0.0;230.0;0.0;;0.2322998046875;0.0
GYTL2T_2_615_2895_1127_3407;5855;3269;[188, 293, 212, 312];[190, 292, 213, 313];263.0;347.0;0.7089552283287048;1.0;0.63720703125;0.8023032629558541
GYTL2T_2_615_2895_1127_3407;5856;3268;[161, 162, 194, 187];[160, 160, 195, 187];405.0;648.0;0.6604584455490112;1.0;0.73583984375;0.873015873015873
GYTL2T_2_615_2895_1127_3407;5857;3271;[435, 120, 453, 148];[434, 120, 455, 149];145.0;298.0;0.5355029702186584;1.0;0.0987548828125;0.8275862068965517
GYTL2T_2_615_2895_1127_3407;-1;3270;;[234, 186, 253, 201];0.0;227.0;0.0;;0.1812744140625;0.0
GYTL2T_2_820_2895_1332_3407;5858;-1;[0, 293, 7, 305];;42.0;0.0;0.0;1.0;0.0;0.0
GYTL2T_2_820_2895_1332_3407;5859;3313;[230, 120, 248, 148];[230, 120, 249, 149];145.0;280.0;0.5590062141418457;1.0;0.060089111328125;0.9147005444646098
GYTL2T_2_820_2895_1332_3407;-1;3312;;[28, 186, 47, 201];0.0;237.0;0.0;;0.190673828125;0.0
GYTL2T_2_1025_2895_1537_3407;5860;2650;[25, 120, 43, 148];[24, 120, 43, 147];145.0;279.0;0.550000011920929;1.0;0.085693359375;0.9152542372881356
GYTL2T_2_2460_2895_2972_3407;5861;3007;[326, 153, 369, 189];[326, 154, 369, 191];498.5;888.0;0.5758513808250427;1.0;0.75634765625;0.9210526315789473
GYTL2T_2_2460_2895_2972_3407;5862;-1;[499, 4, 512, 21];;109.0;0.0;0.0;1.0;0.0;0.0
GYTL2T_2_2460_2895_2972_3407;-1;3008;;[178, 244, 225, 271];0.0;917.0;0.0;;0.055816650390625;0.0
GYTL2T_2_2460_2895_2972_3407;-1;3009;;[362, 16, 379, 45];0.0;369.0;0.0;;0.01107025146484375;0.0
GYTL2T_2_2665_2895_3177_3407;5863;3067;[121, 153, 164, 189];[122, 154, 163, 191];498.5;877.0;0.574999988079071;1.0;0.73876953125;0.8803680981595092
GYTL2T_2_2665_2895_3177_3407;5864;3068;[294, 0, 326, 23];[294, 2, 325, 23];347.0;421.0;0.6876227855682373;1.0;0.607421875;0.8845108695652174
GYTL2T_2_2665_2895_3177_3407;-1;3069;;[158, 16, 175, 45];0.0;343.0;0.0;;0.0330810546875;0.0
GYTL2T_2_2870_2895_3382_3407;5865;-1;[373, 33, 400, 57];;373.0;0.0;0.0;1.0;0.0;0.0
GYTL2T_2_2870_2895_3382_3407;5866;3114;[89, 0, 121, 23];[90, 2, 121, 23];347.0;419.0;0.675146758556366;1.0;0.642578125;0.8845108695652174
GYTL2T_2_3075_2895_3587_3407;5867;-1;[168, 33, 195, 57];;373.0;0.0;0.0;1.0;0.0;0.0
